<?xml version="1.0"?>
<!--<!DOCTYPE metadata SYSTEM "http://www.esri.com/metadata/esriprof80.dtd">-->
<metadata xml:lang="pt"><Esri><CreaDate>20210129</CreaDate><CreaTime>12582800</CreaTime><SyncOnce>TRUE</SyncOnce><DataProperties><lineage><Process Name="Project_14" ToolSource="C:\Arquivos de programas\ArcGIS\ArcToolbox\Toolboxes\Data Management Tools.tbx\Project" Date="20070117" Time="093457">Project C:\temp\agf2shp\Munic\BAIRRO_2.shp C:\temp\agf2shp\Munic\Sad69\BAIRRO_2_Project.shp GEOGCS['GCS_South_American_1969',DATUM['D_South_American_1969',SPHEROID['GRS_1967_Truncated',6378160.0,298.25]],PRIMEM['Greenwich',0.0],UNIT['Degree',0.0174532925199433]] #</Process><Process Name="Append_1" ToolSource="C:\Arquivos de programas\ArcGIS\ArcToolbox\Toolboxes\Data Management Tools.tbx\Append" Date="20070117" Time="110245">Append C:\temp\agf2shp\Sad69\BAIRRO_1_Project.shp C:\temp\agf2shp\Sad69\BAIRRO_2_Project.shp TEST C:\temp\agf2shp\Sad69\BAIRRO_2_Project.shp</Process><Process Name="Project_1" ToolSource="C:\Arquivos de programas\ArcGIS\ArcToolbox\Toolboxes\Data Management Tools.tbx\Project" Date="20080804" Time="105351">Project E:\Geo\Shapes\Bairros\Bairros.shp "E:\Geo\Shapes\UTM SIRGAS\Bairros\Bairros.shp" PROJCS['SIRGAS_UTM_Zone_22S',GEOGCS['GCS_SIRGAS',DATUM['D_SIRGAS',SPHEROID['GRS_1980',6378137.0,298.257222101]],PRIMEM['Greenwich',0.0],UNIT['Degree',0.0174532925199433]],PROJECTION['Transverse_Mercator'],PARAMETER['False_Easting',500000.0],PARAMETER['False_Northing',10000000.0],PARAMETER['Central_Meridian',-51.0],PARAMETER['Scale_Factor',0.9996],PARAMETER['Latitude_Of_Origin',0.0],UNIT['Meter',1.0]] SAD_1969_To_WGS_1984_1;SIRGAS_To_WGS_1984_1</Process><Process ToolSource="c:\program files (x86)\arcgis\desktop10.2\ArcToolbox\Toolboxes\Data Management Tools.tbx\CalculateField" Date="20151007" Time="104229">CalculateField Bairros PARTS_ 0 VB #</Process><Process ToolSource="c:\program files (x86)\arcgis\desktop10.2\ArcToolbox\Toolboxes\Data Management Tools.tbx\CalculateField" Date="20151007" Time="104754">CalculateField Bairros PARTS_ 0 VB #</Process><Process ToolSource="c:\program files (x86)\arcgis\desktop10.2\ArcToolbox\Toolboxes\Data Management Tools.tbx\CalculateField" Date="20151007" Time="105623">CalculateField Bairros PARTS_ 0 VB #</Process><Process ToolSource="c:\program files (x86)\arcgis\desktop10.2\ArcToolbox\Toolboxes\Data Management Tools.tbx\CalculateField" Date="20151007" Time="112020">CalculateField Bairros PARTS_ 0 VB #</Process><Process ToolSource="c:\program files (x86)\arcgis\desktop10.2\ArcToolbox\Toolboxes\Data Management Tools.tbx\CalculateField" Date="20151007" Time="120247">CalculateField Bairros PARTS_ 0 VB #</Process><Process ToolSource="c:\program files (x86)\arcgis\desktop10.2\ArcToolbox\Toolboxes\Data Management Tools.tbx\CalculateField" Date="20151007" Time="121952">CalculateField Bairros PARTS_ 0 VB #</Process><Process ToolSource="c:\program files (x86)\arcgis\desktop10.2\ArcToolbox\Toolboxes\Data Management Tools.tbx\CalculateField" Date="20151007" Time="123918">CalculateField Bairros PARTS_ 0 VB #</Process><Process ToolSource="c:\program files (x86)\arcgis\desktop10.2\ArcToolbox\Toolboxes\Data Management Tools.tbx\CalculateField" Date="20151007" Time="125346">CalculateField Bairros PARTS_ 0 VB #</Process><Process ToolSource="c:\program files (x86)\arcgis\desktop10.2\ArcToolbox\Toolboxes\Data Management Tools.tbx\CalculateField" Date="20151007" Time="132840">CalculateField Bairros PARTS_ 0 VB #</Process><Process ToolSource="c:\program files (x86)\arcgis\desktop10.2\ArcToolbox\Toolboxes\Data Management Tools.tbx\CalculateField" Date="20151007" Time="133705">CalculateField Bairros PARTS_ 0 VB #</Process></lineage><itemProps><itemLocation><linkage Sync="TRUE">file://\\PC095058\C$\Geo\Trabalho\Canalizações\Bairros 2020</linkage><protocol Sync="TRUE">Local Area Network</protocol></itemLocation></itemProps><copyHistory><copy source="C:\Geo\Trabalho\Mapa 2020\Bairros 2020" dest="\\PC095058\C$\Geo\Trabalho\Canalizações\Bairros 2020" date="20201007" time="09354600"></copy></copyHistory></DataProperties><ArcGISFormat>1.0</ArcGISFormat></Esri><idinfo><citation><citeinfo><onlink Sync="TRUE">\\GEO192\Geo\Trabalho\BairrosCopy</onlink></citeinfo></citation></idinfo><distInfo><distributor><distorTran><onLineSrc><linkage Sync="TRUE">file://\\GEO192\Geo\Trabalho\BairrosCopy</linkage><protocol Sync="TRUE">Local Area Network</protocol></onLineSrc></distorTran></distributor></distInfo><dataqual><lineage><procstep><procdesc Sync="TRUE">Dataset copied.</procdesc><srcused Sync="TRUE"></srcused><date Sync="TRUE">20080804</date><time Sync="TRUE">10535100</time></procstep><procstep><procdesc Sync="TRUE">Dataset copied.</procdesc><srcused Sync="TRUE">D:\Geo\Trabalho\Bairros</srcused><procdate Sync="TRUE">20090723</procdate><proctime Sync="TRUE">08441400</proctime></procstep></lineage></dataqual></metadata>
