<metadata xml:lang="pt"><Esri><CreaDate>20180517</CreaDate><CreaTime>17334900</CreaTime><ArcGISFormat>1.0</ArcGISFormat><SyncOnce>FALSE</SyncOnce><DataProperties><lineage><Process ToolSource="c:\program files (x86)\arcgis\desktop10.0\ArcToolbox\Toolboxes\Data Management Tools.tbx\Analyze" Date="20180517" Time="173349">Analyze E:\GEODATA\WEBGEO\PGIS_webgeo2K.sde\GEO.PMSJP_PARCELAMENTO_SOLO\GEO.NUMERACAO_PREDIAL BUSINESS;FEATURE;ADDS;DELETES</Process><Process ToolSource="C:\Program Files (x86)\ArcGIS\Desktop10.0\ArcToolbox\Toolboxes\Data Management Tools.tbx\CalculateField" Date="20200116" Time="150714">CalculateField "Número Predial" FONTSIZE 4 VB #</Process><Process ToolSource="C:\Program Files (x86)\ArcGIS\Desktop10.0\ArcToolbox\Toolboxes\Conversion Tools.tbx\FeatureClassToFeatureClass" Date="20200302" Time="112612">FeatureClassToFeatureClass "Z:\conexoes\Consulta SIRGAS2000.sde\GEO.PMSJP_PARCELAMENTO_SOLO\GEO.NUMERACAO_PREDIAL" "C:\Users\mateus.leite\Documents\Testes - Num Predial" NumPredial.shp # "TEXTSTRING "TEXTSTRING" true true false 255 Text 0 0 ,First,#,Z:\conexoes\Consulta SIRGAS2000.sde\GEO.PMSJP_PARCELAMENTO_SOLO\GEO.NUMERACAO_PREDIAL,TEXTSTRING,-1,-1;FONTNAME "FONTNAME" true true false 255 Text 0 0 ,First,#,Z:\conexoes\Consulta SIRGAS2000.sde\GEO.PMSJP_PARCELAMENTO_SOLO\GEO.NUMERACAO_PREDIAL,FONTNAME,-1,-1;FONTSIZE "FONTSIZE" true true false 8 Double 8 38 ,First,#,Z:\conexoes\Consulta SIRGAS2000.sde\GEO.PMSJP_PARCELAMENTO_SOLO\GEO.NUMERACAO_PREDIAL,FONTSIZE,-1,-1;BOLD "Bold" true true false 2 Short 0 5 ,First,#,Z:\conexoes\Consulta SIRGAS2000.sde\GEO.PMSJP_PARCELAMENTO_SOLO\GEO.NUMERACAO_PREDIAL,BOLD,-1,-1;ITALIC "Italic" true true false 2 Short 0 5 ,First,#,Z:\conexoes\Consulta SIRGAS2000.sde\GEO.PMSJP_PARCELAMENTO_SOLO\GEO.NUMERACAO_PREDIAL,ITALIC,-1,-1;UNDERLINE "Underline" true true false 2 Short 0 5 ,First,#,Z:\conexoes\Consulta SIRGAS2000.sde\GEO.PMSJP_PARCELAMENTO_SOLO\GEO.NUMERACAO_PREDIAL,UNDERLINE,-1,-1;VERTICALAL "VerticalAlignment" true true false 2 Short 0 5 ,First,#,Z:\conexoes\Consulta SIRGAS2000.sde\GEO.PMSJP_PARCELAMENTO_SOLO\GEO.NUMERACAO_PREDIAL,VERTICALALIGNMENT,-1,-1;HORIZONTAL "HorizontalAlignment" true true false 2 Short 0 5 ,First,#,Z:\conexoes\Consulta SIRGAS2000.sde\GEO.PMSJP_PARCELAMENTO_SOLO\GEO.NUMERACAO_PREDIAL,HORIZONTALALIGNMENT,-1,-1;XOFFSET "XOFFSET" true true false 8 Double 8 38 ,First,#,Z:\conexoes\Consulta SIRGAS2000.sde\GEO.PMSJP_PARCELAMENTO_SOLO\GEO.NUMERACAO_PREDIAL,XOFFSET,-1,-1;YOFFSET "YOFFSET" true true false 8 Double 8 38 ,First,#,Z:\conexoes\Consulta SIRGAS2000.sde\GEO.PMSJP_PARCELAMENTO_SOLO\GEO.NUMERACAO_PREDIAL,YOFFSET,-1,-1;ANGLE "ANGLE" true true false 8 Double 8 38 ,First,#,Z:\conexoes\Consulta SIRGAS2000.sde\GEO.PMSJP_PARCELAMENTO_SOLO\GEO.NUMERACAO_PREDIAL,ANGLE,-1,-1;FONTLEADIN "FONTLEADING" true true false 8 Double 8 38 ,First,#,Z:\conexoes\Consulta SIRGAS2000.sde\GEO.PMSJP_PARCELAMENTO_SOLO\GEO.NUMERACAO_PREDIAL,FONTLEADING,-1,-1;WORDSPACIN "WORDSPACING" true true false 8 Double 8 38 ,First,#,Z:\conexoes\Consulta SIRGAS2000.sde\GEO.PMSJP_PARCELAMENTO_SOLO\GEO.NUMERACAO_PREDIAL,WORDSPACING,-1,-1;CHARACTERW "CHARACTERWIDTH" true true false 8 Double 8 38 ,First,#,Z:\conexoes\Consulta SIRGAS2000.sde\GEO.PMSJP_PARCELAMENTO_SOLO\GEO.NUMERACAO_PREDIAL,CHARACTERWIDTH,-1,-1;CHARACTERS "CHARACTERSPACING" true true false 8 Double 8 38 ,First,#,Z:\conexoes\Consulta SIRGAS2000.sde\GEO.PMSJP_PARCELAMENTO_SOLO\GEO.NUMERACAO_PREDIAL,CHARACTERSPACING,-1,-1;FLIPANGLE "FLIPANGLE" true true false 8 Double 8 38 ,First,#,Z:\conexoes\Consulta SIRGAS2000.sde\GEO.PMSJP_PARCELAMENTO_SOLO\GEO.NUMERACAO_PREDIAL,FLIPANGLE,-1,-1;OVERRIDE "Override" true true false 4 Long 0 10 ,First,#,Z:\conexoes\Consulta SIRGAS2000.sde\GEO.PMSJP_PARCELAMENTO_SOLO\GEO.NUMERACAO_PREDIAL,OVERRIDE,-1,-1" #</Process><Process ToolSource="C:\Program Files (x86)\ArcGIS\Desktop10.0\ArcToolbox\Toolboxes\Data Management Tools.tbx\FeatureToPoint" Date="20200302" Time="112927">FeatureToPoint NumPredial "C:\Users\mateus.leite\Documents\Testes - Num Predial\NumPredial_point.shp" INSIDE</Process><Process ToolSource="C:\Program Files (x86)\ArcGIS\Desktop10.0\ArcToolbox\Toolboxes\Data Management Tools.tbx\DeleteField" Date="20200302" Time="114035">DeleteField NumPredial_point FONTNAME;FONTSIZE;BOLD;ITALIC;UNDERLINE;VERTICALAL;HORIZONTAL;XOFFSET;YOFFSET;ANGLE;FONTLEADIN;WORDSPACIN;CHARACTERW;CHARACTERS;FLIPANGLE;OVERRIDE;ORIG_FID</Process><Process ToolSource="C:\Program Files (x86)\ArcGIS\Desktop10.0\ArcToolbox\Toolboxes\Data Management Tools.tbx\CalculateField" Date="20200302" Time="114136">CalculateField NumPredial_point Numero [TEXTSTRING] VB #</Process><Process ToolSource="C:\Program Files (x86)\ArcGIS\Desktop10.0\ArcToolbox\Toolboxes\Data Management Tools.tbx\DeleteField" Date="20200303" Time="150758">DeleteField NumPredial_point Numero</Process></lineage><itemProps><itemName Sync="TRUE">NumPredial_point</itemName><imsContentType Sync="TRUE">002</imsContentType><itemSize Sync="TRUE">0,000</itemSize><itemLocation><linkage Sync="TRUE">file://\\M02958\C$\Users\mateus.leite\Documents\Testes - Num Predial\NumPredial_point.shp</linkage><protocol Sync="TRUE">Local Area Network</protocol></itemLocation></itemProps><coordRef><type Sync="TRUE">Projected</type><geogcsn Sync="TRUE">GCS_SIRGAS_2000</geogcsn><projcsn Sync="TRUE">SIRGAS_2000_UTM_Zone_22S</projcsn><peXml Sync="TRUE">&lt;ProjectedCoordinateSystem xsi:type='typens:ProjectedCoordinateSystem' xmlns:xsi='http://www.w3.org/2001/XMLSchema-instance' xmlns:xs='http://www.w3.org/2001/XMLSchema' xmlns:typens='http://www.esri.com/schemas/ArcGIS/10.0'&gt;&lt;WKT&gt;PROJCS[&amp;quot;SIRGAS_2000_UTM_Zone_22S&amp;quot;,GEOGCS[&amp;quot;GCS_SIRGAS_2000&amp;quot;,DATUM[&amp;quot;D_SIRGAS_2000&amp;quot;,SPHEROID[&amp;quot;GRS_1980&amp;quot;,6378137.0,298.257222101]],PRIMEM[&amp;quot;Greenwich&amp;quot;,0.0],UNIT[&amp;quot;Degree&amp;quot;,0.0174532925199433]],PROJECTION[&amp;quot;Transverse_Mercator&amp;quot;],PARAMETER[&amp;quot;False_Easting&amp;quot;,500000.0],PARAMETER[&amp;quot;False_Northing&amp;quot;,10000000.0],PARAMETER[&amp;quot;Central_Meridian&amp;quot;,-51.0],PARAMETER[&amp;quot;Scale_Factor&amp;quot;,0.9996],PARAMETER[&amp;quot;Latitude_Of_Origin&amp;quot;,0.0],UNIT[&amp;quot;Meter&amp;quot;,1.0],AUTHORITY[&amp;quot;EPSG&amp;quot;,31982]]&lt;/WKT&gt;&lt;XOrigin&gt;-5120900&lt;/XOrigin&gt;&lt;YOrigin&gt;1900&lt;/YOrigin&gt;&lt;XYScale&gt;450445547.3910538&lt;/XYScale&gt;&lt;ZOrigin&gt;-100000&lt;/ZOrigin&gt;&lt;ZScale&gt;10000&lt;/ZScale&gt;&lt;MOrigin&gt;-100000&lt;/MOrigin&gt;&lt;MScale&gt;10000&lt;/MScale&gt;&lt;XYTolerance&gt;0.001&lt;/XYTolerance&gt;&lt;ZTolerance&gt;0.001&lt;/ZTolerance&gt;&lt;MTolerance&gt;0.001&lt;/MTolerance&gt;&lt;HighPrecision&gt;true&lt;/HighPrecision&gt;&lt;WKID&gt;31982&lt;/WKID&gt;&lt;/ProjectedCoordinateSystem&gt;</peXml></coordRef></DataProperties><SyncDate>20200302</SyncDate><SyncTime>11284900</SyncTime><ModDate>20200302</ModDate><ModTime>11284900</ModTime></Esri><dataIdInfo><envirDesc Sync="TRUE">Microsoft Windows Server 2008 R2 Version 6.1 (Build 7601) Service Pack 1; ESRI ArcGIS 10.0.0.2414</envirDesc><dataLang><languageCode value="por" country="BRA"></languageCode></dataLang><idCitation><resTitle Sync="TRUE">NumPredial_point</resTitle><presForm><PresFormCd value="005"></PresFormCd></presForm></idCitation><descKeys><thesaName uuidref="723f6998-058e-11dc-8314-0800200c9a66"></thesaName><keyword Sync="TRUE">002</keyword></descKeys><spatRpType><SpatRepTypCd value="001"></SpatRepTypCd></spatRpType></dataIdInfo><mdLang><languageCode value="por"></languageCode></mdLang><distInfo><distFormat><formatName Sync="TRUE">Shapefile</formatName></distFormat><distTranOps><transSize Sync="TRUE">0,000</transSize></distTranOps></distInfo><mdHrLv><ScopeCd value="005"></ScopeCd></mdHrLv><mdHrLvName Sync="TRUE">dataset</mdHrLvName><refSysInfo><RefSystem><refSysID><identCode code="31982"></identCode><idCodeSpace Sync="TRUE">EPSG</idCodeSpace><idVersion Sync="TRUE">7.4.1</idVersion></refSysID></RefSystem></refSysInfo><spdoinfo><ptvctinf><esriterm Name="NumPredial_point"><efeatyp Sync="TRUE">Simple</efeatyp><efeageom Sync="TRUE">1</efeageom><esritopo Sync="TRUE">FALSE</esritopo><efeacnt Sync="TRUE">0</efeacnt><spindex Sync="TRUE">FALSE</spindex><linrefer Sync="TRUE">FALSE</linrefer></esriterm></ptvctinf></spdoinfo><spatRepInfo><VectSpatRep><topLvl><TopoLevCd value="001"></TopoLevCd></topLvl><geometObjs><geoObjTyp><GeoObjTypCd value="004"></GeoObjTypCd><geoObjCnt Sync="TRUE">0</geoObjCnt></geoObjTyp></geometObjs></VectSpatRep></spatRepInfo><eainfo><detailed Name="NumPredial_point"><enttyp><enttypl Sync="TRUE">NumPredial_point</enttypl><enttypt Sync="TRUE">Feature Class</enttypt><enttypc Sync="TRUE">0</enttypc></enttyp><attr><attrlabl Sync="TRUE">FID</attrlabl><attalias Sync="TRUE">FID</attalias><attrtype Sync="TRUE">OID</attrtype><attwidth Sync="TRUE">4</attwidth><atprecis Sync="TRUE">0</atprecis><attscale Sync="TRUE">0</attscale><attrdef Sync="TRUE">Internal feature number.</attrdef><attrdefs Sync="TRUE">ESRI</attrdefs><attrdomv><udom Sync="TRUE">Sequential unique whole numbers that are automatically generated.</udom></attrdomv></attr><attr><attrlabl Sync="TRUE">Shape</attrlabl><attalias Sync="TRUE">Shape</attalias><attrtype Sync="TRUE">Geometry</attrtype><attwidth Sync="TRUE">0</attwidth><atprecis Sync="TRUE">0</atprecis><attscale Sync="TRUE">0</attscale><attrdef Sync="TRUE">Feature geometry.</attrdef><attrdefs Sync="TRUE">ESRI</attrdefs><attrdomv><udom Sync="TRUE">Coordinates defining the features.</udom></attrdomv></attr><attr><attrlabl Sync="TRUE">TEXTSTRING</attrlabl><attalias Sync="TRUE">TEXTSTRING</attalias><attrtype Sync="TRUE">String</attrtype><attwidth Sync="TRUE">254</attwidth><atprecis Sync="TRUE">0</atprecis><attscale Sync="TRUE">0</attscale></attr><attr><attrlabl Sync="TRUE">FONTNAME</attrlabl><attalias Sync="TRUE">FONTNAME</attalias><attrtype Sync="TRUE">String</attrtype><attwidth Sync="TRUE">254</attwidth><atprecis Sync="TRUE">0</atprecis><attscale Sync="TRUE">0</attscale></attr><attr><attrlabl Sync="TRUE">FONTSIZE</attrlabl><attalias Sync="TRUE">FONTSIZE</attalias><attrtype Sync="TRUE">Double</attrtype><attwidth Sync="TRUE">19</attwidth><atprecis Sync="TRUE">18</atprecis><attscale Sync="TRUE">8</attscale></attr><attr><attrlabl Sync="TRUE">BOLD</attrlabl><attalias Sync="TRUE">BOLD</attalias><attrtype Sync="TRUE">Integer</attrtype><attwidth Sync="TRUE">5</attwidth><atprecis Sync="TRUE">5</atprecis><attscale Sync="TRUE">0</attscale></attr><attr><attrlabl Sync="TRUE">ITALIC</attrlabl><attalias Sync="TRUE">ITALIC</attalias><attrtype Sync="TRUE">Integer</attrtype><attwidth Sync="TRUE">5</attwidth><atprecis Sync="TRUE">5</atprecis><attscale Sync="TRUE">0</attscale></attr><attr><attrlabl Sync="TRUE">UNDERLINE</attrlabl><attalias Sync="TRUE">UNDERLINE</attalias><attrtype Sync="TRUE">Integer</attrtype><attwidth Sync="TRUE">5</attwidth><atprecis Sync="TRUE">5</atprecis><attscale Sync="TRUE">0</attscale></attr><attr><attrlabl Sync="TRUE">VERTICALAL</attrlabl><attalias Sync="TRUE">VERTICALAL</attalias><attrtype Sync="TRUE">Integer</attrtype><attwidth Sync="TRUE">5</attwidth><atprecis Sync="TRUE">5</atprecis><attscale Sync="TRUE">0</attscale></attr><attr><attrlabl Sync="TRUE">HORIZONTAL</attrlabl><attalias Sync="TRUE">HORIZONTAL</attalias><attrtype Sync="TRUE">Integer</attrtype><attwidth Sync="TRUE">5</attwidth><atprecis Sync="TRUE">5</atprecis><attscale Sync="TRUE">0</attscale></attr><attr><attrlabl Sync="TRUE">XOFFSET</attrlabl><attalias Sync="TRUE">XOFFSET</attalias><attrtype Sync="TRUE">Double</attrtype><attwidth Sync="TRUE">19</attwidth><atprecis Sync="TRUE">18</atprecis><attscale Sync="TRUE">8</attscale></attr><attr><attrlabl Sync="TRUE">YOFFSET</attrlabl><attalias Sync="TRUE">YOFFSET</attalias><attrtype Sync="TRUE">Double</attrtype><attwidth Sync="TRUE">19</attwidth><atprecis Sync="TRUE">18</atprecis><attscale Sync="TRUE">8</attscale></attr><attr><attrlabl Sync="TRUE">ANGLE</attrlabl><attalias Sync="TRUE">ANGLE</attalias><attrtype Sync="TRUE">Double</attrtype><attwidth Sync="TRUE">19</attwidth><atprecis Sync="TRUE">18</atprecis><attscale Sync="TRUE">8</attscale></attr><attr><attrlabl Sync="TRUE">FONTLEADIN</attrlabl><attalias Sync="TRUE">FONTLEADIN</attalias><attrtype Sync="TRUE">Double</attrtype><attwidth Sync="TRUE">19</attwidth><atprecis Sync="TRUE">18</atprecis><attscale Sync="TRUE">8</attscale></attr><attr><attrlabl Sync="TRUE">WORDSPACIN</attrlabl><attalias Sync="TRUE">WORDSPACIN</attalias><attrtype Sync="TRUE">Double</attrtype><attwidth Sync="TRUE">19</attwidth><atprecis Sync="TRUE">18</atprecis><attscale Sync="TRUE">8</attscale></attr><attr><attrlabl Sync="TRUE">CHARACTERW</attrlabl><attalias Sync="TRUE">CHARACTERW</attalias><attrtype Sync="TRUE">Double</attrtype><attwidth Sync="TRUE">19</attwidth><atprecis Sync="TRUE">18</atprecis><attscale Sync="TRUE">8</attscale></attr><attr><attrlabl Sync="TRUE">CHARACTERS</attrlabl><attalias Sync="TRUE">CHARACTERS</attalias><attrtype Sync="TRUE">Double</attrtype><attwidth Sync="TRUE">19</attwidth><atprecis Sync="TRUE">18</atprecis><attscale Sync="TRUE">8</attscale></attr><attr><attrlabl Sync="TRUE">FLIPANGLE</attrlabl><attalias Sync="TRUE">FLIPANGLE</attalias><attrtype Sync="TRUE">Double</attrtype><attwidth Sync="TRUE">19</attwidth><atprecis Sync="TRUE">18</atprecis><attscale Sync="TRUE">8</attscale></attr><attr><attrlabl Sync="TRUE">OVERRIDE</attrlabl><attalias Sync="TRUE">OVERRIDE</attalias><attrtype Sync="TRUE">Double</attrtype><attwidth Sync="TRUE">10</attwidth><atprecis Sync="TRUE">10</atprecis><attscale Sync="TRUE">0</attscale></attr><attr><attrlabl Sync="TRUE">ORIG_FID</attrlabl><attalias Sync="TRUE">ORIG_FID</attalias><attrtype Sync="TRUE">Integer</attrtype><attwidth Sync="TRUE">9</attwidth><atprecis Sync="TRUE">9</atprecis><attscale Sync="TRUE">0</attscale></attr></detailed></eainfo><mdDateSt Sync="TRUE">20200302</mdDateSt></metadata>
