<metadata xml:lang="pt"><Esri><CreaDate>20160914</CreaDate><CreaTime>17501100</CreaTime><ArcGISFormat>1.0</ArcGISFormat><SyncOnce>FALSE</SyncOnce><DataProperties><itemProps><itemName Sync="TRUE">logradouros</itemName><imsContentType Sync="TRUE">002</imsContentType><itemLocation><linkage Sync="TRUE">file://\\ARCGIS-PROD\C$\temp\camadas\logradouros.shp</linkage><protocol Sync="TRUE">Local Area Network</protocol></itemLocation><nativeExtBox><westBL Sync="TRUE">-85664.864700</westBL><eastBL Sync="TRUE">623569.455800</eastBL><southBL Sync="TRUE">6583983.294100</southBL><northBL Sync="TRUE">6992701.780100</northBL><exTypeCode Sync="TRUE">1</exTypeCode></nativeExtBox><itemSize Sync="TRUE">0.000</itemSize></itemProps><coordRef><type Sync="TRUE">Projected</type><geogcsn Sync="TRUE">GCS_SIRGAS_2000</geogcsn><csUnits Sync="TRUE">Linear Unit: Meter (1.000000)</csUnits><projcsn Sync="TRUE">SIRGAS_2000_UTM_Zone_22S</projcsn><peXml Sync="TRUE">&lt;ProjectedCoordinateSystem xsi:type='typens:ProjectedCoordinateSystem' xmlns:xsi='http://www.w3.org/2001/XMLSchema-instance' xmlns:xs='http://www.w3.org/2001/XMLSchema' xmlns:typens='http://www.esri.com/schemas/ArcGIS/10.7'&gt;&lt;WKT&gt;PROJCS[&amp;quot;SIRGAS_2000_UTM_Zone_22S&amp;quot;,GEOGCS[&amp;quot;GCS_SIRGAS_2000&amp;quot;,DATUM[&amp;quot;D_SIRGAS_2000&amp;quot;,SPHEROID[&amp;quot;GRS_1980&amp;quot;,6378137.0,298.257222101]],PRIMEM[&amp;quot;Greenwich&amp;quot;,0.0],UNIT[&amp;quot;Degree&amp;quot;,0.0174532925199433]],PROJECTION[&amp;quot;Transverse_Mercator&amp;quot;],PARAMETER[&amp;quot;False_Easting&amp;quot;,500000.0],PARAMETER[&amp;quot;False_Northing&amp;quot;,10000000.0],PARAMETER[&amp;quot;Central_Meridian&amp;quot;,-51.0],PARAMETER[&amp;quot;Scale_Factor&amp;quot;,0.9996],PARAMETER[&amp;quot;Latitude_Of_Origin&amp;quot;,0.0],UNIT[&amp;quot;Meter&amp;quot;,1.0],AUTHORITY[&amp;quot;EPSG&amp;quot;,31982]]&lt;/WKT&gt;&lt;XOrigin&gt;-5120900&lt;/XOrigin&gt;&lt;YOrigin&gt;1900&lt;/YOrigin&gt;&lt;XYScale&gt;450445547.3910538&lt;/XYScale&gt;&lt;ZOrigin&gt;-100000&lt;/ZOrigin&gt;&lt;ZScale&gt;10000&lt;/ZScale&gt;&lt;MOrigin&gt;-100000&lt;/MOrigin&gt;&lt;MScale&gt;10000&lt;/MScale&gt;&lt;XYTolerance&gt;0.001&lt;/XYTolerance&gt;&lt;ZTolerance&gt;0.001&lt;/ZTolerance&gt;&lt;MTolerance&gt;0.001&lt;/MTolerance&gt;&lt;HighPrecision&gt;true&lt;/HighPrecision&gt;&lt;WKID&gt;31982&lt;/WKID&gt;&lt;LatestWKID&gt;31982&lt;/LatestWKID&gt;&lt;/ProjectedCoordinateSystem&gt;</peXml></coordRef><lineage><Process ToolSource="c:\program files (x86)\arcgis\desktop10.4\ArcToolbox\Toolboxes\Data Management Tools.tbx\CalculateField" Date="20161118" Time="092511" Name="" export="">CalculateField gisdb.gis.Eixo_arruamento NR_COD_LOGRADOURO [id] VB #</Process><Process ToolSource="c:\program files (x86)\arcgis\desktop10.6\ArcToolbox\Toolboxes\Conversion Tools.tbx\FeatureClassToFeatureClass" Date="20190528" Time="121050">FeatureClassToFeatureClass "Database Connections\Connection to gis.novohamburgo.rs.gov.br.sde\gisdb.gis.Cartografia\gisdb.gis.Eixo_arruamento" C:\arcgis\GIS\base_teste.gdb\Localize Ruas_2 # "nome "Nome" true true false 100 Text 0 0 ,First,#,Database Connections\Connection to gis.novohamburgo.rs.gov.br.sde\gisdb.gis.Cartografia\gisdb.gis.Eixo_arruamento,nome,-1,-1;pav_2006 "pav_2006" true true false 50 Text 0 0 ,First,#,Database Connections\Connection to gis.novohamburgo.rs.gov.br.sde\gisdb.gis.Cartografia\gisdb.gis.Eixo_arruamento,pav_2006,-1,-1;createdon "createdon" true true true 8 Date 0 0 ,First,#,Database Connections\Connection to gis.novohamburgo.rs.gov.br.sde\gisdb.gis.Cartografia\gisdb.gis.Eixo_arruamento,createdon,-1,-1;modifiedon "modifiedon" true true true 8 Date 0 0 ,First,#,Database Connections\Connection to gis.novohamburgo.rs.gov.br.sde\gisdb.gis.Cartografia\gisdb.gis.Eixo_arruamento,modifiedon,-1,-1;createdby "createdby" true true true 200 Text 0 0 ,First,#,Database Connections\Connection to gis.novohamburgo.rs.gov.br.sde\gisdb.gis.Cartografia\gisdb.gis.Eixo_arruamento,createdby,-1,-1;modifiedby "modifiedby" true true true 200 Text 0 0 ,First,#,Database Connections\Connection to gis.novohamburgo.rs.gov.br.sde\gisdb.gis.Cartografia\gisdb.gis.Eixo_arruamento,modifiedby,-1,-1;modifiedbyhost "modifiedbyhost" true true false 255 Text 0 0 ,First,#,Database Connections\Connection to gis.novohamburgo.rs.gov.br.sde\gisdb.gis.Cartografia\gisdb.gis.Eixo_arruamento,modifiedbyhost,-1,-1;sessionid "sessionid" true true false 255 Text 0 0 ,First,#,Database Connections\Connection to gis.novohamburgo.rs.gov.br.sde\gisdb.gis.Cartografia\gisdb.gis.Eixo_arruamento,sessionid,-1,-1;globalid "globalid" false false false 38 GlobalID 0 0 ,First,#,Database Connections\Connection to gis.novohamburgo.rs.gov.br.sde\gisdb.gis.Cartografia\gisdb.gis.Eixo_arruamento,globalid,-1,-1;st_tipo "TIPO" true true false 2 Short 0 5 ,First,#,Database Connections\Connection to gis.novohamburgo.rs.gov.br.sde\gisdb.gis.Cartografia\gisdb.gis.Eixo_arruamento,st_tipo,-1,-1;cd_pavimetacao "Pavimentação" true true false 2 Short 0 5 ,First,#,Database Connections\Connection to gis.novohamburgo.rs.gov.br.sde\gisdb.gis.Cartografia\gisdb.gis.Eixo_arruamento,cd_pavimetacao,-1,-1;nr_cod_logradouro "Código do Logradouro" true true false 4 Long 0 10 ,First,#,Database Connections\Connection to gis.novohamburgo.rs.gov.br.sde\gisdb.gis.Cartografia\gisdb.gis.Eixo_arruamento,nr_cod_logradouro,-1,-1;tp_sistema_viarios "Sistema Viário" true true false 2 Short 0 5 ,First,#,Database Connections\Connection to gis.novohamburgo.rs.gov.br.sde\gisdb.gis.Cartografia\gisdb.gis.Eixo_arruamento,tp_sistema_viarios,-1,-1;st_length(shape) "st_length(shape)" false false true 0 Double 0 0 ,First,#,Database Connections\Connection to gis.novohamburgo.rs.gov.br.sde\gisdb.gis.Cartografia\gisdb.gis.Eixo_arruamento,st_length(shape),-1,-1" #</Process><Process ToolSource="c:\program files (x86)\arcgis\desktop10.6\ArcToolbox\Toolboxes\Conversion Tools.tbx\FeatureClassToFeatureClass" Date="20190611" Time="155238">FeatureClassToFeatureClass C:\arcgis\GIS\base_teste.gdb\Localize\Ruas_2 S:\cadig\GDB\Lucas.gdb\Camadas_para_exportar Ruas_corrigidas # "nome "Nome" true true false 100 Text 0 0 ,First,#,C:\arcgis\GIS\base_teste.gdb\Localize\Ruas_2,nome,-1,-1;globalid "globalid" false false false 38 GlobalID 0 0 ,First,#,C:\arcgis\GIS\base_teste.gdb\Localize\Ruas_2,globalid,-1,-1;st_tipo "TIPO" true true false 2 Short 0 0 ,First,#,C:\arcgis\GIS\base_teste.gdb\Localize\Ruas_2,st_tipo,-1,-1;cd_pavimetacao "Pavimentação" true true false 2 Short 0 0 ,First,#,C:\arcgis\GIS\base_teste.gdb\Localize\Ruas_2,cd_pavimetacao,-1,-1;nr_cod_logradouro "Código do Logradouro" true true false 4 Long 0 0 ,First,#,C:\arcgis\GIS\base_teste.gdb\Localize\Ruas_2,nr_cod_logradouro,-1,-1;tp_sistema_viarios "Sistema Viário" true true false 2 Short 0 0 ,First,#,C:\arcgis\GIS\base_teste.gdb\Localize\Ruas_2,tp_sistema_viarios,-1,-1;Shape_Length "Shape_Length" false true true 8 Double 0 0 ,First,#,C:\arcgis\GIS\base_teste.gdb\Localize\Ruas_2,Shape_Length,-1,-1" #</Process><Process ToolSource="c:\program files (x86)\arcgis\desktop10.6\ArcToolbox\Toolboxes\Conversion Tools.tbx\FeatureClassToFeatureClass" Date="20190612" Time="065144">FeatureClassToFeatureClass S:\cadig\GDB\Lucas.gdb\Camadas_para_exportar\Ruas_corrigidas "Conexões do Banco de Dados\Conexão ao gis.novohamburgo.rs.gov.br.sde\gisdb.gis.Cartografia" Ruas # "nome "Nome" true true false 100 Text 0 0 ,First,#,S:\cadig\GDB\Lucas.gdb\Camadas_para_exportar\Ruas_corrigidas,nome,-1,-1;globalid "globalid" false false false 38 GlobalID 0 0 ,First,#,S:\cadig\GDB\Lucas.gdb\Camadas_para_exportar\Ruas_corrigidas,globalid,-1,-1;st_tipo "TIPO" true true false 2 Short 0 0 ,First,#,S:\cadig\GDB\Lucas.gdb\Camadas_para_exportar\Ruas_corrigidas,st_tipo,-1,-1;cd_pavimetacao "Pavimentação" true true false 2 Short 0 0 ,First,#,S:\cadig\GDB\Lucas.gdb\Camadas_para_exportar\Ruas_corrigidas,cd_pavimetacao,-1,-1;nr_cod_logradouro "Código do Logradouro" true true false 4 Long 0 0 ,First,#,S:\cadig\GDB\Lucas.gdb\Camadas_para_exportar\Ruas_corrigidas,nr_cod_logradouro,-1,-1;tp_sistema_viarios "Sistema Viário" true true false 2 Short 0 0 ,First,#,S:\cadig\GDB\Lucas.gdb\Camadas_para_exportar\Ruas_corrigidas,tp_sistema_viarios,-1,-1;Shape_Length "Shape_Length" false true true 8 Double 0 0 ,First,#,S:\cadig\GDB\Lucas.gdb\Camadas_para_exportar\Ruas_corrigidas,Shape_Length,-1,-1" #</Process><Process ToolSource="c:\program files (x86)\arcgis\desktop10.6\ArcToolbox\Toolboxes\Conversion Tools.tbx\FeatureClassToFeatureClass" Date="20190614" Time="120943">FeatureClassToFeatureClass Ruas C:\Users\ricardo11\Desktop\GIS\Ricardo11.gdb ruas_teste # "nome "Nome" true true false 100 Text 0 0 ,First,#,Ruas,nome,-1,-1;globalid "globalid" false false false 38 GlobalID 0 0 ,First,#,Ruas,globalid,-1,-1;st_tipo "TIPO" true true false 2 Short 0 5 ,First,#,Ruas,st_tipo,-1,-1;cd_pavimetacao "Pavimentação" true true false 2 Short 0 5 ,First,#,Ruas,cd_pavimetacao,-1,-1;nr_cod_logradouro "Código do Logradouro" true true false 4 Long 0 10 ,First,#,Ruas,nr_cod_logradouro,-1,-1;tp_sistema_viarios "Sistema Viário" true true false 2 Short 0 5 ,First,#,Ruas,tp_sistema_viarios,-1,-1;st_length_shape_ "st_length_shape_" false true true 0 Double 0 0 ,First,#,Ruas,st_length(shape),-1,-1" #</Process><Process ToolSource="c:\program files (x86)\arcgis\desktop10.6\ArcToolbox\Toolboxes\Data Management Tools.tbx\SplitLineAtPoint" Date="20190614" Time="121759">SplitLineAtPoint ruas_teste ruas_teste_FeatureVerticesTo C:\Users\ricardo11\Desktop\GIS\Ricardo11.gdb\ruas_teste_SplitLineAtPoint #</Process><Process ToolSource="c:\program files (x86)\arcgis\desktop10.6\ArcToolbox\Toolboxes\Conversion Tools.tbx\FeatureClassToFeatureClass" Date="20190614" Time="122756">FeatureClassToFeatureClass ruas_teste_SplitLineAtPoint S:\cadig\GDB\Lucas.gdb Ruas_splited_point # "nome "Nome" true true false 100 Text 0 0 ,First,#,ruas_teste_SplitLineAtPoint,nome,-1,-1;st_tipo "TIPO" true true false 2 Short 0 0 ,First,#,ruas_teste_SplitLineAtPoint,st_tipo,-1,-1;cd_pavimetacao "Pavimentação" true true false 2 Short 0 0 ,First,#,ruas_teste_SplitLineAtPoint,cd_pavimetacao,-1,-1;nr_cod_logradouro "Código do Logradouro" true true false 4 Long 0 0 ,First,#,ruas_teste_SplitLineAtPoint,nr_cod_logradouro,-1,-1;tp_sistema_viarios "Sistema Viário" true true false 2 Short 0 0 ,First,#,ruas_teste_SplitLineAtPoint,tp_sistema_viarios,-1,-1;Shape_Length "Shape_Length" false true true 8 Double 0 0 ,First,#,ruas_teste_SplitLineAtPoint,Shape_Length,-1,-1" #</Process><Process ToolSource="c:\program files (x86)\arcgis\desktop10.6\ArcToolbox\Toolboxes\Conversion Tools.tbx\FeatureClassToFeatureClass" Date="20190624" Time="071103">FeatureClassToFeatureClass S:\cadig\GDB\Lucas.gdb\Camadas_para_exportar\Ruas_splited_point "Database Connections\Conexão ao gis.novohamburgo.rs.gov.br.sde\gisdb.gis.Cartografia" Ruas # "nome "Nome" true true false 100 Text 0 0 ,First,#,S:\cadig\GDB\Lucas.gdb\Camadas_para_exportar\Ruas_splited_point,nome,-1,-1;st_tipo "TIPO" true true false 2 Short 0 0 ,First,#,S:\cadig\GDB\Lucas.gdb\Camadas_para_exportar\Ruas_splited_point,st_tipo,-1,-1;cd_pavimetacao "Pavimentação" true true false 2 Short 0 0 ,First,#,S:\cadig\GDB\Lucas.gdb\Camadas_para_exportar\Ruas_splited_point,cd_pavimetacao,-1,-1;nr_cod_logradouro "Código do Logradouro" true true false 4 Long 0 0 ,First,#,S:\cadig\GDB\Lucas.gdb\Camadas_para_exportar\Ruas_splited_point,nr_cod_logradouro,-1,-1;tp_sistema_viarios "Sistema Viário" true true false 2 Short 0 0 ,First,#,S:\cadig\GDB\Lucas.gdb\Camadas_para_exportar\Ruas_splited_point,tp_sistema_viarios,-1,-1;Shape_Length "Shape_Length" false true true 8 Double 0 0 ,First,#,S:\cadig\GDB\Lucas.gdb\Camadas_para_exportar\Ruas_splited_point,Shape_Length,-1,-1" #</Process><Process Name="ExtractDataVerificaLimites" ToolSource="S:\geoprocessamento\SigNH\ExtractDataSigNH\ExtractDataComLimite.tbx\ExtractDataVerificaLimites" Date="20210923" Time="134355">ExtractDataVerificaLimites "Feature Set" 'Pontos de Interesse';'Instituicoes de Ensino';Saude;'Hidrografia Secundaria';'Marcos Geodesicos';Zoneamento;IPHAN_IPHAE;'Areas Especiais';'Interesse de Tombamento';Logradouros;Edificacoes;'Fracao de Lote';Lotes;Bairros;'Curvas de Nivel Primarias';'Curvas de Nivel Secundarias'</Process><Process Name="ExtractDataVerificaLimites" ToolSource="S:\geoprocessamento\SigNH\ExtractDataSigNH\ExtractDataComLimite.tbx\ExtractDataVerificaLimites" Date="20210923" Time="171508">ExtractDataVerificaLimites "Feature Set" 'Pontos de Interesse';'Instituicoes de Ensino';Saude;'Hidrografia Secundaria';'Marcos Geodesicos';Zoneamento;IPHAN_IPHAE;'Areas Especiais';'Interesse de Tombamento';Logradouros;Edificacoes;'Fracao de Lote';Lotes;Bairros;'Curvas de Nivel Primarias';'Curvas de Nivel Secundarias'</Process><Process Name="ExtractDataVerificaLimites" ToolSource="S:\geoprocessamento\SigNH\ExtractDataSigNH\ExtractDataComLimite.tbx\ExtractDataVerificaLimites" Date="20210923" Time="173344">ExtractDataVerificaLimites "Feature Set" 'Pontos de Interesse';'Instituicoes de Ensino';Saude;'Hidrografia Secundaria';'Marcos Geodesicos';Zoneamento;IPHAN_IPHAE;'Areas Especiais';'Interesse de Tombamento';Logradouros;Edificacoes;'Fracao de Lote';Lotes;Bairros;'Curvas de Nivel Primarias';'Curvas de Nivel Secundarias'</Process><Process Name="ExtractDataVerificaLimites" ToolSource="S:\geoprocessamento\SigNH\ExtractDataSigNH\ExtractDataComLimite.tbx\ExtractDataVerificaLimites" Date="20210923" Time="173850">ExtractDataVerificaLimites "Feature Set" 'Pontos de Interesse';'Instituicoes de Ensino';Saude;'Hidrografia Secundaria';'Marcos Geodesicos';Zoneamento;IPHAN_IPHAE;'Areas Especiais';'Interesse de Tombamento';Logradouros;'Fracao de Lote';Bairros</Process><Process Name="ExtractDataVerificaLimites" ToolSource="S:\geoprocessamento\SigNH\ExtractDataSigNH\ExtractDataComLimite.tbx\ExtractDataVerificaLimites" Date="20210923" Time="173955">ExtractDataVerificaLimites "Feature Set" 'Pontos de Interesse';'Instituicoes de Ensino';Saude;'Hidrografia Secundaria';'Marcos Geodesicos';Zoneamento;IPHAN_IPHAE;'Areas Especiais';'Interesse de Tombamento';Logradouros;'Fracao de Lote';Bairros;'Curvas de Nivel Primarias'</Process><Process Name="ExtractDataVerificaLimites" ToolSource="S:\geoprocessamento\SigNH\ExtractDataSigNH\ExtractDataComLimite.tbx\ExtractDataVerificaLimites" Date="20210924" Time="123257">ExtractDataVerificaLimites "Feature Set" 'Pontos de Interesse';'Instituicoes de Ensino';Saude;'Hidrografia Secundaria';'Marcos Geodesicos';Zoneamento;IPHAN_IPHAE;'Areas Especiais';'Interesse de Tombamento';Logradouros;Edificacoes;'Fracao de Lote';Lotes;Bairros;'Curvas de Nivel Primarias';'Curvas de Nivel Secundarias'</Process><Process Name="ExtractDataVerificaLimites" ToolSource="S:\geoprocessamento\SigNH\ExtractDataSigNH\ExtractDataComLimite.tbx\ExtractDataVerificaLimites" Date="20210927" Time="085228">ExtractDataVerificaLimites "Feature Set" 'Pontos de Interesse';'Instituicoes de Ensino';Saude;'Hidrografia Secundaria';'Marcos Geodesicos';Zoneamento;IPHAN_IPHAE;'Areas Especiais';'Interesse de Tombamento';Logradouros;Edificacoes;'Fracao de Lote';Lotes;Bairros;'Curvas de Nivel Primarias';'Curvas de Nivel Secundarias'</Process><Process Name="ExtractDataVerificaLimites" ToolSource="S:\geoprocessamento\SigNH\ExtractDataSigNH\ExtractDataComLimite.tbx\ExtractDataVerificaLimites" Date="20210927" Time="085316">ExtractDataVerificaLimites "Feature Set" 'Pontos de Interesse';'Instituicoes de Ensino';Saude;'Hidrografia Secundaria';'Marcos Geodesicos';Zoneamento;IPHAN_IPHAE;'Areas Especiais';'Interesse de Tombamento';Logradouros;Edificacoes;'Fracao de Lote';Lotes;Bairros;'Curvas de Nivel Primarias';'Curvas de Nivel Secundarias'</Process><Process Name="ExtractDataVerificaLimites" ToolSource="S:\geoprocessamento\SigNH\ExtractDataSigNH\ExtractDataComLimite.tbx\ExtractDataVerificaLimites" Date="20210927" Time="092710">ExtractDataVerificaLimites "Feature Set" 'Pontos de Interesse';'Instituicoes de Ensino';Saude;'Hidrografia Secundaria';'Marcos Geodesicos';Zoneamento;IPHAN_IPHAE;'Areas Especiais';'Interesse de Tombamento';Logradouros;Edificacoes;'Fracao de Lote';Lotes;Bairros;'Curvas de Nivel Primarias';'Curvas de Nivel Secundarias'</Process><Process Name="ExtractDataVerificaLimites" ToolSource="S:\geoprocessamento\SigNH\ExtractDataSigNH\ExtractDataComLimite.tbx\ExtractDataVerificaLimites" Date="20210927" Time="100204">ExtractDataVerificaLimites "Feature Set" 'Pontos de Interesse';'Instituicoes de Ensino';Saude;'Hidrografia Secundaria';'Marcos Geodesicos';Zoneamento;IPHAN_IPHAE;'Areas Especiais';'Interesse de Tombamento';Logradouros;Edificacoes;'Fracao de Lote';Lotes;Bairros;'Curvas de Nivel Primarias';'Curvas de Nivel Secundarias'</Process><Process Name="ExtractDataVerificaLimites" ToolSource="S:\geoprocessamento\SigNH\ExtractDataSigNH\ExtractDataComLimite.tbx\ExtractDataVerificaLimites" Date="20210927" Time="111709">ExtractDataVerificaLimites "Feature Set" 'Pontos de Interesse';'Instituicoes de Ensino';Saude;'Hidrografia Secundaria';'Marcos Geodesicos';Zoneamento;IPHAN_IPHAE;'Areas Especiais';'Interesse de Tombamento';Logradouros;Edificacoes;'Fracao de Lote';Lotes;Bairros;'Curvas de Nivel Primarias';'Curvas de Nivel Secundarias'</Process><Process Name="ExtractDataVerificaLimites" ToolSource="S:\geoprocessamento\SigNH\ExtractDataSigNH\ExtractDataComLimite.tbx\ExtractDataVerificaLimites" Date="20210927" Time="112044">ExtractDataVerificaLimites "Feature Set" 'Pontos de Interesse';'Instituicoes de Ensino';Saude;'Hidrografia Secundaria';'Marcos Geodesicos';Zoneamento;IPHAN_IPHAE;'Areas Especiais';'Interesse de Tombamento';Logradouros;Edificacoes;'Fracao de Lote';Lotes;Bairros;'Curvas de Nivel Primarias';'Curvas de Nivel Secundarias'</Process><Process Name="ExtractDataVerificaLimites" ToolSource="S:\geoprocessamento\SigNH\ExtractDataSigNH\ExtractDataComLimite.tbx\ExtractDataVerificaLimites" Date="20210927" Time="112421">ExtractDataVerificaLimites "Feature Set" 'Pontos de Interesse';'Instituicoes de Ensino';Saude;'Hidrografia Secundaria';'Marcos Geodesicos';Zoneamento;IPHAN_IPHAE;'Areas Especiais';'Interesse de Tombamento';Logradouros;Edificacoes;'Fracao de Lote';Lotes;Bairros;'Curvas de Nivel Primarias';'Curvas de Nivel Secundarias'</Process><Process Name="ExtractDataVerificaLimites" ToolSource="S:\geoprocessamento\SigNH\ExtractDataSigNH\ExtractDataComLimite.tbx\ExtractDataVerificaLimites" Date="20210930" Time="114536">ExtractDataVerificaLimites "Feature Set" 'Pontos de Interesse';'Instituicoes de Ensino';Saude;'Hidrografia Secundaria';'Marcos Geodesicos';Zoneamento;IPHAN_IPHAE;'Areas Especiais';'Interesse de Tombamento';Logradouros;Edificacoes;'Fracao de Lote';Lotes;Bairros;'Curvas de Nivel Primarias';'Curvas de Nivel Secundarias'</Process><Process Name="ExtractDataVerificaLimites" ToolSource="S:\geoprocessamento\SigNH\ExtractDataSigNH\ExtractDataComLimite.tbx\ExtractDataVerificaLimites" Date="20210930" Time="114550">ExtractDataVerificaLimites "Feature Set" 'Pontos de Interesse';'Instituicoes de Ensino';Saude;'Hidrografia Secundaria';'Marcos Geodesicos';Zoneamento;IPHAN_IPHAE;'Areas Especiais';'Interesse de Tombamento';Logradouros;Edificacoes;'Fracao de Lote';Lotes;Bairros;'Curvas de Nivel Primarias';'Curvas de Nivel Secundarias'</Process><Process Name="ExtractDataVerificaLimites" ToolSource="S:\geoprocessamento\SigNH\ExtractDataSigNH\ExtractDataComLimite.tbx\ExtractDataVerificaLimites" Date="20211004" Time="093105">ExtractDataVerificaLimites "Feature Set" 'Pontos de Interesse';'Instituicoes de Ensino';Saude;'Hidrografia Secundaria';'Marcos Geodesicos';Zoneamento;IPHAN_IPHAE;'Areas Especiais';'Interesse de Tombamento';Logradouros;Edificacoes;'Fracao de Lote';Lotes;Bairros;'Curvas de Nivel Primarias';'Curvas de Nivel Secundarias'</Process><Process ToolSource="d:\program files (x86)\arcgis\desktop10.7\ArcToolbox\Toolboxes\Conversion Tools.tbx\FeatureClassToFeatureClass" Date="20220830" Time="081539">FeatureClassToFeatureClass "Database Connections\gis@gis.novohamburgo.rs.gov.br.sde\gisdb.gis.Cartografia\gisdb.gis.Ruas" C:\temp\camadas logradouros.shp # "nome "Nome" true true false 100 Text 0 0 ,First,#,Database Connections\gis@gis.novohamburgo.rs.gov.br.sde\gisdb.gis.Cartografia\gisdb.gis.Ruas,nome,-1,-1;st_tipo "TIPO" true true false 2 Short 0 5 ,First,#,Database Connections\gis@gis.novohamburgo.rs.gov.br.sde\gisdb.gis.Cartografia\gisdb.gis.Ruas,st_tipo,-1,-1;cd_pavimet "Pavimentação" true true false 2 Short 0 5 ,First,#,Database Connections\gis@gis.novohamburgo.rs.gov.br.sde\gisdb.gis.Cartografia\gisdb.gis.Ruas,cd_pavimetacao,-1,-1;nr_cod_log "Código do Logradouro" true true false 4 Long 0 10 ,First,#,Database Connections\gis@gis.novohamburgo.rs.gov.br.sde\gisdb.gis.Cartografia\gisdb.gis.Ruas,nr_cod_logradouro,-1,-1;tp_sistema "Sistema Viário" true true false 2 Short 0 5 ,First,#,Database Connections\gis@gis.novohamburgo.rs.gov.br.sde\gisdb.gis.Cartografia\gisdb.gis.Ruas,tp_sistema_viarios,-1,-1;st_length_ "st_length_" false false true 0 Double 0 0 ,First,#,Database Connections\gis@gis.novohamburgo.rs.gov.br.sde\gisdb.gis.Cartografia\gisdb.gis.Ruas,st_length(shape),-1,-1" #</Process></lineage></DataProperties><SyncDate>20220830</SyncDate><SyncTime>08153700</SyncTime><ModDate>20220830</ModDate><ModTime>08153700</ModTime><scaleRange><minScale>50000</minScale><maxScale>5000</maxScale></scaleRange><ArcGISProfile>ItemDescription</ArcGISProfile></Esri><dataIdInfo><envirDesc Sync="TRUE"> Version 6.2 (Build 9200) ; Esri ArcGIS 10.7.1.11595</envirDesc><dataLang><languageCode value="por" Sync="TRUE"/><countryCode value="BRA" Sync="TRUE"/></dataLang><idCitation><resTitle Sync="FALSE">Malha Viária</resTitle><presForm><PresFormCd value="005" Sync="TRUE"/></presForm></idCitation><spatRpType><SpatRepTypCd value="001" Sync="TRUE"/></spatRpType><dataExt><geoEle xmlns=""><GeoBndBox esriExtentType="search"><exTypeCode Sync="TRUE">1</exTypeCode><westBL Sync="TRUE">-57.112243</westBL><eastBL Sync="TRUE">-49.707409</eastBL><northBL Sync="TRUE">-27.064201</northBL><southBL Sync="TRUE">-30.877416</southBL></GeoBndBox></geoEle></dataExt><idPurp>Eixo dos Logradouros Oficiais da cidade de Novo Hamburgo.</idPurp><searchKeys><keyword>Logradouros</keyword><keyword>Ruas</keyword><keyword>Malha Viária</keyword><keyword>Arruamento.</keyword></searchKeys></dataIdInfo><mdLang><languageCode value="por" Sync="TRUE"/><countryCode value="BRA" Sync="TRUE"/></mdLang><distInfo><distFormat><formatName Sync="TRUE">Shapefile</formatName></distFormat><distTranOps><transSize Sync="TRUE">0.000</transSize></distTranOps></distInfo><mdHrLv><ScopeCd value="005" Sync="TRUE"/></mdHrLv><mdHrLvName Sync="TRUE">dataset</mdHrLvName><refSysInfo><RefSystem><refSysID><identCode code="31982" Sync="TRUE"/><idCodeSpace Sync="TRUE">EPSG</idCodeSpace><idVersion Sync="TRUE">7.8.3(8.1.2)</idVersion></refSysID></RefSystem></refSysInfo><spatRepInfo><VectSpatRep><geometObjs Name="logradouros"><geoObjTyp><GeoObjTypCd value="002" Sync="TRUE"></GeoObjTypCd></geoObjTyp><geoObjCnt Sync="TRUE">0</geoObjCnt></geometObjs><topLvl><TopoLevCd value="001" Sync="TRUE"></TopoLevCd></topLvl></VectSpatRep></spatRepInfo><spdoinfo><ptvctinf><esriterm Name="logradouros"><efeatyp Sync="TRUE">Simple</efeatyp><efeageom code="3" Sync="TRUE"></efeageom><esritopo Sync="TRUE">FALSE</esritopo><efeacnt Sync="TRUE">0</efeacnt><spindex Sync="TRUE">FALSE</spindex><linrefer Sync="TRUE">FALSE</linrefer></esriterm></ptvctinf></spdoinfo><eainfo><detailed Name="logradouros"><enttyp><enttypl Sync="TRUE">logradouros</enttypl><enttypt Sync="TRUE">Feature Class</enttypt><enttypc Sync="TRUE">0</enttypc></enttyp><attr><attrlabl Sync="TRUE">nome</attrlabl><attalias Sync="TRUE">nome</attalias><attrtype Sync="TRUE">String</attrtype><attwidth Sync="TRUE">100</attwidth><atprecis Sync="TRUE">0</atprecis><attscale Sync="TRUE">0</attscale></attr><attr><attrlabl Sync="TRUE">shape</attrlabl><attalias Sync="TRUE">Shape</attalias><attrtype Sync="TRUE">Geometry</attrtype><attwidth Sync="TRUE">0</attwidth><atprecis Sync="TRUE">0</atprecis><attscale Sync="TRUE">0</attscale><attrdef Sync="TRUE">Feature geometry.</attrdef><attrdefs Sync="TRUE">Esri</attrdefs><attrdomv><udom Sync="TRUE">Coordinates defining the features.</udom></attrdomv></attr><attr><attrlabl Sync="TRUE">st_tipo</attrlabl><attalias Sync="TRUE">st_tipo</attalias><attrtype Sync="TRUE">Integer</attrtype><attwidth Sync="TRUE">5</attwidth><atprecis Sync="TRUE">5</atprecis><attscale Sync="TRUE">0</attscale></attr><subtype><stname Sync="TRUE">Avenida</stname><stcode Sync="TRUE">1</stcode><stfield><stfldnm Sync="TRUE">cd_pavimetacao</stfldnm><stflddd><domname Sync="TRUE">Pavimentacao_2</domname><domdesc Sync="TRUE">Tipo de pavimentação das ruas</domdesc><domtype Sync="TRUE">Coded Value</domtype><mrgtype Sync="TRUE">Default value</mrgtype><splttype Sync="TRUE">Default value</splttype><domowner Sync="TRUE">gis</domowner><domfldtp Sync="TRUE">SmallInteger</domfldtp></stflddd></stfield><stfield><stfldnm Sync="TRUE">tp_sistema_viarios</stfldnm><stflddd><domname Sync="TRUE">Sistema_viario</domname><domdesc Sync="TRUE">Sistema viario</domdesc><domtype Sync="TRUE">Coded Value</domtype><mrgtype Sync="TRUE">Default value</mrgtype><splttype Sync="TRUE">Default value</splttype><domowner Sync="TRUE">gis</domowner><domfldtp Sync="TRUE">SmallInteger</domfldtp></stflddd></stfield></subtype><subtype><stname Sync="TRUE">Rua</stname><stcode Sync="TRUE">2</stcode><stfield><stfldnm Sync="TRUE">cd_pavimetacao</stfldnm><stflddd><domname Sync="TRUE">Pavimentacao_2</domname><domdesc Sync="TRUE">Tipo de pavimentação das ruas</domdesc><domtype Sync="TRUE">Coded Value</domtype><mrgtype Sync="TRUE">Default value</mrgtype><splttype Sync="TRUE">Default value</splttype><domowner Sync="TRUE">gis</domowner><domfldtp Sync="TRUE">SmallInteger</domfldtp></stflddd></stfield><stfield><stfldnm Sync="TRUE">tp_sistema_viarios</stfldnm><stflddd><domname Sync="TRUE">Sistema_viario</domname><domdesc Sync="TRUE">Sistema viario</domdesc><domtype Sync="TRUE">Coded Value</domtype><mrgtype Sync="TRUE">Default value</mrgtype><splttype Sync="TRUE">Default value</splttype><domowner Sync="TRUE">gis</domowner><domfldtp Sync="TRUE">SmallInteger</domfldtp></stflddd></stfield></subtype><subtype><stname Sync="TRUE">Rodovia</stname><stcode Sync="TRUE">4</stcode><stfield><stfldnm Sync="TRUE">cd_pavimetacao</stfldnm><stflddd><domname Sync="TRUE">Pavimentacao_2</domname><domdesc Sync="TRUE">Tipo de pavimentação das ruas</domdesc><domtype Sync="TRUE">Coded Value</domtype><mrgtype Sync="TRUE">Default value</mrgtype><splttype Sync="TRUE">Default value</splttype><domowner Sync="TRUE">gis</domowner><domfldtp Sync="TRUE">SmallInteger</domfldtp></stflddd></stfield><stfield><stfldnm Sync="TRUE">tp_sistema_viarios</stfldnm><stflddd><domname Sync="TRUE">Sistema_viario</domname><domdesc Sync="TRUE">Sistema viario</domdesc><domtype Sync="TRUE">Coded Value</domtype><mrgtype Sync="TRUE">Default value</mrgtype><splttype Sync="TRUE">Default value</splttype><domowner Sync="TRUE">gis</domowner><domfldtp Sync="TRUE">SmallInteger</domfldtp></stflddd></stfield></subtype><subtype><stname Sync="TRUE">Estrada</stname><stcode Sync="TRUE">7</stcode><stfield><stfldnm Sync="TRUE">cd_pavimetacao</stfldnm><stflddd><domname Sync="TRUE">Pavimentacao_2</domname><domdesc Sync="TRUE">Tipo de pavimentação das ruas</domdesc><domtype Sync="TRUE">Coded Value</domtype><mrgtype Sync="TRUE">Default value</mrgtype><splttype Sync="TRUE">Default value</splttype><domowner Sync="TRUE">gis</domowner><domfldtp Sync="TRUE">SmallInteger</domfldtp></stflddd></stfield><stfield><stfldnm Sync="TRUE">tp_sistema_viarios</stfldnm><stflddd><domname Sync="TRUE">Sistema_viario</domname><domdesc Sync="TRUE">Sistema viario</domdesc><domtype Sync="TRUE">Coded Value</domtype><mrgtype Sync="TRUE">Default value</mrgtype><splttype Sync="TRUE">Default value</splttype><domowner Sync="TRUE">gis</domowner><domfldtp Sync="TRUE">SmallInteger</domfldtp></stflddd></stfield></subtype><subtype><stname Sync="TRUE">Calçadão</stname><stcode Sync="TRUE">8</stcode><stfield><stfldnm Sync="TRUE">cd_pavimetacao</stfldnm><stflddd><domname Sync="TRUE">Pavimentacao_2</domname><domdesc Sync="TRUE">Tipo de pavimentação das ruas</domdesc><domtype Sync="TRUE">Coded Value</domtype><mrgtype Sync="TRUE">Default value</mrgtype><splttype Sync="TRUE">Default value</splttype><domowner Sync="TRUE">gis</domowner><domfldtp Sync="TRUE">SmallInteger</domfldtp></stflddd></stfield><stfield><stfldnm Sync="TRUE">tp_sistema_viarios</stfldnm><stflddd><domname Sync="TRUE">Sistema_viario</domname><domdesc Sync="TRUE">Sistema viario</domdesc><domtype Sync="TRUE">Coded Value</domtype><mrgtype Sync="TRUE">Default value</mrgtype><splttype Sync="TRUE">Default value</splttype><domowner Sync="TRUE">gis</domowner><domfldtp Sync="TRUE">SmallInteger</domfldtp></stflddd></stfield></subtype><subtype><stname Sync="TRUE">Travessa</stname><stcode Sync="TRUE">9</stcode><stfield><stfldnm Sync="TRUE">cd_pavimetacao</stfldnm><stflddd><domname Sync="TRUE">Pavimentacao_2</domname><domdesc Sync="TRUE">Tipo de pavimentação das ruas</domdesc><domtype Sync="TRUE">Coded Value</domtype><mrgtype Sync="TRUE">Default value</mrgtype><splttype Sync="TRUE">Default value</splttype><domowner Sync="TRUE">gis</domowner><domfldtp Sync="TRUE">SmallInteger</domfldtp></stflddd></stfield><stfield><stfldnm Sync="TRUE">tp_sistema_viarios</stfldnm><stflddd><domname Sync="TRUE">Sistema_viario</domname><domdesc Sync="TRUE">Sistema viario</domdesc><domtype Sync="TRUE">Coded Value</domtype><mrgtype Sync="TRUE">Default value</mrgtype><splttype Sync="TRUE">Default value</splttype><domowner Sync="TRUE">gis</domowner><domfldtp Sync="TRUE">SmallInteger</domfldtp></stflddd></stfield></subtype><subtype><stname Sync="TRUE">Rótula</stname><stcode Sync="TRUE">10</stcode><stfield><stfldnm Sync="TRUE">cd_pavimetacao</stfldnm><stflddd><domname Sync="TRUE">Pavimentacao_2</domname><domdesc Sync="TRUE">Tipo de pavimentação das ruas</domdesc><domtype Sync="TRUE">Coded Value</domtype><mrgtype Sync="TRUE">Default value</mrgtype><splttype Sync="TRUE">Default value</splttype><domowner Sync="TRUE">gis</domowner><domfldtp Sync="TRUE">SmallInteger</domfldtp></stflddd></stfield><stfield><stfldnm Sync="TRUE">tp_sistema_viarios</stfldnm><stflddd><domname Sync="TRUE">Sistema_viario</domname><domdesc Sync="TRUE">Sistema viario</domdesc><domtype Sync="TRUE">Coded Value</domtype><mrgtype Sync="TRUE">Default value</mrgtype><splttype Sync="TRUE">Default value</splttype><domowner Sync="TRUE">gis</domowner><domfldtp Sync="TRUE">SmallInteger</domfldtp></stflddd></stfield></subtype><subtype><stname Sync="TRUE">Largo</stname><stcode Sync="TRUE">11</stcode><stfield><stfldnm Sync="TRUE">cd_pavimetacao</stfldnm><stflddd><domname Sync="TRUE">Pavimentacao_2</domname><domdesc Sync="TRUE">Tipo de pavimentação das ruas</domdesc><domtype Sync="TRUE">Coded Value</domtype><mrgtype Sync="TRUE">Default value</mrgtype><splttype Sync="TRUE">Default value</splttype><domowner Sync="TRUE">gis</domowner><domfldtp Sync="TRUE">SmallInteger</domfldtp></stflddd></stfield><stfield><stfldnm Sync="TRUE">tp_sistema_viarios</stfldnm><stflddd><domname Sync="TRUE">Sistema_viario</domname><domdesc Sync="TRUE">Sistema viario</domdesc><domtype Sync="TRUE">Coded Value</domtype><mrgtype Sync="TRUE">Default value</mrgtype><splttype Sync="TRUE">Default value</splttype><domowner Sync="TRUE">gis</domowner><domfldtp Sync="TRUE">SmallInteger</domfldtp></stflddd></stfield></subtype><subtype><stname Sync="TRUE">Beco</stname><stcode Sync="TRUE">12</stcode><stfield><stfldnm Sync="TRUE">cd_pavimetacao</stfldnm><stflddd><domname Sync="TRUE">Pavimentacao_2</domname><domdesc Sync="TRUE">Tipo de pavimentação das ruas</domdesc><domtype Sync="TRUE">Coded Value</domtype><mrgtype Sync="TRUE">Default value</mrgtype><splttype Sync="TRUE">Default value</splttype><domowner Sync="TRUE">gis</domowner><domfldtp Sync="TRUE">SmallInteger</domfldtp></stflddd></stfield><stfield><stfldnm Sync="TRUE">tp_sistema_viarios</stfldnm><stflddd><domname Sync="TRUE">Sistema_viario</domname><domdesc Sync="TRUE">Sistema viario</domdesc><domtype Sync="TRUE">Coded Value</domtype><mrgtype Sync="TRUE">Default value</mrgtype><splttype Sync="TRUE">Default value</splttype><domowner Sync="TRUE">gis</domowner><domfldtp Sync="TRUE">SmallInteger</domfldtp></stflddd></stfield></subtype><subtype><stname Sync="TRUE">Escadaria</stname><stcode Sync="TRUE">13</stcode><stfield><stfldnm Sync="TRUE">cd_pavimetacao</stfldnm><stflddd><domname Sync="TRUE">Pavimentacao_2</domname><domdesc Sync="TRUE">Tipo de pavimentação das ruas</domdesc><domtype Sync="TRUE">Coded Value</domtype><mrgtype Sync="TRUE">Default value</mrgtype><splttype Sync="TRUE">Default value</splttype><domowner Sync="TRUE">gis</domowner><domfldtp Sync="TRUE">SmallInteger</domfldtp></stflddd></stfield><stfield><stfldnm Sync="TRUE">tp_sistema_viarios</stfldnm><stflddd><domname Sync="TRUE">Sistema_viario</domname><domdesc Sync="TRUE">Sistema viario</domdesc><domtype Sync="TRUE">Coded Value</domtype><mrgtype Sync="TRUE">Default value</mrgtype><splttype Sync="TRUE">Default value</splttype><domowner Sync="TRUE">gis</domowner><domfldtp Sync="TRUE">SmallInteger</domfldtp></stflddd></stfield></subtype><attr><attrlabl Sync="TRUE">FID</attrlabl><attalias Sync="TRUE">FID</attalias><attrtype Sync="TRUE">OID</attrtype><attwidth Sync="TRUE">4</attwidth><atprecis Sync="TRUE">0</atprecis><attscale Sync="TRUE">0</attscale><attrdef Sync="TRUE">Internal feature number.</attrdef><attrdefs Sync="TRUE">Esri</attrdefs><attrdomv><udom Sync="TRUE">Sequential unique whole numbers that are automatically generated.</udom></attrdomv></attr><subtype><stname Sync="TRUE">Passagem</stname><stcode Sync="TRUE">14</stcode><stfield><stfldnm Sync="TRUE">cd_pavimetacao</stfldnm><stflddd><domname Sync="TRUE">Pavimentacao_2</domname><domdesc Sync="TRUE">Tipo de pavimentação das ruas</domdesc><domtype Sync="TRUE">Coded Value</domtype><mrgtype Sync="TRUE">Default value</mrgtype><splttype Sync="TRUE">Default value</splttype><domowner Sync="TRUE">gis</domowner><domfldtp Sync="TRUE">SmallInteger</domfldtp></stflddd></stfield><stfield><stfldnm Sync="TRUE">tp_sistema_viarios</stfldnm><stflddd><domname Sync="TRUE">Sistema_viario</domname><domdesc Sync="TRUE">Sistema viario</domdesc><domtype Sync="TRUE">Coded Value</domtype><mrgtype Sync="TRUE">Default value</mrgtype><splttype Sync="TRUE">Default value</splttype><domowner Sync="TRUE">gis</domowner><domfldtp Sync="TRUE">SmallInteger</domfldtp></stflddd></stfield></subtype><subtype><stname Sync="TRUE">Corredor</stname><stcode Sync="TRUE">15</stcode><stfield><stfldnm Sync="TRUE">cd_pavimetacao</stfldnm><stflddd><domname Sync="TRUE">Pavimentacao_2</domname><domdesc Sync="TRUE">Tipo de pavimentação das ruas</domdesc><domtype Sync="TRUE">Coded Value</domtype><mrgtype Sync="TRUE">Default value</mrgtype><splttype Sync="TRUE">Default value</splttype><domowner Sync="TRUE">gis</domowner><domfldtp Sync="TRUE">SmallInteger</domfldtp></stflddd></stfield><stfield><stfldnm Sync="TRUE">tp_sistema_viarios</stfldnm><stflddd><domname Sync="TRUE">Sistema_viario</domname><domdesc Sync="TRUE">Sistema viario</domdesc><domtype Sync="TRUE">Coded Value</domtype><mrgtype Sync="TRUE">Default value</mrgtype><splttype Sync="TRUE">Default value</splttype><domowner Sync="TRUE">gis</domowner><domfldtp Sync="TRUE">SmallInteger</domfldtp></stflddd></stfield></subtype><subtype><stname Sync="TRUE">Alameda</stname><stcode Sync="TRUE">5</stcode><stfield><stfldnm Sync="TRUE">cd_pavimetacao</stfldnm><stflddd><domname Sync="TRUE">Pavimentacao_2</domname><domdesc Sync="TRUE">Tipo de pavimentação das ruas</domdesc><domtype Sync="TRUE">Coded Value</domtype><mrgtype Sync="TRUE">Default value</mrgtype><splttype Sync="TRUE">Default value</splttype><domowner Sync="TRUE">gis</domowner><domfldtp Sync="TRUE">SmallInteger</domfldtp></stflddd></stfield><stfield><stfldnm Sync="TRUE">tp_sistema_viarios</stfldnm><stflddd><domname Sync="TRUE">Sistema_viario</domname><domdesc Sync="TRUE">Sistema viario</domdesc><domtype Sync="TRUE">Coded Value</domtype><mrgtype Sync="TRUE">Default value</mrgtype><splttype Sync="TRUE">Default value</splttype><domowner Sync="TRUE">gis</domowner><domfldtp Sync="TRUE">SmallInteger</domfldtp></stflddd></stfield></subtype><attr><attrlabl Sync="TRUE">cd_pavimet</attrlabl><attalias Sync="TRUE">cd_pavimet</attalias><attrtype Sync="TRUE">Integer</attrtype><attwidth Sync="TRUE">5</attwidth><atprecis Sync="TRUE">5</atprecis><attscale Sync="TRUE">0</attscale></attr><attr><attrlabl Sync="TRUE">nr_cod_log</attrlabl><attalias Sync="TRUE">nr_cod_log</attalias><attrtype Sync="TRUE">Integer</attrtype><attwidth Sync="TRUE">10</attwidth><atprecis Sync="TRUE">10</atprecis><attscale Sync="TRUE">0</attscale></attr><attr><attrlabl Sync="TRUE">tp_sistema</attrlabl><attalias Sync="TRUE">tp_sistema</attalias><attrtype Sync="TRUE">Integer</attrtype><attwidth Sync="TRUE">5</attwidth><atprecis Sync="TRUE">5</atprecis><attscale Sync="TRUE">0</attscale></attr><attr><attrlabl Sync="TRUE">st_length_</attrlabl><attalias Sync="TRUE">st_length_</attalias><attrtype Sync="TRUE">Double</attrtype><attwidth Sync="TRUE">19</attwidth><atprecis Sync="TRUE">0</atprecis><attscale Sync="TRUE">0</attscale></attr></detailed></eainfo><mdDateSt Sync="TRUE">20220830</mdDateSt></metadata>
