<?xml version="1.0"?>
<!--<!DOCTYPE metadata SYSTEM "http://www.esri.com/metadata/esriprof80.dtd">-->
<metadata xml:lang="pt"><Esri><CreaDate>20110727</CreaDate><CreaTime>14581800</CreaTime><SyncOnce>TRUE</SyncOnce><DataProperties><lineage><Process ToolSource="C:\Arquivos de programas\ArcGIS\ArcToolbox\Toolboxes\Data Management Tools.tbx\Project" Date="20100617" Time="144804">Project "RIOS MUNICIPAIS" F:\basedgeoc\RIOSMUNICIPAIS.shp GEOGCS['GCS_South_American_1969',DATUM['D_South_American_1969',SPHEROID['GRS_1967_Truncated',6378160.0,298.25]],PRIMEM['Greenwich',0.0],UNIT['Degree',0.0174532925199433]] # PROJCS['SAD_1969_UTM_Zone_25S',GEOGCS['GCS_South_American_1969',DATUM['D_South_American_1969',SPHEROID['GRS_1967_Truncated',6378160.0,298.25]],PRIMEM['Greenwich',0.0],UNIT['Degree',0.0174532925199433]],PROJECTION['Transverse_Mercator'],PARAMETER['False_Easting',500000.0],PARAMETER['False_Northing',10000000.0],PARAMETER['Central_Meridian',-33.0],PARAMETER['Scale_Factor',0.9996],PARAMETER['Latitude_Of_Origin',0.0],UNIT['Meter',1.0]]</Process></lineage></DataProperties><MetaID>{52D14497-774E-4D5E-8603-54F05A16B37A}</MetaID></Esri><idinfo><citation><citeinfo><onlink Sync="TRUE"></onlink></citeinfo></citation></idinfo><distInfo><distributor><distorTran><onLineSrc><linkage Sync="TRUE">file://</linkage><protocol Sync="TRUE">Local Area Network</protocol></onLineSrc></distorTran></distributor></distInfo><dataqual><lineage><procstep><procdesc Sync="TRUE">Dataset moved.</procdesc><srcused Sync="TRUE">G:\GEOPROCESSAMENTO - CARTOGRAFIA\BASE SIG\BASE SHAPES\RECURSOS NATURAIS\Rios_Municipais[4]</srcused><procdate Sync="TRUE">20091007</procdate><proctime Sync="TRUE">08440000</proctime></procstep><procstep><procdesc Sync="TRUE">Dataset copied.</procdesc><srcused Sync="TRUE">G:\GEOPROCESSAMENTO - CARTOGRAFIA\BASE SIG\BASE SHAPES\RECURSOS NATURAIS\HIDROGRAFIA\Rios_Municipais[4]</srcused><procdate Sync="TRUE">20091120</procdate><proctime Sync="TRUE">14195400</proctime></procstep><procstep><procdesc Sync="TRUE">Dataset copied.</procdesc><srcused Sync="TRUE"></srcused><procdate Sync="TRUE">20091120</procdate><proctime Sync="TRUE">15363700</proctime></procstep><procstep><procdesc Sync="TRUE">Dataset copied.</procdesc><srcused Sync="TRUE"></srcused><procdate Sync="TRUE">20100617</procdate><proctime Sync="TRUE">14480100</proctime></procstep><procstep><procdesc Sync="TRUE">Dataset moved.</procdesc><srcused Sync="TRUE">F:\basedgeoc\RIOSMUNICIPAIS</srcused><procdate Sync="TRUE">20100617</procdate><proctime Sync="TRUE">14522400</proctime></procstep><procstep><procdesc Sync="TRUE">Dataset copied.</procdesc><srcused Sync="TRUE"></srcused><procdate Sync="TRUE">20110727</procdate><proctime Sync="TRUE">14581800</proctime></procstep></lineage></dataqual></metadata>
