<?xml version="1.0"?>
<!--<!DOCTYPE metadata SYSTEM "http://www.esri.com/metadata/esriprof80.dtd">-->
<metadata xml:lang="pt"><Esri><CreaDate>20180820</CreaDate><CreaTime>13394600</CreaTime><SyncOnce>FALSE</SyncOnce><DataProperties><lineage><Process Name="Create Feature Class" ToolSource="C:\Arquivos de programas\ArcGIS\ArcToolbox\Toolboxes\Data Management Tools.tbx\CreateFeatureclass" Date="20090609" Time="135627">CreateFeatureclass "G:\Base Cartografica\SHAPES_LIMITES" LIMITE_BAIRROS_POLYLINE # Polyline_Layer SAME_AS_TEMPLATE SAME_AS_TEMPLATE "{B286C06B-0879-11D2-AACA-00C04FA33C20};449027,763365 6656274,261616 31249,999971;-1056,646089 999999,999069;0,000000 100000,000000" # 0 0 0 "G:\Base Cartografica\SHAPES_LIMITES\LIMITE_BAIRROS_POLYLINE.shp"</Process><Process Name="Append" ToolSource="C:\Arquivos de programas\ArcGIS\ArcToolbox\Toolboxes\Data Management Tools.tbx\Append" Date="20090609" Time="135628">Append Polyline_Layer "G:\Base Cartografica\SHAPES_LIMITES\LIMITE_BAIRROS_POLYLINE.shp" TEST "G:\Base Cartografica\SHAPES_LIMITES\LIMITE_BAIRROS_POLYLINE.shp"</Process><Process Name="FeatureClassToFeatureClass_2" ToolSource="C:\Arquivos de programas\ArcGIS\ArcToolbox\Toolboxes\Conversion Tools.tbx\FeatureClassToFeatureClass" Date="20090609" Time="135628">FeatureClassToFeatureClass "G:\Base Cartografica\LIMITE_BAIRROS.dwg\Polyline" "G:\Base Cartografica\SHAPES_LIMITES" LIMITE_BAIRROS_POLYLINE # "Entity Entity VISIBLE;Handle Handle VISIBLE;Layer Layer VISIBLE;Color Color VISIBLE;Linetype Linetype VISIBLE;Elevation Elevation VISIBLE;Thickness Thickness VISIBLE;Text Text VISIBLE" SAME_AS_TEMPLATE SAME_AS_TEMPLATE # 0 "G:\Base Cartografica\SHAPES_LIMITES\LIMITE_BAIRROS_POLYLINE.shp"</Process><Process ToolSource="C:\Arquivos de programas\ArcGIS\ArcToolbox\Toolboxes\Data Management Tools.tbx\DefineProjection" Date="20090714" Time="175819">DefineProjection "C:\Documents and Settings\alexandre.alves\Desktop\Alexandre\SHAPES_LIMITES\LIMITE_BAIRROS_POLYLINE.shp" PROJCS['SAD_1969_UTM_Zone_22S',GEOGCS['GCS_South_American_1969',DATUM['D_South_American_1969',SPHEROID['GRS_1967_Truncated',6378160.0,298.25]],PRIMEM['Greenwich',0.0],UNIT['Degree',0.0174532925199433]],PROJECTION['Transverse_Mercator'],PARAMETER['False_Easting',500000.0],PARAMETER['False_Northing',10000000.0],PARAMETER['Central_Meridian',-51.0],PARAMETER['Scale_Factor',0.9996],PARAMETER['Latitude_Of_Origin',0.0],UNIT['Meter',1.0]] "C:\Documents and Settings\alexandre.alves\Desktop\Alexandre\SHAPES_LIMITES\LIMITE_BAIRROS_POLYLINE.shp"</Process><Process ToolSource="C:\Arquivos de programas\ArcGIS\ArcToolbox\Toolboxes\Conversion Tools.tbx\FeatureClassToFeatureClass" Date="20090731" Time="104543">FeatureClassToFeatureClass "C:\Documents and Settings\alexandre.alves\Desktop\Alexandre\SHAPES_LIMITES\LIMITE_BAIRROS_POLYLINE.shp" "C:\Documents and Settings\alexandre.alves\Desktop\Alexandre\GEODATABASELIC\LICENC.mdb\LIMITES" LIMITE_BAIRROS # "Entity 'Entity' true true false 16 Text 0 0 ,First,#,C:\Documents and Settings\alexandre.alves\Desktop\Alexandre\SHAPES_LIMITES\LIMITE_BAIRROS_POLYLINE.shp,Entity,-1,-1;Handle 'Handle' true true false 16 Text 0 0 ,First,#,C:\Documents and Settings\alexandre.alves\Desktop\Alexandre\SHAPES_LIMITES\LIMITE_BAIRROS_POLYLINE.shp,Handle,-1,-1;Layer 'Layer' true true false 254 Text 0 0 ,First,#,C:\Documents and Settings\alexandre.alves\Desktop\Alexandre\SHAPES_LIMITES\LIMITE_BAIRROS_POLYLINE.shp,Layer,-1,-1;Color 'Color' true true false 9 Long 0 9 ,First,#,C:\Documents and Settings\alexandre.alves\Desktop\Alexandre\SHAPES_LIMITES\LIMITE_BAIRROS_POLYLINE.shp,Color,-1,-1;Linetype 'Linetype' true true false 254 Text 0 0 ,First,#,C:\Documents and Settings\alexandre.alves\Desktop\Alexandre\SHAPES_LIMITES\LIMITE_BAIRROS_POLYLINE.shp,Linetype,-1,-1;Elevation 'Elevation' true true false 19 Double 0 0 ,First,#,C:\Documents and Settings\alexandre.alves\Desktop\Alexandre\SHAPES_LIMITES\LIMITE_BAIRROS_POLYLINE.shp,Elevation,-1,-1;Thickness 'Thickness' true true false 19 Double 0 0 ,First,#,C:\Documents and Settings\alexandre.alves\Desktop\Alexandre\SHAPES_LIMITES\LIMITE_BAIRROS_POLYLINE.shp,Thickness,-1,-1;Text_ 'Text_' true true false 254 Text 0 0 ,First,#,C:\Documents and Settings\alexandre.alves\Desktop\Alexandre\SHAPES_LIMITES\LIMITE_BAIRROS_POLYLINE.shp,Text,-1,-1" # "C:\Documents and Settings\alexandre.alves\Desktop\Alexandre\GEODATABASELIC\LICENC.mdb\LIMITES\LIMITE_BAIRROS"</Process><Process ToolSource="C:\Arquivos de programas\ArcGIS\ArcToolbox\Toolboxes\Conversion Tools.tbx\FeatureClassToFeatureClass" Date="20090928" Time="142640">FeatureClassToFeatureClass "C:\Documents and Settings\alexandre.alves\Desktop\Alexandre\GEODATABASELIC\LICENC.mdb\LIMITES\LIMITE_BAIRROS" "C:\Documents and Settings\alexandre.alves\Desktop\Alexandre\ÁreaAlagáveis\Projeto\AreasAlagaveis.gdb\LIMITES" LIMITE_BAIRROS # "Shape_Length 'Shape_Length' false true true 8 Double 0 0 ,First,#,C:\Documents and Settings\alexandre.alves\Desktop\Alexandre\GEODATABASELIC\LICENC.mdb\LIMITES\LIMITE_BAIRROS,Shape_Length,-1,-1;Bairro 'Bairro' true true false 50 Text 0 0 ,First,#,C:\Documents and Settings\alexandre.alves\Desktop\Alexandre\GEODATABASELIC\LICENC.mdb\LIMITES\LIMITE_BAIRROS,Bairro,-1,-1" # "C:\Documents and Settings\alexandre.alves\Desktop\Alexandre\ÁreaAlagáveis\Projeto\AreasAlagaveis.gdb\LIMITES\LIMITE_BAIRROS"</Process></lineage></DataProperties><SyncDate>20090928</SyncDate><SyncTime>14263900</SyncTime><ModDate>20090928</ModDate><ModTime>14263900</ModTime><ArcGISFormat>1.0</ArcGISFormat></Esri><idinfo><native Sync="TRUE">Microsoft Windows XP Version 5.1 (Build 2600) Service Pack 3; ESRI ArcCatalog 9.3.1.3000</native><descript><langdata Sync="TRUE">pt</langdata></descript><citation><citeinfo><title Sync="TRUE">LIMITE_BAIRROS</title><ftname Sync="TRUE">LIMITE_BAIRROS</ftname><geoform Sync="TRUE">vector digital data</geoform><onlink Sync="TRUE">\\USUARIO-0731578\C$\Documents and Settings\alexandre.alves\Desktop\Alexandre\ÁreaAlagáveis\Projeto\AreasAlagaveis.gdb</onlink></citeinfo></citation><natvform Sync="TRUE">File Geodatabase Feature Class</natvform></idinfo><dataIdInfo><envirDesc Sync="TRUE">Microsoft Windows XP Version 5.1 (Build 2600) Service Pack 3; ESRI ArcCatalog 9.3.1.3000</envirDesc><dataLang><languageCode Sync="TRUE" value="pt"></languageCode></dataLang><idCitation><resTitle Sync="TRUE">LIMITE_BAIRROS</resTitle></idCitation></dataIdInfo><metainfo><langmeta Sync="TRUE">pt</langmeta><metstdn Sync="TRUE">FGDC Content Standards for Digital Geospatial Metadata</metstdn><metstdv Sync="TRUE">FGDC-STD-001-1998</metstdv><mettc Sync="TRUE">local time</mettc><metextns><onlink Sync="TRUE">http://www.esri.com/metadata/esriprof80.html</onlink><metprof Sync="TRUE">ESRI Metadata Profile</metprof></metextns><metd Sync="TRUE">20090928</metd></metainfo><mdLang><languageCode Sync="TRUE" value="pt"></languageCode></mdLang><mdStanName Sync="TRUE">ISO 19115 Geographic Information - Metadata</mdStanName><mdStanVer Sync="TRUE">DIS_ESRI1.0</mdStanVer><mdChar><CharSetCd Sync="TRUE" value="004"></CharSetCd></mdChar><mdHrLv><ScopeCd Sync="TRUE" value="005"></ScopeCd></mdHrLv><mdHrLvName Sync="TRUE">dataset</mdHrLvName><distinfo><resdesc Sync="TRUE">Downloadable Data</resdesc></distinfo><distInfo><distributor><distorTran><onLineSrc><orDesc Sync="TRUE">002</orDesc><linkage Sync="TRUE">file://\\USUARIO-0731578\C$\Documents and Settings\alexandre.alves\Desktop\Alexandre\ÁreaAlagáveis\Projeto\AreasAlagaveis.gdb</linkage><protocol Sync="TRUE">Local Area Network</protocol></onLineSrc></distorTran><distorFormat><formatName Sync="TRUE">File Geodatabase Feature Class</formatName></distorFormat></distributor></distInfo><spdoinfo><direct Sync="TRUE">Vector</direct><ptvctinf><esriterm Name="LIMITE_BAIRROS"><efeatyp Sync="TRUE">Simple</efeatyp><efeageom Sync="TRUE">Polyline</efeageom><esritopo Sync="TRUE">FALSE</esritopo><efeacnt Sync="TRUE">0</efeacnt><spindex Sync="TRUE">TRUE</spindex><linrefer Sync="TRUE">TRUE</linrefer></esriterm><sdtsterm Name="LIMITE_BAIRROS"><sdtstype Sync="TRUE">String</sdtstype><ptvctcnt Sync="TRUE">0</ptvctcnt></sdtsterm></ptvctinf></spdoinfo><spref><horizsys><cordsysn><geogcsn Sync="TRUE">GCS_South_American_1969</geogcsn><projcsn Sync="TRUE">SAD_1969_UTM_Zone_22S</projcsn></cordsysn><planar><mapproj><mapprojn Sync="TRUE">Transverse Mercator</mapprojn><transmer><sfctrmer Sync="TRUE">0.999600</sfctrmer><longcm Sync="TRUE">-51.000000</longcm><latprjo Sync="TRUE">0.000000</latprjo><feast Sync="TRUE">500000.000000</feast><fnorth Sync="TRUE">10000000.000000</fnorth></transmer></mapproj><planci><plance Sync="TRUE">coordinate pair</plance><plandu Sync="TRUE">meters</plandu><coordrep><absres Sync="TRUE">0.000104</absres><ordres Sync="TRUE">0.000104</ordres></coordrep></planci></planar><geodetic><horizdn Sync="TRUE">D_South_American_1969</horizdn><ellips Sync="TRUE">GRS_1967_Truncated</ellips><semiaxis Sync="TRUE">6378160.000000</semiaxis><denflat Sync="TRUE">298.250000</denflat></geodetic></horizsys><vertdef><altsys><altenc Sync="TRUE">Explicit elevation coordinate included with horizontal coordinates</altenc><altres Sync="TRUE">0.000003</altres></altsys></vertdef></spref><refSysInfo><RefSystem><refSysID><identCode Sync="TRUE">SAD_1969_UTM_Zone_22S</identCode></refSysID></RefSystem></refSysInfo><spatRepInfo><VectSpatRep><topLvl><TopoLevCd Sync="TRUE" value="001"></TopoLevCd></topLvl><geometObjs Name="LIMITE_BAIRROS"><geoObjTyp><GeoObjTypCd Sync="TRUE" value="001"></GeoObjTypCd></geoObjTyp><geoObjCnt Sync="TRUE">0</geoObjCnt></geometObjs></VectSpatRep></spatRepInfo><eainfo><detailed Name="LIMITE_BAIRROS"><enttyp><enttypl Sync="TRUE">LIMITE_BAIRROS</enttypl><enttypt Sync="TRUE">Feature Class</enttypt><enttypc Sync="TRUE">0</enttypc></enttyp><attr><attrlabl Sync="TRUE">OBJECTID</attrlabl><attalias Sync="TRUE">OBJECTID</attalias><attrtype Sync="TRUE">OID</attrtype><attwidth Sync="TRUE">4</attwidth><atprecis Sync="TRUE">0</atprecis><attscale Sync="TRUE">0</attscale><attrdef Sync="TRUE">Internal feature number.</attrdef><attrdefs Sync="TRUE">ESRI</attrdefs><attrdomv><udom Sync="TRUE">Sequential unique whole numbers that are automatically generated.</udom></attrdomv></attr><attr><attrlabl Sync="TRUE">Shape</attrlabl><attalias Sync="TRUE">Shape</attalias><attrtype Sync="TRUE">Geometry</attrtype><attwidth Sync="TRUE">0</attwidth><atprecis Sync="TRUE">0</atprecis><attscale Sync="TRUE">0</attscale><attrdef Sync="TRUE">Feature geometry.</attrdef><attrdefs Sync="TRUE">ESRI</attrdefs><attrdomv><udom Sync="TRUE">Coordinates defining the features.</udom></attrdomv></attr><attr><attrlabl Sync="TRUE">Bairro</attrlabl><attalias Sync="TRUE">Bairro</attalias><attrtype Sync="TRUE">String</attrtype><attwidth Sync="TRUE">50</attwidth><atprecis Sync="TRUE">0</atprecis><attscale Sync="TRUE">0</attscale></attr><attr><attrlabl Sync="TRUE">Shape_Length</attrlabl><attalias Sync="TRUE">Shape_Length</attalias><attrtype Sync="TRUE">Double</attrtype><attwidth Sync="TRUE">8</attwidth><atprecis Sync="TRUE">0</atprecis><attscale Sync="TRUE">0</attscale><attrdef Sync="TRUE">Length of feature in internal units.</attrdef><attrdefs Sync="TRUE">ESRI</attrdefs><attrdomv><udom Sync="TRUE">Positive real numbers that are automatically generated.</udom></attrdomv></attr></detailed></eainfo><mdDateSt Sync="TRUE">20090928</mdDateSt></metadata>
