<?xml version="1.0"?>
<!--<!DOCTYPE metadata SYSTEM "http://www.esri.com/metadata/esriprof80.dtd">-->
<metadata xml:lang="pt"><Esri><CreaDate>20170925</CreaDate><CreaTime>10372500</CreaTime><SyncOnce>FALSE</SyncOnce><SyncDate>20170124</SyncDate><SyncTime>10101500</SyncTime><ModDate>20170124</ModDate><ModTime>10101500</ModTime><DataProperties><lineage><Process ToolSource="C:\Program Files\ArcGIS\ArcToolbox\Toolboxes\Conversion Tools.tbx\FeatureClassToFeatureClass" Date="20090526" Time="210704">FeatureClassToFeatureClass D:\Canoas\SETOR02\SETOR2_EDIFICACAO.shp "Database Connections\local.sde" edificacao # "setor 'setor' true true false 9 Long 0 9 ,First,#,D:\Canoas\SETOR02\SETOR2_EDIFICACAO.shp,setor,-1,-1;quadra 'quadra' true true false 9 Long 0 9 ,First,#,D:\Canoas\SETOR02\SETOR2_EDIFICACAO.shp,quadra,-1,-1;lote 'lote' true true false 9 Long 0 9 ,First,#,D:\Canoas\SETOR02\SETOR2_EDIFICACAO.shp,lote,-1,-1;edificacao 'edificacao' true true false 9 Long 0 9 ,First,#,D:\Canoas\SETOR02\SETOR2_EDIFICACAO.shp,edificacao,-1,-1" # "Database Connections\local.sde\sde.sde.edificacao"</Process><Process ToolSource="C:\Server\ArcGIS\ArcToolbox\Toolboxes\Conversion Tools.tbx\FeatureClassToFeatureClass" Date="20090530" Time="143602">FeatureClassToFeatureClass "Database Connections\Cristiano.sde\sde.sde.basico\sde.sde.edificacao" "Database Connections\pm_canoas.SDE.sde" edificacao # "setor 'setor' true true false 4 Long 0 10 ,First,#,Database Connections\Cristiano.sde\sde.sde.basico\sde.sde.edificacao,setor,-1,-1;quadra 'quadra' true true false 4 Long 0 10 ,First,#,Database Connections\Cristiano.sde\sde.sde.basico\sde.sde.edificacao,quadra,-1,-1;lote 'lote' true true false 4 Long 0 10 ,First,#,Database Connections\Cristiano.sde\sde.sde.basico\sde.sde.edificacao,lote,-1,-1;edificacao 'edificacao' true true false 4 Long 0 10 ,First,#,Database Connections\Cristiano.sde\sde.sde.basico\sde.sde.edificacao,edificacao,-1,-1;distrito 'distrito' true true false 4 Long 0 10 ,First,#,Database Connections\Cristiano.sde\sde.sde.basico\sde.sde.edificacao,distrito,-1,-1;st_area_shape_ 'st_area_shape_' false false true 0 Double 0 0 ,First,#,Database Connections\Cristiano.sde\sde.sde.basico\sde.sde.edificacao,st_area(shape),-1,-1;st_length_shape_ 'st_length_shape_' false false true 0 Double 0 0 ,First,#,Database Connections\Cristiano.sde\sde.sde.basico\sde.sde.edificacao,st_length(shape),-1,-1" # "Database Connections\pm_canoas.SDE.sde\pm_canoas.sde.edificacao"</Process><Process ToolSource="C:\Server\ArcGIS\ArcToolbox\Toolboxes\Data Management Tools.tbx\CopyFeatures" Date="20090624" Time="131432">CopyFeatures "Database Connections\Connection to localhost.sde\pm_canoas.sde.basico\pm_canoas.sde.edificacao" E:\Brasgeo\Projetos\Prefeitura_Canoas\geocanoas.gdb\pm_canoas_sde_edificacao # 0 0 0</Process></lineage></DataProperties><ArcGISFormat>1.0</ArcGISFormat></Esri><idinfo><citation><citeinfo><onlink Sync="TRUE"></onlink><title Sync="TRUE">geocanoas.sde.edificacao</title><ftname Sync="TRUE">geocanoas.sde.edificacao</ftname><geoform Sync="TRUE">vector digital data</geoform></citeinfo></citation><native Sync="TRUE">Microsoft Windows Vista Version 6.1 (Build 7601) Service Pack 1; ESRI ArcCatalog 9.3.1.3000</native><descript><langdata>pt</langdata><abstract>Contém os dados geográfico das edificações</abstract></descript><timeperd><timeinfo><sngdate/></timeinfo></timeperd><status><progress>Complete</progress></status><spdom><bounding><westbc Sync="TRUE">-51.246803</westbc><eastbc Sync="TRUE">-51.113510</eastbc><northbc Sync="TRUE">-29.861937</northbc><southbc Sync="TRUE">-29.969940</southbc></bounding><lboundng><leftbc Sync="TRUE">476189.066000</leftbc><rightbc Sync="TRUE">489037.070900</rightbc><bottombc Sync="TRUE">6684528.572900</bottombc><topbc Sync="TRUE">6696475.983700</topbc></lboundng></spdom><keywords><theme/></keywords><natvform Sync="TRUE">Classe de Feição SDE </natvform><ptcontac><cntinfo><cntorgp><cntorg>Prefeitura Muncipal de Canoas RS</cntorg><cntper>Geocanoas</cntper></cntorgp><cntvoice>Lauri Henrique de Mattos Basto</cntvoice></cntinfo></ptcontac></idinfo><distInfo><distributor><distorTran><onLineSrc><linkage Sync="TRUE">file://</linkage><protocol Sync="TRUE">Local Area Network</protocol><orDesc Sync="TRUE">002</orDesc></onLineSrc></distorTran><distorFormat><formatName Sync="TRUE">Classe de Feição SDE </formatName></distorFormat></distributor></distInfo><dataqual><lineage><procstep><procdesc Sync="TRUE">Dataset copied.</procdesc><srcused Sync="TRUE">D:\Canoas\SETOR02\Quadra_020_OK\Q020_PO_EDIFICACAO</srcused><procdate Sync="TRUE">20090526</procdate><proctime Sync="TRUE">19110000</proctime></procstep><procstep><procdesc Sync="TRUE">Dataset copied.</procdesc><srcused Sync="TRUE">\\GEO07\E$\Brasgeo\Projetos\Prefeitura_Canoas\geocanoas.gdb</srcused><procdate Sync="TRUE">20090624</procdate><proctime Sync="TRUE">14130500</proctime></procstep><procstep><procdesc Sync="TRUE">O conjunto de dados foi copiado.</procdesc><srcused Sync="TRUE">Server=172.16.8.49; Service=sde:postgresql:172.16.8.49; Database=geocanoas; User=sde; Version=sde.DEFAULT</srcused><procdate Sync="TRUE">20170605</procdate><proctime Sync="TRUE">11090100</proctime></procstep></lineage></dataqual><dataIdInfo><envirDesc Sync="TRUE">Microsoft Windows Vista Version 6.1 (Build 7601) Service Pack 1; ESRI ArcCatalog 9.3.1.3000</envirDesc><dataLang><languageCode Sync="TRUE" value="pt"></languageCode></dataLang><idCitation><resTitle Sync="TRUE">geocanoas.sde.edificacao</resTitle><presForm><PresFormCd Sync="TRUE" value="005"></PresFormCd></presForm></idCitation><spatRpType><SpatRepTypCd Sync="TRUE" value="001"></SpatRepTypCd></spatRpType><dataExt><geoEle><GeoBndBox esriExtentType="native"><westBL Sync="TRUE">476189.066</westBL><eastBL Sync="TRUE">489037.0709</eastBL><northBL Sync="TRUE">6696475.9837</northBL><southBL Sync="TRUE">6684528.5729</southBL><exTypeCode Sync="TRUE">1</exTypeCode></GeoBndBox></geoEle></dataExt><geoBox esriExtentType="decdegrees"><westBL Sync="TRUE">-51.246803</westBL><eastBL Sync="TRUE">-51.11351</eastBL><northBL Sync="TRUE">-29.861937</northBL><southBL Sync="TRUE">-29.96994</southBL><exTypeCode Sync="TRUE">1</exTypeCode></geoBox></dataIdInfo><metainfo><langmeta>pt</langmeta><metstdn Sync="TRUE">FGDC Content Standards for Digital Geospatial Metadata</metstdn><metstdv Sync="TRUE">FGDC-STD-001-1998</metstdv><mettc Sync="TRUE">local time</mettc><metc><cntinfo><cntorgp><cntper>Geocanoas</cntper><cntorg>Prefeitura Municipal de Canoas RS</cntorg></cntorgp><cntaddr><city>Canoas</city><state>RS</state><country>Brasil</country></cntaddr><cntvoice>Lauri Henrique de Mattos Bastos</cntvoice></cntinfo></metc><metd Sync="TRUE">20170124</metd><metextns><onlink Sync="TRUE">http://www.esri.com/metadata/esriprof80.html</onlink><metprof Sync="TRUE">ESRI Metadata Profile</metprof></metextns></metainfo><mdLang><languageCode Sync="TRUE" value="pt"></languageCode></mdLang><mdStanName Sync="TRUE">ISO 19115 Geographic Information - Metadata</mdStanName><mdStanVer Sync="TRUE">DIS_ESRI1.0</mdStanVer><mdChar><CharSetCd Sync="TRUE" value="004"></CharSetCd></mdChar><mdHrLv><ScopeCd Sync="TRUE" value="005"></ScopeCd></mdHrLv><mdHrLvName Sync="TRUE">dataset</mdHrLvName><distinfo><resdesc Sync="TRUE">Downloadable Data</resdesc></distinfo><spdoinfo><direct Sync="TRUE">Vector</direct><ptvctinf><esriterm Name="geocanoas.sde.edificacao"><efeatyp Sync="TRUE">Simple</efeatyp><efeageom Sync="TRUE">Polygon</efeageom><esritopo Sync="TRUE">FALSE</esritopo><efeacnt Sync="TRUE">179016</efeacnt><spindex Sync="TRUE">TRUE</spindex><linrefer Sync="TRUE">FALSE</linrefer></esriterm><sdtsterm Name="geocanoas.sde.edificacao"><sdtstype Sync="TRUE">G-polygon</sdtstype><ptvctcnt Sync="TRUE">179016</ptvctcnt></sdtsterm></ptvctinf></spdoinfo><spref><horizsys><cordsysn><geogcsn Sync="TRUE">GCS_South_American_1969</geogcsn><projcsn Sync="TRUE">SAD_1969_UTM_Zone_22S</projcsn></cordsysn><planar><planci><plance Sync="TRUE">coordinate pair</plance><plandu Sync="TRUE">meters</plandu><coordrep><absres Sync="TRUE">0.000100</absres><ordres Sync="TRUE">0.000100</ordres></coordrep></planci><mapproj><mapprojn Sync="TRUE">Transverse Mercator</mapprojn><transmer><sfctrmer Sync="TRUE">0.999600</sfctrmer><longcm Sync="TRUE">-51.000000</longcm><latprjo Sync="TRUE">0.000000</latprjo><feast Sync="TRUE">500000.000000</feast><fnorth Sync="TRUE">10000000.000000</fnorth></transmer></mapproj></planar><geodetic><horizdn Sync="TRUE">D_South_American_1969</horizdn><ellips Sync="TRUE">GRS_1967_Truncated</ellips><semiaxis Sync="TRUE">6378160.000000</semiaxis><denflat Sync="TRUE">298.250000</denflat></geodetic></horizsys><vertdef><altsys><altenc Sync="TRUE">Explicit elevation coordinate included with horizontal coordinates</altenc><altres Sync="TRUE">1.000000</altres></altsys></vertdef></spref><refSysInfo><RefSystem><refSysID><identCode Sync="TRUE">SAD_1969_UTM_Zone_22S</identCode></refSysID></RefSystem></refSysInfo><spatRepInfo><VectSpatRep><topLvl><TopoLevCd Sync="TRUE" value="001"></TopoLevCd></topLvl><geometObjs Name="geocanoas.sde.edificacao"><geoObjTyp><GeoObjTypCd Sync="TRUE" value="001"></GeoObjTypCd></geoObjTyp><geoObjCnt Sync="TRUE">179016</geoObjCnt></geometObjs></VectSpatRep></spatRepInfo><eainfo><detailed Name="geocanoas.sde.edificacao"><enttyp><enttypl Sync="TRUE">geocanoas.sde.edificacao</enttypl><enttypt Sync="TRUE">Feature Class</enttypt><enttypc Sync="TRUE">179016</enttypc></enttyp><attr><attrlabl Sync="TRUE">objectid</attrlabl><attalias Sync="TRUE">OBJECTID</attalias><attrtype Sync="TRUE">OID</attrtype><attwidth Sync="TRUE">4</attwidth><atprecis Sync="TRUE">10</atprecis><attscale Sync="TRUE">0</attscale><attrdef>Código de controle do ArcSDE</attrdef><attrdomv><udom Sync="TRUE">Sequential unique whole numbers that are automatically generated.</udom></attrdomv><attrdefs Sync="TRUE">ESRI</attrdefs></attr><attr><attrlabl Sync="TRUE">setor</attrlabl><attalias Sync="TRUE">setor</attalias><attrtype Sync="TRUE">Integer</attrtype><attwidth Sync="TRUE">4</attwidth><atprecis Sync="TRUE">10</atprecis><attscale Sync="TRUE">0</attscale><attrdef>Código do setor</attrdef></attr><attr><attrlabl Sync="TRUE">quadra</attrlabl><attalias Sync="TRUE">quadra</attalias><attrtype Sync="TRUE">Integer</attrtype><attwidth Sync="TRUE">4</attwidth><atprecis Sync="TRUE">10</atprecis><attscale Sync="TRUE">0</attscale><attrdef>Código da quadra</attrdef></attr><attr><attrlabl Sync="TRUE">lote</attrlabl><attalias Sync="TRUE">lote</attalias><attrtype Sync="TRUE">Integer</attrtype><attwidth Sync="TRUE">4</attwidth><atprecis Sync="TRUE">10</atprecis><attscale Sync="TRUE">0</attscale><attrdef>Código do lote</attrdef></attr><attr><attrlabl Sync="TRUE">edificacao</attrlabl><attalias Sync="TRUE">edificacao</attalias><attrtype Sync="TRUE">Integer</attrtype><attwidth Sync="TRUE">4</attwidth><atprecis Sync="TRUE">10</atprecis><attscale Sync="TRUE">0</attscale><attrdef>Código da edificação</attrdef></attr><attr><attrlabl Sync="TRUE">distrito</attrlabl><attalias Sync="TRUE">distrito</attalias><attrtype Sync="TRUE">Integer</attrtype><attwidth Sync="TRUE">4</attwidth><atprecis Sync="TRUE">10</atprecis><attscale Sync="TRUE">0</attscale><attrdef>Código do distrito</attrdef></attr><attr><attrlabl Sync="TRUE">shape</attrlabl><attalias Sync="TRUE">Shape</attalias><attrtype Sync="TRUE">Geometry</attrtype><attwidth Sync="TRUE">4</attwidth><atprecis Sync="TRUE">0</atprecis><attscale Sync="TRUE">0</attscale><attrdef>Dado geográfico da edificação</attrdef><attrdomv><udom Sync="TRUE">Coordinates defining the features.</udom></attrdomv><attrdefs Sync="TRUE">ESRI</attrdefs></attr><attr><attrlabl Sync="TRUE">bairro</attrlabl><attalias Sync="TRUE">bairro</attalias><attrtype Sync="TRUE">String</attrtype><attwidth Sync="TRUE">30</attwidth><atprecis Sync="TRUE">0</atprecis><attscale Sync="TRUE">0</attscale></attr><attr><attrlabl Sync="TRUE">lotebkp</attrlabl><attalias Sync="TRUE">lotebkp</attalias><attrtype Sync="TRUE">SmallInteger</attrtype><attwidth Sync="TRUE">2</attwidth><atprecis Sync="TRUE">5</atprecis><attscale Sync="TRUE">0</attscale></attr><attr><attrlabl Sync="TRUE">st_area(shape)</attrlabl><attalias Sync="TRUE">st_area(shape)</attalias><attrtype Sync="TRUE">Double</attrtype><attwidth Sync="TRUE">0</attwidth><atprecis Sync="TRUE">0</atprecis><attscale Sync="TRUE">0</attscale><attrdef>Área da edificação</attrdef></attr><attr><attrlabl Sync="TRUE">st_length(shape)</attrlabl><attalias Sync="TRUE">st_length(shape)</attalias><attrtype Sync="TRUE">Double</attrtype><attwidth Sync="TRUE">0</attwidth><atprecis Sync="TRUE">0</atprecis><attscale Sync="TRUE">0</attscale><attrdef>Perímetro da edificação</attrdef></attr></detailed></eainfo><mdDateSt Sync="TRUE">20170124</mdDateSt></metadata>
