<?xml version="1.0" encoding="UTF-8"?>
<metadata xml:lang="pt"><Esri><CreaDate>20210129</CreaDate><CreaTime>12565100</CreaTime><ArcGISFormat>1.0</ArcGISFormat><SyncOnce>TRUE</SyncOnce><DataProperties><itemProps><itemLocation><linkage Sync="TRUE">file://\\PC095058\C$\Geo\Trabalho\Canalizações\quadras_topovision</linkage><protocol Sync="TRUE">Local Area Network</protocol></itemLocation></itemProps><copyHistory><copy source="C:\Geo\Trabalho\Mapa 2020\quadras_topovision" dest="\\PC095058\C$\Geo\Trabalho\Canalizações\quadras_topovision" date="20201120" time="08325500"></copy></copyHistory></DataProperties></Esri></metadata>
