<metadata xml:lang="pt"><Esri><CreaDate>20161117</CreaDate><CreaTime>10470400</CreaTime><ArcGISFormat>1.0</ArcGISFormat><SyncOnce>TRUE</SyncOnce><ArcGISProfile>ItemDescription</ArcGISProfile></Esri><dataIdInfo><idAbs>&lt;DIV STYLE="text-align:Left;"&gt;&lt;DIV&gt;&lt;DIV&gt;&lt;P&gt;&lt;SPAN&gt;Shape atualizado em &lt;/SPAN&gt;&lt;SPAN&gt;Abril de 2018 &lt;/SPAN&gt;&lt;SPAN&gt;pelo DGSIG em resposta a solicitação do DIPE e em consonância com o Ofício recebido da SE&lt;/SPAN&gt;&lt;SPAN&gt;L&lt;/SPAN&gt;&lt;SPAN&gt;.&lt;/SPAN&gt;&lt;SPAN&gt;Obs: Apenas os registros que contêm "sim" no campo "ofício" foram conferidos, pois estavam presentes na lista. Os demais registros não se encontravam no documento oficial.&lt;/SPAN&gt;&lt;/P&gt;&lt;P&gt;&lt;SPAN /&gt;&lt;/P&gt;&lt;/DIV&gt;&lt;/DIV&gt;&lt;/DIV&gt;</idAbs><idCitation><resTitle>Equipamentos Desportivos 2018</resTitle></idCitation></dataIdInfo></metadata>
