<?xml version="1.0" encoding="UTF-8"?>
<metadata xml:lang="pt"><Esri><CreaDate>20220128</CreaDate><CreaTime>14570100</CreaTime><ArcGISFormat>1.0</ArcGISFormat><SyncOnce>FALSE</SyncOnce><DataProperties><lineage><Process ToolSource="c:\program files (x86)\arcgis\desktop10.5\ArcToolbox\Toolboxes\Data Management Tools.tbx\CalculateField" Date="20181203" Time="141845">CalculateField NUMERO_DE_PORTA COD_TRECHO [novo_cod_trecho] VB #</Process><Process ToolSource="c:\program files (x86)\arcgis\desktop10.5\ArcToolbox\Toolboxes\Data Management Tools.tbx\CalculateField" Date="20181203" Time="142130">CalculateField NUMERO_DE_PORTA COD_TRECHO [novo_cod_tr_2] VB #</Process><Process ToolSource="c:\program files (x86)\arcgis\desktop10.7\ArcToolbox\Toolboxes\Data Management Tools.tbx\CalculateField" Date="20190506" Time="170716">CalculateField NUMERO_DE_PORTA CL 086272 VB #</Process><Process ToolSource="c:\program files (x86)\arcgis\desktop10.7\ArcToolbox\Toolboxes\Data Management Tools.tbx\CalculateField" Date="20190506" Time="171630">CalculateField NUMERO_DE_PORTA CL "086272" VB #</Process><Process ToolSource="c:\program files (x86)\arcgis\desktop10.7\ArcToolbox\Toolboxes\Data Management Tools.tbx\CalculateField" Date="20190506" Time="172243">CalculateField NUMERO_DE_PORTA CLNP "[CL] &amp; [NP]" VB #</Process><Process ToolSource="c:\program files (x86)\arcgis\desktop10.7\ArcToolbox\Toolboxes\Data Management Tools.tbx\CalculateField" Date="20190507" Time="083507">CalculateField NUMERO_DE_PORTA CL 073825 VB #</Process><Process ToolSource="c:\program files (x86)\arcgis\desktop10.7\ArcToolbox\Toolboxes\Data Management Tools.tbx\CalculateField" Date="20190507" Time="083530">CalculateField NUMERO_DE_PORTA CL "073825" VB #</Process><Process ToolSource="c:\program files (x86)\arcgis\desktop10.7\ArcToolbox\Toolboxes\Data Management Tools.tbx\CalculateField" Date="20190507" Time="083555">CalculateField NUMERO_DE_PORTA CLNP "[CL] &amp; [NP]" VB #</Process><Process ToolSource="c:\program files (x86)\arcgis\desktop10.7\ArcToolbox\Toolboxes\Data Management Tools.tbx\CalculateField" Date="20190507" Time="084243">CalculateField NUMERO_DE_PORTA CL "094920" VB #</Process><Process ToolSource="c:\program files (x86)\arcgis\desktop10.7\ArcToolbox\Toolboxes\Data Management Tools.tbx\CalculateField" Date="20190507" Time="084301">CalculateField NUMERO_DE_PORTA CLNP "[CL] &amp; [NP]" VB #</Process><Process ToolSource="c:\program files (x86)\arcgis\desktop10.7\ArcToolbox\Toolboxes\Data Management Tools.tbx\CalculateField" Date="20190507" Time="084616">CalculateField NUMERO_DE_PORTA CL "094920" VB #</Process><Process ToolSource="c:\program files (x86)\arcgis\desktop10.7\ArcToolbox\Toolboxes\Data Management Tools.tbx\CalculateField" Date="20190507" Time="084631">CalculateField NUMERO_DE_PORTA CLNP "[CL] &amp; [NP]" VB #</Process><Process ToolSource="c:\program files (x86)\arcgis\desktop10.7\ArcToolbox\Toolboxes\Data Management Tools.tbx\CalculateField" Date="20190507" Time="085254">CalculateField NUMERO_DE_PORTA CL "125393" VB #</Process><Process ToolSource="c:\program files (x86)\arcgis\desktop10.7\ArcToolbox\Toolboxes\Data Management Tools.tbx\CalculateField" Date="20190507" Time="085408">CalculateField NUMERO_DE_PORTA CLNP "[CL] &amp; [NP] " VB #</Process><Process ToolSource="c:\program files (x86)\arcgis\desktop10.7\ArcToolbox\Toolboxes\Data Management Tools.tbx\CalculateField" Date="20190507" Time="085807">CalculateField NUMERO_DE_PORTA CL "498253" VB #</Process><Process ToolSource="c:\program files (x86)\arcgis\desktop10.7\ArcToolbox\Toolboxes\Data Management Tools.tbx\CalculateField" Date="20190507" Time="085834">CalculateField NUMERO_DE_PORTA CLNP "[CL] &amp; [NP]" VB #</Process><Process ToolSource="c:\program files (x86)\arcgis\desktop10.7\ArcToolbox\Toolboxes\Data Management Tools.tbx\CalculateField" Date="20190507" Time="090223">CalculateField NUMERO_DE_PORTA CL "165837" VB #</Process><Process ToolSource="c:\program files (x86)\arcgis\desktop10.7\ArcToolbox\Toolboxes\Data Management Tools.tbx\CalculateField" Date="20190507" Time="093237">CalculateField NUMERO_DE_PORTA CL "220269" VB #</Process><Process ToolSource="c:\program files (x86)\arcgis\desktop10.7\ArcToolbox\Toolboxes\Data Management Tools.tbx\CalculateField" Date="20190507" Time="095149">CalculateField NUMERO_DE_PORTA CL "220244" VB #</Process><Process ToolSource="c:\program files (x86)\arcgis\desktop10.7\ArcToolbox\Toolboxes\Data Management Tools.tbx\CalculateField" Date="20190510" Time="101033">CalculateField NUMERO_DE_PORTA NP_INT [NP] VB #</Process><Process ToolSource="c:\program files (x86)\arcgis\desktop10.7\ArcToolbox\Toolboxes\Data Management Tools.tbx\CalculateField" Date="20190510" Time="101928">CalculateField NUMERO_DE_PORTA NP_INT "Int ( [NP] )" VB #</Process><Process ToolSource="c:\program files (x86)\arcgis\desktop10.7\ArcToolbox\Toolboxes\Data Management Tools.tbx\CalculateField" Date="20190510" Time="102048">CalculateField NUMERO_DE_PORTA NP_INT [NP] VB #</Process><Process ToolSource="c:\program files (x86)\arcgis\desktop10.7\ArcToolbox\Toolboxes\Conversion Tools.tbx\FeatureClassToFeatureClass" Date="20190814" Time="141457">FeatureClassToFeatureClass NUMERO_DE_PORTA "Database Connections\Connection to srv000420.sde" NUMERO_DE_PORTA # "COD_NP "COD_NP" true true false 8 Double 0 0 ,First,#,NUMERO_DE_PORTA,COD_NP,-1,-1;NP "NP" true true false 6 Text 0 0 ,First,#,NUMERO_DE_PORTA,NP,-1,-1;CL "CL" true true false 6 Text 0 0 ,First,#,NUMERO_DE_PORTA,CL,-1,-1;CLNP "CLNP" true true false 11 Text 0 0 ,First,#,NUMERO_DE_PORTA,CLNP,-1,-1;COMPL_NP "COMPL_NP" true true false 14 Text 0 0 ,First,#,NUMERO_DE_PORTA,COMPL_NP,-1,-1;CLNP_ASS "CLNP_ASS" true true false 11 Text 0 0 ,First,#,NUMERO_DE_PORTA,CLNP_ASS,-1,-1;COD_USO "COD_USO" true true false 4 Long 0 0 ,First,#,NUMERO_DE_PORTA,COD_USO,-1,-1;NOME_GRUPO "NOME_GRUPO" true true false 72 Text 0 0 ,First,#,NUMERO_DE_PORTA,NOME_GRUPO,-1,-1;NUM_ADJ_A "NUM_ADJ_A" true true false 10 Text 0 0 ,First,#,NUMERO_DE_PORTA,NUM_ADJ_A,-1,-1;NUM_ADJ_B "NUM_ADJ_B" true true false 10 Text 0 0 ,First,#,NUMERO_DE_PORTA,NUM_ADJ_B,-1,-1;Data_Inc "Data_Inc" true true false 8 Date 0 0 ,First,#,NUMERO_DE_PORTA,Data_Inc,-1,-1;Data_Int "Data_Int" true true false 8 Date 0 0 ,First,#,NUMERO_DE_PORTA,Data_Int,-1,-1;CHAVEGEO_NP "CHAVEGEO_NP" true true false 8 Text 0 0 ,First,#,NUMERO_DE_PORTA,CHAVEGEO_NP,-1,-1;COD_TIPOLOGIA "COD_TIPOLOGIA" true true false 2 Short 0 0 ,First,#,NUMERO_DE_PORTA,COD_TIPOLOGIA,-1,-1;COD_UTILIZACAO "COD_UTILIZACAO" true true false 2 Short 0 0 ,First,#,NUMERO_DE_PORTA,COD_UTILIZACAO,-1,-1;NUM_PAVIMENTOS "NUM_PAVIMENTOS" true true false 2 Short 0 0 ,First,#,NUMERO_DE_PORTA,NUM_PAVIMENTOS,-1,-1;FLAG_ED_RUINAS "FLAG_ED_RUINAS" true true false 2 Short 0 0 ,First,#,NUMERO_DE_PORTA,FLAG_ED_RUINAS,-1,-1;COD_QUADRA "COD_QUADRA" true true false 9 Text 0 0 ,First,#,NUMERO_DE_PORTA,COD_QUADRA,-1,-1;COD_FACE "COD_FACE" true true false 8 Double 0 0 ,First,#,NUMERO_DE_PORTA,COD_FACE,-1,-1;COD_LOTE "COD_LOTE" true true false 9 Text 0 0 ,First,#,NUMERO_DE_PORTA,COD_LOTE,-1,-1;COD_TRECHO "COD_TRECHO" true true false 4 Long 0 0 ,First,#,NUMERO_DE_PORTA,COD_TRECHO,-1,-1;Y "Y" true true false 8 Double 0 0 ,First,#,NUMERO_DE_PORTA,Y,-1,-1;Dist_Lote "Dist_Lote" true true false 8 Double 0 0 ,First,#,NUMERO_DE_PORTA,Dist_Lote,-1,-1;Dist_bases "Dist_bases" true true false 8 Double 0 0 ,First,#,NUMERO_DE_PORTA,Dist_bases,-1,-1;CEP "CEP" true true false 10 Text 0 0 ,First,#,NUMERO_DE_PORTA,CEP,-1,-1;CL_ORIGINAL "CL_ORIGINAL" true true false 6 Text 0 0 ,First,#,NUMERO_DE_PORTA,CL_ORIGINAL,-1,-1;relacao "relacao" true true false 50 Text 0 0 ,First,#,NUMERO_DE_PORTA,relacao,-1,-1;CLNP_TRIB "CLNP_TRIB" true true false 3 Text 0 0 ,First,#,NUMERO_DE_PORTA,CLNP_TRIB,-1,-1;X "X" true true false 8 Double 0 0 ,First,#,NUMERO_DE_PORTA,X,-1,-1;NP_INT "NP" true true false 2 Short 0 0 ,First,#,NUMERO_DE_PORTA,NP_INT,-1,-1" #</Process><Process ToolSource="d:\arcgis\desktop10.5\ArcToolbox\Toolboxes\Data Management Tools.tbx\MigrateStorage" Date="20190821" Time="150314">MigrateStorage 'Database Connections\Connection to srv000420 BD_LOGRADOUROS.sde\Bd_Logradouros.DBO.BAIRROS';'Database Connections\Connection to srv000420 BD_LOGRADOUROS.sde\Bd_Logradouros.DBO.Esquina_pt_new';'Database Connections\Connection to srv000420 BD_LOGRADOUROS.sde\BD_LOGRADOUROS.DBO.FACE_QUADRAS_H';'Database Connections\Connection to srv000420 BD_LOGRADOUROS.sde\Bd_Logradouros.DBO.FACES_QUADRA';'Database Connections\Connection to srv000420 BD_LOGRADOUROS.sde\Bd_Logradouros.DBO.Folhas10k';'Database Connections\Connection to srv000420 BD_LOGRADOUROS.sde\Bd_Logradouros.DBO.LOTES_DEM_3D';'Database Connections\Connection to srv000420 BD_LOGRADOUROS.sde\Bd_Logradouros.DBO.MEIO_FIO';'Database Connections\Connection to srv000420 BD_LOGRADOUROS.sde\Bd_Logradouros.DBO.NUMERO_DE_PORTA';'Database Connections\Connection to srv000420 BD_LOGRADOUROS.sde\Bd_Logradouros.DBO.POLIGONO_LOGRADOURO';'Database Connections\Connection to srv000420 BD_LOGRADOUROS.sde\BD_LOGRADOUROS.DBO.princ_logra';'Database Connections\Connection to srv000420 BD_LOGRADOUROS.sde\Bd_Logradouros.DBO.QUADRAS';'Database Connections\Connection to srv000420 BD_LOGRADOUROS.sde\BD_LOGRADOUROS.DBO.QUADRAS_H';'Database Connections\Connection to srv000420 BD_LOGRADOUROS.sde\Bd_Logradouros.DBO.restricao';'Database Connections\Connection to srv000420 BD_LOGRADOUROS.sde\Bd_Logradouros.DBO.TRECHOS';'Database Connections\Connection to srv000420 BD_LOGRADOUROS.sde\BD_LOGRADOUROS.DBO.TRECHOS_H';'Database Connections\Connection to srv000420 BD_LOGRADOUROS.sde\Bd_Logradouros.DBO.Trechos_streetbase' GEOMETRY</Process><Process ToolSource="c:\program files\arcgis\pro\Resources\ArcToolbox\Toolboxes\Data Management Tools.tbx\UpdateSchema" Date="20191003" Time="133843">UpdateSchema "CIMDATA=&lt;CIMStandardDataConnection xsi:type='typens:CIMStandardDataConnection' xmlns:xsi='http://www.w3.org/2001/XMLSchema-instance' xmlns:xs='http://www.w3.org/2001/XMLSchema' xmlns:typens='http://www.esri.com/schemas/ArcGIS/2.3.0'&gt;&lt;WorkspaceConnectionString&gt;ENCRYPTED_PASSWORD=00022e684e62464c51547737453963675a4858507a684f6131504a38456f39725a7a7a594e617873717646784d38733d2a00;SERVER=srv000420;INSTANCE=sde:sqlserver:srv000420;DBCLIENT=sqlserver;DB_CONNECTION_PROPERTIES=srv000420;DATABASE=Bd_Logradouros;USER=datarioservice;VERSION=dbo.DEFAULT;AUTHENTICATION_MODE=DBMS&lt;/WorkspaceConnectionString&gt;&lt;WorkspaceFactory&gt;SDE&lt;/WorkspaceFactory&gt;&lt;Dataset&gt;Bd_Logradouros.DBO.NUMERO_DE_PORTA&lt;/Dataset&gt;&lt;DatasetType&gt;esriDTFeatureClass&lt;/DatasetType&gt;&lt;/CIMStandardDataConnection&gt;" &lt;operationSequence&gt;&lt;workflow&gt;&lt;AlterField&gt;&lt;field_name&gt;COD_QUADRA&lt;/field_name&gt;&lt;field_type&gt;TEXT&lt;/field_type&gt;&lt;field_length&gt;12&lt;/field_length&gt;&lt;field_is_nullable&gt;True&lt;/field_is_nullable&gt;&lt;clear_field_alias&gt;False&lt;/clear_field_alias&gt;&lt;/AlterField&gt;&lt;/workflow&gt;&lt;/operationSequence&gt;</Process><Process ToolSource="c:\program files (x86)\arcgis\desktop10.7\ArcToolbox\Toolboxes\Data Management Tools.tbx\ChangePrivileges" Date="20200109" Time="172259">ChangePrivileges 'Database Connections\BD_Logradouros@srv000420.sde\Bd_Logradouros.DBO.NUMERO_DE_PORTA';'Database Connections\BD_Logradouros@srv000420.sde\Bd_Logradouros.DBO.TRECHOS' rio\02497188 GRANT AS_IS</Process><Process ToolSource="c:\program files (x86)\arcgis\desktop10.7\ArcToolbox\Toolboxes\Data Management Tools.tbx\ChangePrivileges" Date="20200910" Time="185523">ChangePrivileges 'Database Connections\BD_Logradouros@srv000420.sde\Bd_Logradouros.dbo._CheckList_Espacodisco';'Database Connections\BD_Logradouros@srv000420.sde\Bd_Logradouros.DBO.A_LOTES';'Database Connections\BD_Logradouros@srv000420.sde\BD_LOGRADOUROS.dbo.Audit';'Database Connections\BD_Logradouros@srv000420.sde\BD_LOGRADOUROS.DBO.aux_Bairros';'Database Connections\BD_Logradouros@srv000420.sde\BD_LOGRADOUROS.DBO.aux_Hierarquia';'Database Connections\BD_Logradouros@srv000420.sde\BD_LOGRADOUROS.DBO.aux_Nobreza';'Database Connections\BD_Logradouros@srv000420.sde\BD_LOGRADOUROS.DBO.Aux_Pav_Calcada';'Database Connections\BD_Logradouros@srv000420.sde\BD_LOGRADOUROS.DBO.aux_Pavimentacao';'Database Connections\BD_Logradouros@srv000420.sde\BD_LOGRADOUROS.DBO.aux_Sit_Logra';'Database Connections\BD_Logradouros@srv000420.sde\BD_LOGRADOUROS.DBO.aux_Sit_Trecho';'Database Connections\BD_Logradouros@srv000420.sde\BD_LOGRADOUROS.DBO.aux_Tipologia';'Database Connections\BD_Logradouros@srv000420.sde\BD_LOGRADOUROS.DBO.aux_TipoLogra';'Database Connections\BD_Logradouros@srv000420.sde\BD_LOGRADOUROS.DBO.aux_TipoTrecho';'Database Connections\BD_Logradouros@srv000420.sde\BD_LOGRADOUROS.DBO.aux_Uso';'Database Connections\BD_Logradouros@srv000420.sde\BD_LOGRADOUROS.DBO.aux_Utilizacao';'Database Connections\BD_Logradouros@srv000420.sde\BD_LOGRADOUROS.DBO.Bairro_Trecho';'Database Connections\BD_Logradouros@srv000420.sde\Bd_Logradouros.DBO.BAIRROS';'Database Connections\BD_Logradouros@srv000420.sde\Bd_Logradouros.dbo.CEP';'Database Connections\BD_Logradouros@srv000420.sde\Bd_Logradouros.dbo.CL_USO_SMF';'Database Connections\BD_Logradouros@srv000420.sde\BD_LOGRADOUROS.DBO.CLNP_CEP';'Database Connections\BD_Logradouros@srv000420.sde\Bd_Logradouros.DBO.EDIFICACOES';'Database Connections\BD_Logradouros@srv000420.sde\Bd_Logradouros.DBO.Esquina_pt_new';'Database Connections\BD_Logradouros@srv000420.sde\BD_LOGRADOUROS.DBO.Esquinas';'Database Connections\BD_Logradouros@srv000420.sde\BD_LOGRADOUROS.DBO.FACE_QUADRAS_H';'Database Connections\BD_Logradouros@srv000420.sde\BD_LOGRADOUROS.DBO.FACE_TRECHO';'Database Connections\BD_Logradouros@srv000420.sde\Bd_Logradouros.DBO.FACES_QUADRA';'Database Connections\BD_Logradouros@srv000420.sde\Bd_Logradouros.DBO.Folhas10k';'Database Connections\BD_Logradouros@srv000420.sde\BD_LOGRADOUROS.DBO.Histor_Logra';'Database Connections\BD_Logradouros@srv000420.sde\BD_LOGRADOUROS.DBO.Histor_NumPorta';'Database Connections\BD_Logradouros@srv000420.sde\BD_LOGRADOUROS.DBO.Histor_Trecho';'Database Connections\BD_Logradouros@srv000420.sde\BD_LOGRADOUROS.DBO.INFRAESTRUTURA';'Database Connections\BD_Logradouros@srv000420.sde\Bd_Logradouros.DBO.Logra_editado';'Database Connections\BD_Logradouros@srv000420.sde\Bd_Logradouros.DBO.LOGRADOUROS';'Database Connections\BD_Logradouros@srv000420.sde\BD_LOGRADOUROS.DBO.LOGRADOUROS_H';'Database Connections\BD_Logradouros@srv000420.sde\Bd_Logradouros.dbo.logradouros_naogeorreferenciados';'Database Connections\BD_Logradouros@srv000420.sde\Bd_Logradouros.DBO.LOTES_DEM_3D';'Database Connections\BD_Logradouros@srv000420.sde\Bd_Logradouros.DBO.MDE_10K_5m_SIRGAS';'Database Connections\BD_Logradouros@srv000420.sde\Bd_Logradouros.DBO.MEIO_FIO';'Database Connections\BD_Logradouros@srv000420.sde\BD_LOGRADOUROS.DBO.NP_SpcJoin';'Database Connections\BD_Logradouros@srv000420.sde\Bd_Logradouros.DBO.NUMERO_DE_PORTA';'Database Connections\BD_Logradouros@srv000420.sde\BD_LOGRADOUROS.DBO.PL_Valor';'Database Connections\BD_Logradouros@srv000420.sde\Bd_Logradouros.DBO.POLIGONO_LOGRADOURO';'Database Connections\BD_Logradouros@srv000420.sde\BD_LOGRADOUROS.DBO.princ_logra';'Database Connections\BD_Logradouros@srv000420.sde\Bd_Logradouros.DBO.QUADRAS';'Database Connections\BD_Logradouros@srv000420.sde\BD_LOGRADOUROS.DBO.QUADRAS_H';'Database Connections\BD_Logradouros@srv000420.sde\BD_LOGRADOUROS.DBO.Rec_Logra';'Database Connections\BD_Logradouros@srv000420.sde\Bd_Logradouros.DBO.restricao';'Database Connections\BD_Logradouros@srv000420.sde\Bd_Logradouros.dbo.SDE_compress_log';'Database Connections\BD_Logradouros@srv000420.sde\Bd_Logradouros.DBO.tipo_logradouro';'Database Connections\BD_Logradouros@srv000420.sde\Bd_Logradouros.DBO.tipo_nobreza';'Database Connections\BD_Logradouros@srv000420.sde\Bd_Logradouros.DBO.TRECHOS';'Database Connections\BD_Logradouros@srv000420.sde\BD_LOGRADOUROS.DBO.TRECHOS_H';'Database Connections\BD_Logradouros@srv000420.sde\Bd_Logradouros.DBO.Trechos_streetbase';'Database Connections\BD_Logradouros@srv000420.sde\Bd_Logradouros.dbo.V_Logra_Bairro';'Database Connections\BD_Logradouros@srv000420.sde\Bd_Logradouros.dbo.View_1';'Database Connections\BD_Logradouros@srv000420.sde\Bd_Logradouros.dbo.View_Teste';'Database Connections\BD_Logradouros@srv000420.sde\Bd_Logradouros.dbo.vw_aux_hierarquia';'Database Connections\BD_Logradouros@srv000420.sde\Bd_Logradouros.dbo.VW_CL_NP_Bairro';'Database Connections\BD_Logradouros@srv000420.sde\Bd_Logradouros.dbo.VW_CL_NP_Bairro_OLD';'Database Connections\BD_Logradouros@srv000420.sde\Bd_Logradouros.dbo.VW_Logra1746';'Database Connections\BD_Logradouros@srv000420.sde\Bd_Logradouros.dbo.VW_Logradouros';'Database Connections\BD_Logradouros@srv000420.sde\Bd_Logradouros.dbo.VW_Max_Cod_Version';'Database Connections\BD_Logradouros@srv000420.sde\Bd_Logradouros.dbo.VW_Max_Cod_Version_Orig';'Database Connections\BD_Logradouros@srv000420.sde\Bd_Logradouros.dbo.VW_Max_CodTrecho';'Database Connections\BD_Logradouros@srv000420.sde\Bd_Logradouros.dbo.VW_MaxCL';'Database Connections\BD_Logradouros@srv000420.sde\Bd_Logradouros.dbo.VW_NP_Bairro';'Database Connections\BD_Logradouros@srv000420.sde\Bd_Logradouros.dbo.VW_ntrechos';'Database Connections\BD_Logradouros@srv000420.sde\Bd_Logradouros.dbo.VW_Numporta';'Database Connections\BD_Logradouros@srv000420.sde\Bd_Logradouros.dbo.VW_Numporta_OLD';'Database Connections\BD_Logradouros@srv000420.sde\Bd_Logradouros.dbo.vw_teste';'Database Connections\BD_Logradouros@srv000420.sde\Bd_Logradouros.dbo.VW_trecho_comlurb';'Database Connections\BD_Logradouros@srv000420.sde\Bd_Logradouros.dbo.VW_Trechos' rio\02497311 GRANT GRANT</Process><Process ToolSource="c:\program files (x86)\arcgis\desktop10.8\ArcToolbox\Toolboxes\Data Management Tools.tbx\ChangePrivileges" Date="20201020" Time="182725">ChangePrivileges 'Database Connections\Bd_Logradouros@srv000420.sde\Bd_Logradouros.DBO.A_LOTES';'Database Connections\Bd_Logradouros@srv000420.sde\BD_LOGRADOUROS.dbo.Audit';'Database Connections\Bd_Logradouros@srv000420.sde\Bd_Logradouros.dbo.Audit_bkp';'Database Connections\Bd_Logradouros@srv000420.sde\BD_LOGRADOUROS.DBO.aux_Bairros';'Database Connections\Bd_Logradouros@srv000420.sde\BD_LOGRADOUROS.DBO.aux_Hierarquia';'Database Connections\Bd_Logradouros@srv000420.sde\BD_LOGRADOUROS.DBO.aux_Nobreza';'Database Connections\Bd_Logradouros@srv000420.sde\BD_LOGRADOUROS.DBO.Aux_Pav_Calcada';'Database Connections\Bd_Logradouros@srv000420.sde\BD_LOGRADOUROS.DBO.aux_Pavimentacao';'Database Connections\Bd_Logradouros@srv000420.sde\BD_LOGRADOUROS.DBO.aux_Sit_Logra';'Database Connections\Bd_Logradouros@srv000420.sde\BD_LOGRADOUROS.DBO.aux_Sit_Trecho';'Database Connections\Bd_Logradouros@srv000420.sde\BD_LOGRADOUROS.DBO.aux_Tipologia';'Database Connections\Bd_Logradouros@srv000420.sde\BD_LOGRADOUROS.DBO.aux_TipoLogra';'Database Connections\Bd_Logradouros@srv000420.sde\BD_LOGRADOUROS.DBO.aux_TipoTrecho';'Database Connections\Bd_Logradouros@srv000420.sde\BD_LOGRADOUROS.DBO.aux_Uso';'Database Connections\Bd_Logradouros@srv000420.sde\BD_LOGRADOUROS.DBO.aux_Utilizacao';'Database Connections\Bd_Logradouros@srv000420.sde\BD_LOGRADOUROS.DBO.Bairro_Trecho';'Database Connections\Bd_Logradouros@srv000420.sde\Bd_Logradouros.DBO.BAIRROS';'Database Connections\Bd_Logradouros@srv000420.sde\Bd_Logradouros.dbo.CEP';'Database Connections\Bd_Logradouros@srv000420.sde\Bd_Logradouros.dbo.CL_USO_SMF';'Database Connections\Bd_Logradouros@srv000420.sde\Bd_Logradouros.DBO.CL_USO_SMF_orig';'Database Connections\Bd_Logradouros@srv000420.sde\BD_LOGRADOUROS.DBO.CLNP_CEP';'Database Connections\Bd_Logradouros@srv000420.sde\Bd_Logradouros.DBO.EDIFICACOES';'Database Connections\Bd_Logradouros@srv000420.sde\Bd_Logradouros.DBO.EDIFICACOES_1';'Database Connections\Bd_Logradouros@srv000420.sde\Bd_Logradouros.DBO.Esquina_pt_new';'Database Connections\Bd_Logradouros@srv000420.sde\BD_LOGRADOUROS.DBO.Esquinas';'Database Connections\Bd_Logradouros@srv000420.sde\BD_LOGRADOUROS.DBO.FACE_QUADRAS_H';'Database Connections\Bd_Logradouros@srv000420.sde\BD_LOGRADOUROS.DBO.FACE_TRECHO';'Database Connections\Bd_Logradouros@srv000420.sde\Bd_Logradouros.DBO.FACES_QUADRA';'Database Connections\Bd_Logradouros@srv000420.sde\Bd_Logradouros.DBO.Folhas10k';'Database Connections\Bd_Logradouros@srv000420.sde\BD_LOGRADOUROS.DBO.Histor_Logra';'Database Connections\Bd_Logradouros@srv000420.sde\BD_LOGRADOUROS.DBO.Histor_NumPorta';'Database Connections\Bd_Logradouros@srv000420.sde\BD_LOGRADOUROS.DBO.Histor_Trecho';'Database Connections\Bd_Logradouros@srv000420.sde\BD_LOGRADOUROS.DBO.INFRAESTRUTURA';'Database Connections\Bd_Logradouros@srv000420.sde\Bd_Logradouros.DBO.Logra_editado';'Database Connections\Bd_Logradouros@srv000420.sde\Bd_Logradouros.DBO.LOGRADOUROS';'Database Connections\Bd_Logradouros@srv000420.sde\BD_LOGRADOUROS.DBO.LOGRADOUROS_H';'Database Connections\Bd_Logradouros@srv000420.sde\Bd_Logradouros.dbo.logradouros_naogeorreferenciados';'Database Connections\Bd_Logradouros@srv000420.sde\Bd_Logradouros.DBO.LOTES_DEM_3D';'Database Connections\Bd_Logradouros@srv000420.sde\Bd_Logradouros.DBO.MDE_10K_5m_SIRGAS';'Database Connections\Bd_Logradouros@srv000420.sde\Bd_Logradouros.DBO.MEIO_FIO';'Database Connections\Bd_Logradouros@srv000420.sde\BD_LOGRADOUROS.DBO.NP_SpcJoin';'Database Connections\Bd_Logradouros@srv000420.sde\Bd_Logradouros.DBO.NUMERO_DE_PORTA';'Database Connections\Bd_Logradouros@srv000420.sde\BD_LOGRADOUROS.DBO.PL_Valor';'Database Connections\Bd_Logradouros@srv000420.sde\Bd_Logradouros.DBO.POLIGONO_LOGRADOURO';'Database Connections\Bd_Logradouros@srv000420.sde\BD_LOGRADOUROS.DBO.princ_logra';'Database Connections\Bd_Logradouros@srv000420.sde\Bd_Logradouros.DBO.QUADRAS';'Database Connections\Bd_Logradouros@srv000420.sde\BD_LOGRADOUROS.DBO.QUADRAS_H';'Database Connections\Bd_Logradouros@srv000420.sde\BD_LOGRADOUROS.DBO.Rec_Logra';'Database Connections\Bd_Logradouros@srv000420.sde\Bd_Logradouros.DBO.restricao';'Database Connections\Bd_Logradouros@srv000420.sde\Bd_Logradouros.dbo.SDE_compress_log';'Database Connections\Bd_Logradouros@srv000420.sde\Bd_Logradouros.DBO.tipo_logradouro';'Database Connections\Bd_Logradouros@srv000420.sde\Bd_Logradouros.DBO.tipo_nobreza';'Database Connections\Bd_Logradouros@srv000420.sde\Bd_Logradouros.DBO.TRECHOS';'Database Connections\Bd_Logradouros@srv000420.sde\BD_LOGRADOUROS.DBO.TRECHOS_H';'Database Connections\Bd_Logradouros@srv000420.sde\Bd_Logradouros.DBO.Trechos_streetbase';'Database Connections\Bd_Logradouros@srv000420.sde\Bd_Logradouros.dbo.V_Logra_Bairro';'Database Connections\Bd_Logradouros@srv000420.sde\Bd_Logradouros.dbo.View_1';'Database Connections\Bd_Logradouros@srv000420.sde\Bd_Logradouros.dbo.View_Teste';'Database Connections\Bd_Logradouros@srv000420.sde\Bd_Logradouros.dbo.vw_aux_hierarquia';'Database Connections\Bd_Logradouros@srv000420.sde\Bd_Logradouros.dbo.VW_CL_NP_Bairro';'Database Connections\Bd_Logradouros@srv000420.sde\Bd_Logradouros.dbo.VW_CL_NP_Bairro_OLD';'Database Connections\Bd_Logradouros@srv000420.sde\Bd_Logradouros.dbo.VW_Logra1746';'Database Connections\Bd_Logradouros@srv000420.sde\Bd_Logradouros.dbo.VW_Logradouros';'Database Connections\Bd_Logradouros@srv000420.sde\Bd_Logradouros.dbo.VW_Max_Cod_Version';'Database Connections\Bd_Logradouros@srv000420.sde\Bd_Logradouros.dbo.VW_Max_Cod_Version_Orig';'Database Connections\Bd_Logradouros@srv000420.sde\Bd_Logradouros.dbo.VW_Max_CodTrecho';'Database Connections\Bd_Logradouros@srv000420.sde\Bd_Logradouros.dbo.VW_MaxCL';'Database Connections\Bd_Logradouros@srv000420.sde\Bd_Logradouros.dbo.VW_NP_Bairro';'Database Connections\Bd_Logradouros@srv000420.sde\Bd_Logradouros.dbo.VW_NP_Bairro_OLD';'Database Connections\Bd_Logradouros@srv000420.sde\Bd_Logradouros.dbo.VW_ntrechos';'Database Connections\Bd_Logradouros@srv000420.sde\Bd_Logradouros.dbo.VW_Numporta';'Database Connections\Bd_Logradouros@srv000420.sde\Bd_Logradouros.dbo.VW_Numporta_OLD';'Database Connections\Bd_Logradouros@srv000420.sde\Bd_Logradouros.dbo.vw_teste';'Database Connections\Bd_Logradouros@srv000420.sde\Bd_Logradouros.dbo.VW_trecho_comlurb';'Database Connections\Bd_Logradouros@srv000420.sde\Bd_Logradouros.dbo.VW_Trechos' rio\02681674 GRANT GRANT</Process><Process ToolSource="d:\arcgis\desktop10.5\ArcToolbox\Toolboxes\Data Management Tools.tbx\ChangePrivileges" Date="20201023" Time="162120">ChangePrivileges 'Database Connections\BD_Logradouros@srv000420.sde\Bd_Logradouros.dbo._CheckList_Espacodisco';'Database Connections\BD_Logradouros@srv000420.sde\Bd_Logradouros.DBO.A_LOTES';'Database Connections\BD_Logradouros@srv000420.sde\BD_LOGRADOUROS.dbo.Audit';'Database Connections\BD_Logradouros@srv000420.sde\BD_LOGRADOUROS.DBO.aux_Bairros';'Database Connections\BD_Logradouros@srv000420.sde\BD_LOGRADOUROS.DBO.aux_Hierarquia';'Database Connections\BD_Logradouros@srv000420.sde\BD_LOGRADOUROS.DBO.aux_Nobreza';'Database Connections\BD_Logradouros@srv000420.sde\BD_LOGRADOUROS.DBO.Aux_Pav_Calcada';'Database Connections\BD_Logradouros@srv000420.sde\BD_LOGRADOUROS.DBO.aux_Pavimentacao';'Database Connections\BD_Logradouros@srv000420.sde\BD_LOGRADOUROS.DBO.aux_Sit_Logra';'Database Connections\BD_Logradouros@srv000420.sde\BD_LOGRADOUROS.DBO.aux_Sit_Trecho';'Database Connections\BD_Logradouros@srv000420.sde\BD_LOGRADOUROS.DBO.aux_Tipologia';'Database Connections\BD_Logradouros@srv000420.sde\BD_LOGRADOUROS.DBO.aux_TipoLogra';'Database Connections\BD_Logradouros@srv000420.sde\BD_LOGRADOUROS.DBO.aux_TipoTrecho';'Database Connections\BD_Logradouros@srv000420.sde\BD_LOGRADOUROS.DBO.aux_Uso';'Database Connections\BD_Logradouros@srv000420.sde\BD_LOGRADOUROS.DBO.aux_Utilizacao';'Database Connections\BD_Logradouros@srv000420.sde\BD_LOGRADOUROS.DBO.Bairro_Trecho';'Database Connections\BD_Logradouros@srv000420.sde\Bd_Logradouros.DBO.BAIRROS';'Database Connections\BD_Logradouros@srv000420.sde\Bd_Logradouros.dbo.CEP';'Database Connections\BD_Logradouros@srv000420.sde\Bd_Logradouros.dbo.CL_USO_SMF';'Database Connections\BD_Logradouros@srv000420.sde\Bd_Logradouros.DBO.CL_USO_SMF_orig';'Database Connections\BD_Logradouros@srv000420.sde\BD_LOGRADOUROS.DBO.CLNP_CEP';'Database Connections\BD_Logradouros@srv000420.sde\Bd_Logradouros.DBO.EDIFICACOES';'Database Connections\BD_Logradouros@srv000420.sde\Bd_Logradouros.DBO.EDIFICACOES_1';'Database Connections\BD_Logradouros@srv000420.sde\Bd_Logradouros.DBO.Esquina_pt_new';'Database Connections\BD_Logradouros@srv000420.sde\BD_LOGRADOUROS.DBO.Esquinas';'Database Connections\BD_Logradouros@srv000420.sde\BD_LOGRADOUROS.DBO.FACE_QUADRAS_H';'Database Connections\BD_Logradouros@srv000420.sde\BD_LOGRADOUROS.DBO.FACE_TRECHO';'Database Connections\BD_Logradouros@srv000420.sde\Bd_Logradouros.DBO.FACES_QUADRA';'Database Connections\BD_Logradouros@srv000420.sde\Bd_Logradouros.DBO.Folhas10k';'Database Connections\BD_Logradouros@srv000420.sde\BD_LOGRADOUROS.DBO.Histor_Logra';'Database Connections\BD_Logradouros@srv000420.sde\BD_LOGRADOUROS.DBO.Histor_NumPorta';'Database Connections\BD_Logradouros@srv000420.sde\BD_LOGRADOUROS.DBO.Histor_Trecho';'Database Connections\BD_Logradouros@srv000420.sde\BD_LOGRADOUROS.DBO.INFRAESTRUTURA';'Database Connections\BD_Logradouros@srv000420.sde\Bd_Logradouros.DBO.Logra_editado';'Database Connections\BD_Logradouros@srv000420.sde\Bd_Logradouros.DBO.LOGRADOUROS';'Database Connections\BD_Logradouros@srv000420.sde\BD_LOGRADOUROS.DBO.LOGRADOUROS_H';'Database Connections\BD_Logradouros@srv000420.sde\Bd_Logradouros.dbo.logradouros_naogeorreferenciados';'Database Connections\BD_Logradouros@srv000420.sde\Bd_Logradouros.DBO.LOTES_DEM_3D';'Database Connections\BD_Logradouros@srv000420.sde\Bd_Logradouros.DBO.MDE_10K_5m_SIRGAS';'Database Connections\BD_Logradouros@srv000420.sde\Bd_Logradouros.DBO.MEIO_FIO';'Database Connections\BD_Logradouros@srv000420.sde\BD_LOGRADOUROS.DBO.NP_SpcJoin';'Database Connections\BD_Logradouros@srv000420.sde\Bd_Logradouros.DBO.NUMERO_DE_PORTA';'Database Connections\BD_Logradouros@srv000420.sde\BD_LOGRADOUROS.DBO.PL_Valor';'Database Connections\BD_Logradouros@srv000420.sde\Bd_Logradouros.DBO.POLIGONO_LOGRADOURO';'Database Connections\BD_Logradouros@srv000420.sde\BD_LOGRADOUROS.DBO.princ_logra';'Database Connections\BD_Logradouros@srv000420.sde\Bd_Logradouros.DBO.QUADRAS';'Database Connections\BD_Logradouros@srv000420.sde\BD_LOGRADOUROS.DBO.QUADRAS_H';'Database Connections\BD_Logradouros@srv000420.sde\BD_LOGRADOUROS.DBO.Rec_Logra';'Database Connections\BD_Logradouros@srv000420.sde\Bd_Logradouros.DBO.restricao';'Database Connections\BD_Logradouros@srv000420.sde\Bd_Logradouros.dbo.SDE_compress_log';'Database Connections\BD_Logradouros@srv000420.sde\Bd_Logradouros.DBO.tipo_logradouro';'Database Connections\BD_Logradouros@srv000420.sde\Bd_Logradouros.DBO.tipo_nobreza';'Database Connections\BD_Logradouros@srv000420.sde\Bd_Logradouros.DBO.TRECHOS';'Database Connections\BD_Logradouros@srv000420.sde\BD_LOGRADOUROS.DBO.TRECHOS_H';'Database Connections\BD_Logradouros@srv000420.sde\Bd_Logradouros.DBO.Trechos_streetbase';'Database Connections\BD_Logradouros@srv000420.sde\Bd_Logradouros.dbo.V_Logra_Bairro';'Database Connections\BD_Logradouros@srv000420.sde\Bd_Logradouros.dbo.View_1';'Database Connections\BD_Logradouros@srv000420.sde\Bd_Logradouros.dbo.View_Teste';'Database Connections\BD_Logradouros@srv000420.sde\Bd_Logradouros.dbo.vw_aux_hierarquia';'Database Connections\BD_Logradouros@srv000420.sde\Bd_Logradouros.dbo.VW_CL_NP_Bairro';'Database Connections\BD_Logradouros@srv000420.sde\Bd_Logradouros.dbo.VW_CL_NP_Bairro_OLD';'Database Connections\BD_Logradouros@srv000420.sde\Bd_Logradouros.dbo.VW_Logra1746';'Database Connections\BD_Logradouros@srv000420.sde\Bd_Logradouros.dbo.VW_Logradouros';'Database Connections\BD_Logradouros@srv000420.sde\Bd_Logradouros.dbo.VW_Max_Cod_Version';'Database Connections\BD_Logradouros@srv000420.sde\Bd_Logradouros.dbo.VW_Max_Cod_Version_Orig';'Database Connections\BD_Logradouros@srv000420.sde\Bd_Logradouros.dbo.VW_Max_CodTrecho';'Database Connections\BD_Logradouros@srv000420.sde\Bd_Logradouros.dbo.VW_MaxCL';'Database Connections\BD_Logradouros@srv000420.sde\Bd_Logradouros.dbo.VW_NP_Bairro';'Database Connections\BD_Logradouros@srv000420.sde\Bd_Logradouros.dbo.VW_NP_Bairro_OLD';'Database Connections\BD_Logradouros@srv000420.sde\Bd_Logradouros.dbo.VW_ntrechos';'Database Connections\BD_Logradouros@srv000420.sde\Bd_Logradouros.dbo.VW_Numporta';'Database Connections\BD_Logradouros@srv000420.sde\Bd_Logradouros.dbo.VW_Numporta_OLD';'Database Connections\BD_Logradouros@srv000420.sde\Bd_Logradouros.dbo.vw_teste';'Database Connections\BD_Logradouros@srv000420.sde\Bd_Logradouros.dbo.VW_trecho_comlurb';'Database Connections\BD_Logradouros@srv000420.sde\Bd_Logradouros.dbo.VW_Trechos' RIO\02497121 GRANT GRANT</Process><Process ToolSource="c:\program files (x86)\arcgis\desktop10.8\ArcToolbox\Toolboxes\Data Management Tools.tbx\ChangePrivileges" Date="20210920" Time="133413">ChangePrivileges 'Database Connections\BD_Logradouros@srv000420.sde\Bd_Logradouros.dbo._CheckList_Espacodisco';'Database Connections\BD_Logradouros@srv000420.sde\Bd_Logradouros.DBO.A_LOTES';'Database Connections\BD_Logradouros@srv000420.sde\BD_LOGRADOUROS.dbo.Audit';'Database Connections\BD_Logradouros@srv000420.sde\Bd_Logradouros.dbo.Audit_bkp';'Database Connections\BD_Logradouros@srv000420.sde\BD_LOGRADOUROS.DBO.aux_Bairros';'Database Connections\BD_Logradouros@srv000420.sde\BD_LOGRADOUROS.DBO.aux_Hierarquia';'Database Connections\BD_Logradouros@srv000420.sde\BD_LOGRADOUROS.DBO.aux_Nobreza';'Database Connections\BD_Logradouros@srv000420.sde\BD_LOGRADOUROS.DBO.Aux_Pav_Calcada';'Database Connections\BD_Logradouros@srv000420.sde\BD_LOGRADOUROS.DBO.aux_Pavimentacao';'Database Connections\BD_Logradouros@srv000420.sde\BD_LOGRADOUROS.DBO.aux_Sit_Logra';'Database Connections\BD_Logradouros@srv000420.sde\BD_LOGRADOUROS.DBO.aux_Sit_Trecho';'Database Connections\BD_Logradouros@srv000420.sde\BD_LOGRADOUROS.DBO.aux_Tipologia';'Database Connections\BD_Logradouros@srv000420.sde\BD_LOGRADOUROS.DBO.aux_TipoLogra';'Database Connections\BD_Logradouros@srv000420.sde\BD_LOGRADOUROS.DBO.aux_TipoTrecho';'Database Connections\BD_Logradouros@srv000420.sde\BD_LOGRADOUROS.DBO.aux_Uso';'Database Connections\BD_Logradouros@srv000420.sde\BD_LOGRADOUROS.DBO.aux_Utilizacao';'Database Connections\BD_Logradouros@srv000420.sde\BD_LOGRADOUROS.DBO.Bairro_Trecho';'Database Connections\BD_Logradouros@srv000420.sde\Bd_Logradouros.DBO.BAIRROS';'Database Connections\BD_Logradouros@srv000420.sde\Bd_Logradouros.dbo.CEP';'Database Connections\BD_Logradouros@srv000420.sde\Bd_Logradouros.dbo.CL_USO_SMF';'Database Connections\BD_Logradouros@srv000420.sde\Bd_Logradouros.DBO.CL_USO_SMF_orig';'Database Connections\BD_Logradouros@srv000420.sde\BD_LOGRADOUROS.DBO.CLNP_CEP';'Database Connections\BD_Logradouros@srv000420.sde\Bd_Logradouros.DBO.EDIFICACOES';'Database Connections\BD_Logradouros@srv000420.sde\Bd_Logradouros.DBO.EDIFICACOES_RENAME';'Database Connections\BD_Logradouros@srv000420.sde\Bd_Logradouros.DBO.Esquina_pt_new';'Database Connections\BD_Logradouros@srv000420.sde\BD_LOGRADOUROS.DBO.Esquinas';'Database Connections\BD_Logradouros@srv000420.sde\BD_LOGRADOUROS.DBO.FACE_QUADRAS_H';'Database Connections\BD_Logradouros@srv000420.sde\BD_LOGRADOUROS.DBO.FACE_TRECHO';'Database Connections\BD_Logradouros@srv000420.sde\Bd_Logradouros.DBO.FACES_QUADRA';'Database Connections\BD_Logradouros@srv000420.sde\Bd_Logradouros.DBO.Folhas10k';'Database Connections\BD_Logradouros@srv000420.sde\BD_LOGRADOUROS.DBO.Histor_Logra';'Database Connections\BD_Logradouros@srv000420.sde\BD_LOGRADOUROS.DBO.Histor_NumPorta';'Database Connections\BD_Logradouros@srv000420.sde\BD_LOGRADOUROS.DBO.Histor_Trecho';'Database Connections\BD_Logradouros@srv000420.sde\BD_LOGRADOUROS.DBO.INFRAESTRUTURA';'Database Connections\BD_Logradouros@srv000420.sde\Bd_Logradouros.DBO.Logra_editado';'Database Connections\BD_Logradouros@srv000420.sde\Bd_Logradouros.DBO.LOGRADOUROS';'Database Connections\BD_Logradouros@srv000420.sde\BD_LOGRADOUROS.DBO.LOGRADOUROS_H';'Database Connections\BD_Logradouros@srv000420.sde\Bd_Logradouros.dbo.logradouros_naogeorreferenciados';'Database Connections\BD_Logradouros@srv000420.sde\Bd_Logradouros.DBO.LOTES_DEM_3D';'Database Connections\BD_Logradouros@srv000420.sde\Bd_Logradouros.DBO.MDE_10K_5m_SIRGAS';'Database Connections\BD_Logradouros@srv000420.sde\Bd_Logradouros.DBO.MEIO_FIO';'Database Connections\BD_Logradouros@srv000420.sde\BD_LOGRADOUROS.DBO.NP_SpcJoin';'Database Connections\BD_Logradouros@srv000420.sde\Bd_Logradouros.DBO.NUMERO_DE_PORTA';'Database Connections\BD_Logradouros@srv000420.sde\BD_LOGRADOUROS.DBO.PL_Valor';'Database Connections\BD_Logradouros@srv000420.sde\Bd_Logradouros.DBO.POLIGONO_LOGRADOURO';'Database Connections\BD_Logradouros@srv000420.sde\BD_LOGRADOUROS.DBO.princ_logra';'Database Connections\BD_Logradouros@srv000420.sde\Bd_Logradouros.DBO.QUADRAS';'Database Connections\BD_Logradouros@srv000420.sde\BD_LOGRADOUROS.DBO.QUADRAS_H';'Database Connections\BD_Logradouros@srv000420.sde\BD_LOGRADOUROS.DBO.Rec_Logra';'Database Connections\BD_Logradouros@srv000420.sde\Bd_Logradouros.DBO.restricao';'Database Connections\BD_Logradouros@srv000420.sde\Bd_Logradouros.dbo.SDE_compress_log';'Database Connections\BD_Logradouros@srv000420.sde\Bd_Logradouros.DBO.TesteImagem';'Database Connections\BD_Logradouros@srv000420.sde\Bd_Logradouros.DBO.tipo_logradouro';'Database Connections\BD_Logradouros@srv000420.sde\Bd_Logradouros.DBO.tipo_nobreza';'Database Connections\BD_Logradouros@srv000420.sde\Bd_Logradouros.DBO.TRECHOS';'Database Connections\BD_Logradouros@srv000420.sde\BD_LOGRADOUROS.DBO.TRECHOS_H';'Database Connections\BD_Logradouros@srv000420.sde\Bd_Logradouros.DBO.Trechos_streetbase';'Database Connections\BD_Logradouros@srv000420.sde\Bd_Logradouros.dbo.V_Logra_Bairro';'Database Connections\BD_Logradouros@srv000420.sde\Bd_Logradouros.dbo.View_1';'Database Connections\BD_Logradouros@srv000420.sde\Bd_Logradouros.dbo.View_Teste';'Database Connections\BD_Logradouros@srv000420.sde\Bd_Logradouros.dbo.vw_aux_hierarquia';'Database Connections\BD_Logradouros@srv000420.sde\Bd_Logradouros.dbo.VW_CL_NP_Bairro';'Database Connections\BD_Logradouros@srv000420.sde\Bd_Logradouros.dbo.VW_Logra1746';'Database Connections\BD_Logradouros@srv000420.sde\Bd_Logradouros.dbo.VW_Logradouros';'Database Connections\BD_Logradouros@srv000420.sde\Bd_Logradouros.dbo.VW_Max_Cod_Version';'Database Connections\BD_Logradouros@srv000420.sde\Bd_Logradouros.dbo.VW_Max_Cod_Version_Orig';'Database Connections\BD_Logradouros@srv000420.sde\Bd_Logradouros.dbo.VW_Max_CodTrecho';'Database Connections\BD_Logradouros@srv000420.sde\Bd_Logradouros.dbo.VW_MaxCL';'Database Connections\BD_Logradouros@srv000420.sde\Bd_Logradouros.dbo.VW_NP_Bairro';'Database Connections\BD_Logradouros@srv000420.sde\Bd_Logradouros.dbo.VW_ntrechos';'Database Connections\BD_Logradouros@srv000420.sde\Bd_Logradouros.dbo.VW_Numporta';'Database Connections\BD_Logradouros@srv000420.sde\Bd_Logradouros.dbo.vw_teste';'Database Connections\BD_Logradouros@srv000420.sde\Bd_Logradouros.dbo.VW_trecho_comlurb';'Database Connections\BD_Logradouros@srv000420.sde\Bd_Logradouros.dbo.VW_Trechos' rio\02591741 GRANT AS_IS</Process><Process ToolSource="c:\program files (x86)\arcgis\desktop10.8\ArcToolbox\Toolboxes\Data Management Tools.tbx\ChangePrivileges" Date="20211014" Time="160650">ChangePrivileges 'Database Connections\BD_Logradouros.sde\Bd_Logradouros.dbo._CheckList_Espacodisco';'Database Connections\BD_Logradouros.sde\Bd_Logradouros.DBO.A_LOTES';'Database Connections\BD_Logradouros.sde\BD_LOGRADOUROS.dbo.Audit';'Database Connections\BD_Logradouros.sde\Bd_Logradouros.dbo.Audit_bkp';'Database Connections\BD_Logradouros.sde\BD_LOGRADOUROS.DBO.aux_Bairros';'Database Connections\BD_Logradouros.sde\BD_LOGRADOUROS.DBO.aux_Hierarquia';'Database Connections\BD_Logradouros.sde\BD_LOGRADOUROS.DBO.aux_Nobreza';'Database Connections\BD_Logradouros.sde\BD_LOGRADOUROS.DBO.Aux_Pav_Calcada';'Database Connections\BD_Logradouros.sde\BD_LOGRADOUROS.DBO.aux_Pavimentacao';'Database Connections\BD_Logradouros.sde\BD_LOGRADOUROS.DBO.aux_Sit_Logra';'Database Connections\BD_Logradouros.sde\BD_LOGRADOUROS.DBO.aux_Sit_Trecho';'Database Connections\BD_Logradouros.sde\BD_LOGRADOUROS.DBO.aux_Tipologia';'Database Connections\BD_Logradouros.sde\BD_LOGRADOUROS.DBO.aux_TipoLogra';'Database Connections\BD_Logradouros.sde\BD_LOGRADOUROS.DBO.aux_TipoTrecho';'Database Connections\BD_Logradouros.sde\BD_LOGRADOUROS.DBO.aux_Uso';'Database Connections\BD_Logradouros.sde\BD_LOGRADOUROS.DBO.aux_Utilizacao';'Database Connections\BD_Logradouros.sde\BD_LOGRADOUROS.DBO.Bairro_Trecho';'Database Connections\BD_Logradouros.sde\Bd_Logradouros.DBO.BAIRROS';'Database Connections\BD_Logradouros.sde\Bd_Logradouros.dbo.CEP';'Database Connections\BD_Logradouros.sde\Bd_Logradouros.dbo.CL_USO_SMF';'Database Connections\BD_Logradouros.sde\Bd_Logradouros.DBO.CL_USO_SMF_orig';'Database Connections\BD_Logradouros.sde\BD_LOGRADOUROS.DBO.CLNP_CEP';'Database Connections\BD_Logradouros.sde\Bd_Logradouros.DBO.EDIFICACOES';'Database Connections\BD_Logradouros.sde\Bd_Logradouros.DBO.EDIFICACOES_RENAME';'Database Connections\BD_Logradouros.sde\Bd_Logradouros.DBO.Esquina_pt_new';'Database Connections\BD_Logradouros.sde\BD_LOGRADOUROS.DBO.Esquinas';'Database Connections\BD_Logradouros.sde\BD_LOGRADOUROS.DBO.FACE_QUADRAS_H';'Database Connections\BD_Logradouros.sde\BD_LOGRADOUROS.DBO.FACE_TRECHO';'Database Connections\BD_Logradouros.sde\Bd_Logradouros.DBO.FACES_QUADRA';'Database Connections\BD_Logradouros.sde\Bd_Logradouros.DBO.Folhas10k';'Database Connections\BD_Logradouros.sde\BD_LOGRADOUROS.DBO.Histor_Logra';'Database Connections\BD_Logradouros.sde\BD_LOGRADOUROS.DBO.Histor_NumPorta';'Database Connections\BD_Logradouros.sde\BD_LOGRADOUROS.DBO.Histor_Trecho';'Database Connections\BD_Logradouros.sde\BD_LOGRADOUROS.DBO.INFRAESTRUTURA';'Database Connections\BD_Logradouros.sde\Bd_Logradouros.DBO.Logra_editado';'Database Connections\BD_Logradouros.sde\Bd_Logradouros.DBO.LOGRADOUROS';'Database Connections\BD_Logradouros.sde\BD_LOGRADOUROS.DBO.LOGRADOUROS_H';'Database Connections\BD_Logradouros.sde\Bd_Logradouros.dbo.logradouros_naogeorreferenciados';'Database Connections\BD_Logradouros.sde\Bd_Logradouros.DBO.LOTES_DEM_3D';'Database Connections\BD_Logradouros.sde\Bd_Logradouros.DBO.MDE_10K_5m_SIRGAS';'Database Connections\BD_Logradouros.sde\Bd_Logradouros.DBO.MEIO_FIO';'Database Connections\BD_Logradouros.sde\BD_LOGRADOUROS.DBO.NP_SpcJoin';'Database Connections\BD_Logradouros.sde\Bd_Logradouros.DBO.NUMERO_DE_PORTA';'Database Connections\BD_Logradouros.sde\BD_LOGRADOUROS.DBO.PL_Valor';'Database Connections\BD_Logradouros.sde\Bd_Logradouros.DBO.POLIGONO_LOGRADOURO';'Database Connections\BD_Logradouros.sde\BD_LOGRADOUROS.DBO.princ_logra';'Database Connections\BD_Logradouros.sde\Bd_Logradouros.DBO.QUADRAS';'Database Connections\BD_Logradouros.sde\BD_LOGRADOUROS.DBO.QUADRAS_H';'Database Connections\BD_Logradouros.sde\BD_LOGRADOUROS.DBO.Rec_Logra';'Database Connections\BD_Logradouros.sde\Bd_Logradouros.DBO.restricao';'Database Connections\BD_Logradouros.sde\Bd_Logradouros.dbo.SDE_compress_log';'Database Connections\BD_Logradouros.sde\Bd_Logradouros.DBO.TesteImagem';'Database Connections\BD_Logradouros.sde\Bd_Logradouros.DBO.tipo_logradouro';'Database Connections\BD_Logradouros.sde\Bd_Logradouros.DBO.tipo_nobreza';'Database Connections\BD_Logradouros.sde\Bd_Logradouros.DBO.TRECHOS';'Database Connections\BD_Logradouros.sde\BD_LOGRADOUROS.DBO.TRECHOS_H';'Database Connections\BD_Logradouros.sde\Bd_Logradouros.DBO.Trechos_streetbase';'Database Connections\BD_Logradouros.sde\Bd_Logradouros.dbo.V_Logra_Bairro';'Database Connections\BD_Logradouros.sde\Bd_Logradouros.dbo.View_1';'Database Connections\BD_Logradouros.sde\Bd_Logradouros.dbo.View_Teste';'Database Connections\BD_Logradouros.sde\Bd_Logradouros.dbo.vw_aux_hierarquia';'Database Connections\BD_Logradouros.sde\Bd_Logradouros.dbo.VW_CL_NP_Bairro';'Database Connections\BD_Logradouros.sde\Bd_Logradouros.dbo.VW_Logra1746';'Database Connections\BD_Logradouros.sde\Bd_Logradouros.dbo.VW_Logradouros';'Database Connections\BD_Logradouros.sde\Bd_Logradouros.dbo.VW_Max_Cod_Version';'Database Connections\BD_Logradouros.sde\Bd_Logradouros.dbo.VW_Max_Cod_Version_Orig';'Database Connections\BD_Logradouros.sde\Bd_Logradouros.dbo.VW_Max_CodTrecho';'Database Connections\BD_Logradouros.sde\Bd_Logradouros.dbo.VW_MaxCL';'Database Connections\BD_Logradouros.sde\Bd_Logradouros.dbo.VW_NP_Bairro';'Database Connections\BD_Logradouros.sde\Bd_Logradouros.dbo.VW_ntrechos';'Database Connections\BD_Logradouros.sde\Bd_Logradouros.dbo.VW_Numporta';'Database Connections\BD_Logradouros.sde\Bd_Logradouros.dbo.vw_teste';'Database Connections\BD_Logradouros.sde\Bd_Logradouros.dbo.VW_trecho_comlurb';'Database Connections\BD_Logradouros.sde\Bd_Logradouros.dbo.VW_Trechos' RIO\02591741 GRANT AS_IS</Process><Process ToolSource="c:\program files (x86)\arcgis\desktop10.8\ArcToolbox\Toolboxes\Data Management Tools.tbx\ChangePrivileges" Date="20211014" Time="161507">ChangePrivileges 'Database Connections\BD_Logradouros.sde\Bd_Logradouros.dbo._CheckList_Espacodisco';'Database Connections\BD_Logradouros.sde\Bd_Logradouros.DBO.A_LOTES';'Database Connections\BD_Logradouros.sde\BD_LOGRADOUROS.dbo.Audit';'Database Connections\BD_Logradouros.sde\Bd_Logradouros.dbo.Audit_bkp';'Database Connections\BD_Logradouros.sde\BD_LOGRADOUROS.DBO.aux_Bairros';'Database Connections\BD_Logradouros.sde\BD_LOGRADOUROS.DBO.aux_Hierarquia';'Database Connections\BD_Logradouros.sde\BD_LOGRADOUROS.DBO.aux_Nobreza';'Database Connections\BD_Logradouros.sde\BD_LOGRADOUROS.DBO.Aux_Pav_Calcada';'Database Connections\BD_Logradouros.sde\BD_LOGRADOUROS.DBO.aux_Pavimentacao';'Database Connections\BD_Logradouros.sde\BD_LOGRADOUROS.DBO.aux_Sit_Logra';'Database Connections\BD_Logradouros.sde\BD_LOGRADOUROS.DBO.aux_Sit_Trecho';'Database Connections\BD_Logradouros.sde\BD_LOGRADOUROS.DBO.aux_Tipologia';'Database Connections\BD_Logradouros.sde\BD_LOGRADOUROS.DBO.aux_TipoLogra';'Database Connections\BD_Logradouros.sde\BD_LOGRADOUROS.DBO.aux_TipoTrecho';'Database Connections\BD_Logradouros.sde\BD_LOGRADOUROS.DBO.aux_Uso';'Database Connections\BD_Logradouros.sde\BD_LOGRADOUROS.DBO.aux_Utilizacao';'Database Connections\BD_Logradouros.sde\BD_LOGRADOUROS.DBO.Bairro_Trecho';'Database Connections\BD_Logradouros.sde\Bd_Logradouros.DBO.BAIRROS';'Database Connections\BD_Logradouros.sde\Bd_Logradouros.dbo.CEP';'Database Connections\BD_Logradouros.sde\Bd_Logradouros.dbo.CL_USO_SMF';'Database Connections\BD_Logradouros.sde\Bd_Logradouros.DBO.CL_USO_SMF_orig';'Database Connections\BD_Logradouros.sde\BD_LOGRADOUROS.DBO.CLNP_CEP';'Database Connections\BD_Logradouros.sde\Bd_Logradouros.DBO.EDIFICACOES';'Database Connections\BD_Logradouros.sde\Bd_Logradouros.DBO.EDIFICACOES_RENAME';'Database Connections\BD_Logradouros.sde\Bd_Logradouros.DBO.Esquina_pt_new';'Database Connections\BD_Logradouros.sde\BD_LOGRADOUROS.DBO.Esquinas';'Database Connections\BD_Logradouros.sde\BD_LOGRADOUROS.DBO.FACE_QUADRAS_H';'Database Connections\BD_Logradouros.sde\BD_LOGRADOUROS.DBO.FACE_TRECHO';'Database Connections\BD_Logradouros.sde\Bd_Logradouros.DBO.FACES_QUADRA';'Database Connections\BD_Logradouros.sde\Bd_Logradouros.DBO.Folhas10k';'Database Connections\BD_Logradouros.sde\BD_LOGRADOUROS.DBO.Histor_Logra';'Database Connections\BD_Logradouros.sde\BD_LOGRADOUROS.DBO.Histor_NumPorta';'Database Connections\BD_Logradouros.sde\BD_LOGRADOUROS.DBO.Histor_Trecho';'Database Connections\BD_Logradouros.sde\BD_LOGRADOUROS.DBO.INFRAESTRUTURA';'Database Connections\BD_Logradouros.sde\Bd_Logradouros.DBO.Logra_editado';'Database Connections\BD_Logradouros.sde\Bd_Logradouros.DBO.LOGRADOUROS';'Database Connections\BD_Logradouros.sde\BD_LOGRADOUROS.DBO.LOGRADOUROS_H';'Database Connections\BD_Logradouros.sde\Bd_Logradouros.dbo.logradouros_naogeorreferenciados';'Database Connections\BD_Logradouros.sde\Bd_Logradouros.DBO.LOTES_DEM_3D';'Database Connections\BD_Logradouros.sde\Bd_Logradouros.DBO.MDE_10K_5m_SIRGAS';'Database Connections\BD_Logradouros.sde\Bd_Logradouros.DBO.MEIO_FIO';'Database Connections\BD_Logradouros.sde\BD_LOGRADOUROS.DBO.NP_SpcJoin';'Database Connections\BD_Logradouros.sde\Bd_Logradouros.DBO.NUMERO_DE_PORTA';'Database Connections\BD_Logradouros.sde\BD_LOGRADOUROS.DBO.PL_Valor';'Database Connections\BD_Logradouros.sde\Bd_Logradouros.DBO.POLIGONO_LOGRADOURO';'Database Connections\BD_Logradouros.sde\BD_LOGRADOUROS.DBO.princ_logra';'Database Connections\BD_Logradouros.sde\Bd_Logradouros.DBO.QUADRAS';'Database Connections\BD_Logradouros.sde\BD_LOGRADOUROS.DBO.QUADRAS_H';'Database Connections\BD_Logradouros.sde\BD_LOGRADOUROS.DBO.Rec_Logra';'Database Connections\BD_Logradouros.sde\Bd_Logradouros.DBO.restricao';'Database Connections\BD_Logradouros.sde\Bd_Logradouros.dbo.SDE_compress_log';'Database Connections\BD_Logradouros.sde\Bd_Logradouros.DBO.TesteImagem';'Database Connections\BD_Logradouros.sde\Bd_Logradouros.DBO.tipo_logradouro';'Database Connections\BD_Logradouros.sde\Bd_Logradouros.DBO.tipo_nobreza';'Database Connections\BD_Logradouros.sde\Bd_Logradouros.DBO.TRECHOS';'Database Connections\BD_Logradouros.sde\BD_LOGRADOUROS.DBO.TRECHOS_H';'Database Connections\BD_Logradouros.sde\Bd_Logradouros.DBO.Trechos_streetbase';'Database Connections\BD_Logradouros.sde\Bd_Logradouros.dbo.V_Logra_Bairro';'Database Connections\BD_Logradouros.sde\Bd_Logradouros.dbo.View_1';'Database Connections\BD_Logradouros.sde\Bd_Logradouros.dbo.View_Teste';'Database Connections\BD_Logradouros.sde\Bd_Logradouros.dbo.vw_aux_hierarquia';'Database Connections\BD_Logradouros.sde\Bd_Logradouros.dbo.VW_CL_NP_Bairro';'Database Connections\BD_Logradouros.sde\Bd_Logradouros.dbo.VW_Logra1746';'Database Connections\BD_Logradouros.sde\Bd_Logradouros.dbo.VW_Logradouros';'Database Connections\BD_Logradouros.sde\Bd_Logradouros.dbo.VW_Max_Cod_Version';'Database Connections\BD_Logradouros.sde\Bd_Logradouros.dbo.VW_Max_Cod_Version_Orig';'Database Connections\BD_Logradouros.sde\Bd_Logradouros.dbo.VW_Max_CodTrecho';'Database Connections\BD_Logradouros.sde\Bd_Logradouros.dbo.VW_MaxCL';'Database Connections\BD_Logradouros.sde\Bd_Logradouros.dbo.VW_NP_Bairro';'Database Connections\BD_Logradouros.sde\Bd_Logradouros.dbo.VW_ntrechos';'Database Connections\BD_Logradouros.sde\Bd_Logradouros.dbo.VW_Numporta';'Database Connections\BD_Logradouros.sde\Bd_Logradouros.dbo.vw_teste';'Database Connections\BD_Logradouros.sde\Bd_Logradouros.dbo.VW_trecho_comlurb';'Database Connections\BD_Logradouros.sde\Bd_Logradouros.dbo.VW_Trechos' RIO\02591741 GRANT AS_IS</Process><Process ToolSource="c:\program files (x86)\arcgis\desktop10.8\ArcToolbox\Toolboxes\Data Management Tools.tbx\CalculateField" Date="20211020" Time="093350">CalculateField Bd_Logradouros.DBO.NUMERO_DE_PORTA CL "049791" VB #</Process></lineage><itemProps><itemName Sync="TRUE">Bd_Logradouros.DBO.NUMERO_DE_PORTA</itemName><imsContentType Sync="TRUE">002</imsContentType><itemLocation><linkage Sync="TRUE">Server=srv000420; Service=sde:sqlserver:srv000420; Database=Bd_Logradouros; User=datarioservice; Version=dbo.DEFAULT</linkage><protocol Sync="TRUE">ArcSDE Connection</protocol></itemLocation></itemProps><coordRef><type Sync="TRUE">Projected</type><geogcsn Sync="TRUE">GCS_SIRGAS_2000</geogcsn><csUnits Sync="TRUE">Linear Unit: Meter (1.000000)</csUnits><projcsn Sync="TRUE">SIRGAS_2000_UTM_Zone_23S</projcsn><peXml Sync="TRUE">&lt;ProjectedCoordinateSystem xsi:type='typens:ProjectedCoordinateSystem' xmlns:xsi='http://www.w3.org/2001/XMLSchema-instance' xmlns:xs='http://www.w3.org/2001/XMLSchema' xmlns:typens='http://www.esri.com/schemas/ArcGIS/10.7'&gt;&lt;WKT&gt;PROJCS[&amp;quot;SIRGAS_2000_UTM_Zone_23S&amp;quot;,GEOGCS[&amp;quot;GCS_SIRGAS_2000&amp;quot;,DATUM[&amp;quot;D_SIRGAS_2000&amp;quot;,SPHEROID[&amp;quot;GRS_1980&amp;quot;,6378137.0,298.257222101]],PRIMEM[&amp;quot;Greenwich&amp;quot;,0.0],UNIT[&amp;quot;Degree&amp;quot;,0.0174532925199433]],PROJECTION[&amp;quot;Transverse_Mercator&amp;quot;],PARAMETER[&amp;quot;False_Easting&amp;quot;,500000.0],PARAMETER[&amp;quot;False_Northing&amp;quot;,10000000.0],PARAMETER[&amp;quot;Central_Meridian&amp;quot;,-45.0],PARAMETER[&amp;quot;Scale_Factor&amp;quot;,0.9996],PARAMETER[&amp;quot;Latitude_Of_Origin&amp;quot;,0.0],UNIT[&amp;quot;Meter&amp;quot;,1.0],AUTHORITY[&amp;quot;EPSG&amp;quot;,31983]]&lt;/WKT&gt;&lt;XOrigin&gt;-5120900&lt;/XOrigin&gt;&lt;YOrigin&gt;1900&lt;/YOrigin&gt;&lt;XYScale&gt;10000&lt;/XYScale&gt;&lt;ZOrigin&gt;0&lt;/ZOrigin&gt;&lt;ZScale&gt;1&lt;/ZScale&gt;&lt;MOrigin&gt;0&lt;/MOrigin&gt;&lt;MScale&gt;1&lt;/MScale&gt;&lt;XYTolerance&gt;0.001&lt;/XYTolerance&gt;&lt;ZTolerance&gt;0.001&lt;/ZTolerance&gt;&lt;MTolerance&gt;0.001&lt;/MTolerance&gt;&lt;HighPrecision&gt;true&lt;/HighPrecision&gt;&lt;WKID&gt;31983&lt;/WKID&gt;&lt;LatestWKID&gt;31983&lt;/LatestWKID&gt;&lt;/ProjectedCoordinateSystem&gt;</peXml></coordRef></DataProperties><SyncDate>20190814</SyncDate><SyncTime>13515800</SyncTime><ModDate>20190814</ModDate><ModTime>13515800</ModTime></Esri><dataIdInfo><envirDesc Sync="TRUE"> Version 6.2 (Build 9200) ; Esri ArcGIS 10.7.0.10348</envirDesc><dataLang><languageCode value="por" Sync="TRUE"/><countryCode value="BRA" Sync="TRUE"/></dataLang><idCitation><resTitle Sync="TRUE">Bd_Logradouros.DBO.NUMERO_DE_PORTA</resTitle><presForm><PresFormCd value="005" Sync="TRUE"/></presForm></idCitation><spatRpType><SpatRepTypCd value="001" Sync="TRUE"/></spatRpType></dataIdInfo><mdLang><languageCode value="por" Sync="TRUE"/><countryCode value="BRA" Sync="TRUE"/></mdLang><distInfo><distFormat><formatName Sync="TRUE">SDE Feature Class</formatName></distFormat></distInfo><mdHrLv><ScopeCd value="005" Sync="TRUE"/></mdHrLv><mdHrLvName Sync="TRUE">dataset</mdHrLvName><refSysInfo><RefSystem><refSysID><identCode code="31983" Sync="TRUE"/><idCodeSpace Sync="TRUE">EPSG</idCodeSpace><idVersion Sync="TRUE">7.8.3(8.1.2)</idVersion></refSysID></RefSystem></refSysInfo><spatRepInfo><VectSpatRep><geometObjs Name="Bd_Logradouros.DBO.NUMERO_DE_PORTA"><geoObjTyp><GeoObjTypCd value="004" Sync="TRUE"/></geoObjTyp><geoObjCnt Sync="TRUE">0</geoObjCnt></geometObjs><topLvl><TopoLevCd value="001" Sync="TRUE"/></topLvl></VectSpatRep></spatRepInfo><spdoinfo><ptvctinf><esriterm Name="Bd_Logradouros.DBO.NUMERO_DE_PORTA"><efeatyp Sync="TRUE">Simple</efeatyp><efeageom code="1" Sync="TRUE"/><esritopo Sync="TRUE">FALSE</esritopo><efeacnt Sync="TRUE">0</efeacnt><spindex Sync="TRUE">FALSE</spindex><linrefer Sync="TRUE">FALSE</linrefer></esriterm></ptvctinf></spdoinfo><eainfo><detailed Name="Bd_Logradouros.DBO.NUMERO_DE_PORTA"><enttyp><enttypl Sync="TRUE">Bd_Logradouros.DBO.NUMERO_DE_PORTA</enttypl><enttypt Sync="TRUE">Feature Class</enttypt><enttypc Sync="TRUE">0</enttypc></enttyp><attr><attrlabl Sync="TRUE">OBJECTID</attrlabl><attalias Sync="TRUE">OBJECTID</attalias><attrtype Sync="TRUE">OID</attrtype><attwidth Sync="TRUE">4</attwidth><atprecis Sync="TRUE">10</atprecis><attscale Sync="TRUE">0</attscale><attrdef Sync="TRUE">Internal feature number.</attrdef><attrdefs Sync="TRUE">Esri</attrdefs><attrdomv><udom Sync="TRUE">Sequential unique whole numbers that are automatically generated.</udom></attrdomv></attr><attr><attrlabl Sync="TRUE">COD_NP</attrlabl><attalias Sync="TRUE">COD_NP</attalias><attrtype Sync="TRUE">Double</attrtype><attwidth Sync="TRUE">8</attwidth><atprecis Sync="TRUE">38</atprecis><attscale Sync="TRUE">8</attscale></attr><attr><attrlabl Sync="TRUE">NP</attrlabl><attalias Sync="TRUE">NP</attalias><attrtype Sync="TRUE">String</attrtype><attwidth Sync="TRUE">6</attwidth><atprecis Sync="TRUE">0</atprecis><attscale Sync="TRUE">0</attscale></attr><attr><attrlabl Sync="TRUE">CL</attrlabl><attalias Sync="TRUE">CL</attalias><attrtype Sync="TRUE">String</attrtype><attwidth Sync="TRUE">6</attwidth><atprecis Sync="TRUE">0</atprecis><attscale Sync="TRUE">0</attscale></attr><attr><attrlabl Sync="TRUE">CLNP</attrlabl><attalias Sync="TRUE">CLNP</attalias><attrtype Sync="TRUE">String</attrtype><attwidth Sync="TRUE">11</attwidth><atprecis Sync="TRUE">0</atprecis><attscale Sync="TRUE">0</attscale></attr><attr><attrlabl Sync="TRUE">COMPL_NP</attrlabl><attalias Sync="TRUE">COMPL_NP</attalias><attrtype Sync="TRUE">String</attrtype><attwidth Sync="TRUE">14</attwidth><atprecis Sync="TRUE">0</atprecis><attscale Sync="TRUE">0</attscale></attr><attr><attrlabl Sync="TRUE">CLNP_ASS</attrlabl><attalias Sync="TRUE">CLNP_ASS</attalias><attrtype Sync="TRUE">String</attrtype><attwidth Sync="TRUE">11</attwidth><atprecis Sync="TRUE">0</atprecis><attscale Sync="TRUE">0</attscale></attr><attr><attrlabl Sync="TRUE">COD_USO</attrlabl><attalias Sync="TRUE">COD_USO</attalias><attrtype Sync="TRUE">Integer</attrtype><attwidth Sync="TRUE">4</attwidth><atprecis Sync="TRUE">10</atprecis><attscale Sync="TRUE">0</attscale></attr><attr><attrlabl Sync="TRUE">NOME_GRUPO</attrlabl><attalias Sync="TRUE">NOME_GRUPO</attalias><attrtype Sync="TRUE">String</attrtype><attwidth Sync="TRUE">72</attwidth><atprecis Sync="TRUE">0</atprecis><attscale Sync="TRUE">0</attscale></attr><attr><attrlabl Sync="TRUE">NUM_ADJ_A</attrlabl><attalias Sync="TRUE">NUM_ADJ_A</attalias><attrtype Sync="TRUE">String</attrtype><attwidth Sync="TRUE">10</attwidth><atprecis Sync="TRUE">0</atprecis><attscale Sync="TRUE">0</attscale></attr><attr><attrlabl Sync="TRUE">NUM_ADJ_B</attrlabl><attalias Sync="TRUE">NUM_ADJ_B</attalias><attrtype Sync="TRUE">String</attrtype><attwidth Sync="TRUE">10</attwidth><atprecis Sync="TRUE">0</atprecis><attscale Sync="TRUE">0</attscale></attr><attr><attrlabl Sync="TRUE">Data_Inc</attrlabl><attalias Sync="TRUE">Data_Inc</attalias><attrtype Sync="TRUE">Date</attrtype><attwidth Sync="TRUE">8</attwidth><atprecis Sync="TRUE">0</atprecis><attscale Sync="TRUE">0</attscale></attr><attr><attrlabl Sync="TRUE">Data_Int</attrlabl><attalias Sync="TRUE">Data_Int</attalias><attrtype Sync="TRUE">Date</attrtype><attwidth Sync="TRUE">8</attwidth><atprecis Sync="TRUE">0</atprecis><attscale Sync="TRUE">0</attscale></attr><attr><attrlabl Sync="TRUE">CHAVEGEO_NP</attrlabl><attalias Sync="TRUE">CHAVEGEO_NP</attalias><attrtype Sync="TRUE">String</attrtype><attwidth Sync="TRUE">8</attwidth><atprecis Sync="TRUE">0</atprecis><attscale Sync="TRUE">0</attscale></attr><attr><attrlabl Sync="TRUE">COD_TIPOLOGIA</attrlabl><attalias Sync="TRUE">COD_TIPOLOGIA</attalias><attrtype Sync="TRUE">SmallInteger</attrtype><attwidth Sync="TRUE">2</attwidth><atprecis Sync="TRUE">5</atprecis><attscale Sync="TRUE">0</attscale></attr><attr><attrlabl Sync="TRUE">COD_UTILIZACAO</attrlabl><attalias Sync="TRUE">COD_UTILIZACAO</attalias><attrtype Sync="TRUE">SmallInteger</attrtype><attwidth Sync="TRUE">2</attwidth><atprecis Sync="TRUE">5</atprecis><attscale Sync="TRUE">0</attscale></attr><attr><attrlabl Sync="TRUE">NUM_PAVIMENTOS</attrlabl><attalias Sync="TRUE">NUM_PAVIMENTOS</attalias><attrtype Sync="TRUE">SmallInteger</attrtype><attwidth Sync="TRUE">2</attwidth><atprecis Sync="TRUE">5</atprecis><attscale Sync="TRUE">0</attscale></attr><attr><attrlabl Sync="TRUE">FLAG_ED_RUINAS</attrlabl><attalias Sync="TRUE">FLAG_ED_RUINAS</attalias><attrtype Sync="TRUE">SmallInteger</attrtype><attwidth Sync="TRUE">2</attwidth><atprecis Sync="TRUE">5</atprecis><attscale Sync="TRUE">0</attscale></attr><attr><attrlabl Sync="TRUE">COD_QUADRA</attrlabl><attalias Sync="TRUE">COD_QUADRA</attalias><attrtype Sync="TRUE">String</attrtype><attwidth Sync="TRUE">9</attwidth><atprecis Sync="TRUE">0</atprecis><attscale Sync="TRUE">0</attscale></attr><attr><attrlabl Sync="TRUE">COD_FACE</attrlabl><attalias Sync="TRUE">COD_FACE</attalias><attrtype Sync="TRUE">Double</attrtype><attwidth Sync="TRUE">8</attwidth><atprecis Sync="TRUE">38</atprecis><attscale Sync="TRUE">8</attscale></attr><attr><attrlabl Sync="TRUE">COD_LOTE</attrlabl><attalias Sync="TRUE">COD_LOTE</attalias><attrtype Sync="TRUE">String</attrtype><attwidth Sync="TRUE">9</attwidth><atprecis Sync="TRUE">0</atprecis><attscale Sync="TRUE">0</attscale></attr><attr><attrlabl Sync="TRUE">COD_TRECHO</attrlabl><attalias Sync="TRUE">COD_TRECHO</attalias><attrtype Sync="TRUE">Integer</attrtype><attwidth Sync="TRUE">4</attwidth><atprecis Sync="TRUE">10</atprecis><attscale Sync="TRUE">0</attscale></attr><attr><attrlabl Sync="TRUE">Y</attrlabl><attalias Sync="TRUE">Y</attalias><attrtype Sync="TRUE">Double</attrtype><attwidth Sync="TRUE">8</attwidth><atprecis Sync="TRUE">38</atprecis><attscale Sync="TRUE">8</attscale></attr><attr><attrlabl Sync="TRUE">Dist_Lote</attrlabl><attalias Sync="TRUE">Dist_Lote</attalias><attrtype Sync="TRUE">Double</attrtype><attwidth Sync="TRUE">8</attwidth><atprecis Sync="TRUE">38</atprecis><attscale Sync="TRUE">8</attscale></attr><attr><attrlabl Sync="TRUE">Dist_bases</attrlabl><attalias Sync="TRUE">Dist_bases</attalias><attrtype Sync="TRUE">Double</attrtype><attwidth Sync="TRUE">8</attwidth><atprecis Sync="TRUE">38</atprecis><attscale Sync="TRUE">8</attscale></attr><attr><attrlabl Sync="TRUE">CEP</attrlabl><attalias Sync="TRUE">CEP</attalias><attrtype Sync="TRUE">String</attrtype><attwidth Sync="TRUE">10</attwidth><atprecis Sync="TRUE">0</atprecis><attscale Sync="TRUE">0</attscale></attr><attr><attrlabl Sync="TRUE">CL_ORIGINAL</attrlabl><attalias Sync="TRUE">CL_ORIGINAL</attalias><attrtype Sync="TRUE">String</attrtype><attwidth Sync="TRUE">6</attwidth><atprecis Sync="TRUE">0</atprecis><attscale Sync="TRUE">0</attscale></attr><attr><attrlabl Sync="TRUE">relacao</attrlabl><attalias Sync="TRUE">relacao</attalias><attrtype Sync="TRUE">String</attrtype><attwidth Sync="TRUE">50</attwidth><atprecis Sync="TRUE">0</atprecis><attscale Sync="TRUE">0</attscale></attr><attr><attrlabl Sync="TRUE">CLNP_TRIB</attrlabl><attalias Sync="TRUE">CLNP_TRIB</attalias><attrtype Sync="TRUE">String</attrtype><attwidth Sync="TRUE">3</attwidth><atprecis Sync="TRUE">0</atprecis><attscale Sync="TRUE">0</attscale></attr><attr><attrlabl Sync="TRUE">X</attrlabl><attalias Sync="TRUE">X</attalias><attrtype Sync="TRUE">Double</attrtype><attwidth Sync="TRUE">8</attwidth><atprecis Sync="TRUE">38</atprecis><attscale Sync="TRUE">8</attscale></attr><attr><attrlabl Sync="TRUE">NP_INT</attrlabl><attalias Sync="TRUE">NP</attalias><attrtype Sync="TRUE">SmallInteger</attrtype><attwidth Sync="TRUE">2</attwidth><atprecis Sync="TRUE">5</atprecis><attscale Sync="TRUE">0</attscale></attr><attr><attrlabl Sync="TRUE">Shape</attrlabl><attalias Sync="TRUE">Shape</attalias><attrtype Sync="TRUE">Geometry</attrtype><attwidth Sync="TRUE">4</attwidth><atprecis Sync="TRUE">0</atprecis><attscale Sync="TRUE">0</attscale><attrdef Sync="TRUE">Feature geometry.</attrdef><attrdefs Sync="TRUE">Esri</attrdefs><attrdomv><udom Sync="TRUE">Coordinates defining the features.</udom></attrdomv></attr></detailed></eainfo><mdDateSt Sync="TRUE">20190814</mdDateSt></metadata>
