<metadata xml:lang="pt"><Esri><CreaDate>20191211</CreaDate><CreaTime>17174000</CreaTime><ArcGISFormat>1.0</ArcGISFormat><SyncOnce>FALSE</SyncOnce><DataProperties><itemProps><itemName Sync="TRUE">lotes</itemName><imsContentType Sync="TRUE">002</imsContentType><itemLocation><linkage Sync="TRUE">file://\\ARCGIS-PROD\C$\temp\camadas\lotes.shp</linkage><protocol Sync="TRUE">Local Area Network</protocol></itemLocation><nativeExtBox><westBL Sync="TRUE">482356.900000</westBL><eastBL Sync="TRUE">506424.356200</eastBL><southBL Sync="TRUE">6698902.259300</southBL><northBL Sync="TRUE">6721612.576300</northBL><exTypeCode Sync="TRUE">1</exTypeCode></nativeExtBox><relatedItems><item><itemName/></item><item><itemName/></item><item><itemName/></item></relatedItems><itemSize Sync="TRUE">0.000</itemSize></itemProps><coordRef><type Sync="TRUE">Projected</type><geogcsn Sync="TRUE">GCS_SIRGAS_2000</geogcsn><csUnits Sync="TRUE">Linear Unit: Meter (1.000000)</csUnits><projcsn Sync="TRUE">SIRGAS_2000_UTM_Zone_22S</projcsn><peXml Sync="TRUE">&lt;ProjectedCoordinateSystem xsi:type='typens:ProjectedCoordinateSystem' xmlns:xsi='http://www.w3.org/2001/XMLSchema-instance' xmlns:xs='http://www.w3.org/2001/XMLSchema' xmlns:typens='http://www.esri.com/schemas/ArcGIS/10.7'&gt;&lt;WKT&gt;PROJCS[&amp;quot;SIRGAS_2000_UTM_Zone_22S&amp;quot;,GEOGCS[&amp;quot;GCS_SIRGAS_2000&amp;quot;,DATUM[&amp;quot;D_SIRGAS_2000&amp;quot;,SPHEROID[&amp;quot;GRS_1980&amp;quot;,6378137.0,298.257222101]],PRIMEM[&amp;quot;Greenwich&amp;quot;,0.0],UNIT[&amp;quot;Degree&amp;quot;,0.0174532925199433]],PROJECTION[&amp;quot;Transverse_Mercator&amp;quot;],PARAMETER[&amp;quot;False_Easting&amp;quot;,500000.0],PARAMETER[&amp;quot;False_Northing&amp;quot;,10000000.0],PARAMETER[&amp;quot;Central_Meridian&amp;quot;,-51.0],PARAMETER[&amp;quot;Scale_Factor&amp;quot;,0.9996],PARAMETER[&amp;quot;Latitude_Of_Origin&amp;quot;,0.0],UNIT[&amp;quot;Meter&amp;quot;,1.0],AUTHORITY[&amp;quot;EPSG&amp;quot;,31982]]&lt;/WKT&gt;&lt;XOrigin&gt;-5120900&lt;/XOrigin&gt;&lt;YOrigin&gt;1900&lt;/YOrigin&gt;&lt;XYScale&gt;450445547.3910538&lt;/XYScale&gt;&lt;ZOrigin&gt;-100000&lt;/ZOrigin&gt;&lt;ZScale&gt;10000&lt;/ZScale&gt;&lt;MOrigin&gt;-100000&lt;/MOrigin&gt;&lt;MScale&gt;10000&lt;/MScale&gt;&lt;XYTolerance&gt;0.001&lt;/XYTolerance&gt;&lt;ZTolerance&gt;0.001&lt;/ZTolerance&gt;&lt;MTolerance&gt;0.001&lt;/MTolerance&gt;&lt;HighPrecision&gt;true&lt;/HighPrecision&gt;&lt;WKID&gt;31982&lt;/WKID&gt;&lt;LatestWKID&gt;31982&lt;/LatestWKID&gt;&lt;/ProjectedCoordinateSystem&gt;</peXml></coordRef><lineage><Process ToolSource="c:\program files (x86)\arcgis\desktop10.7\ArcToolbox\Toolboxes\Conversion Tools.tbx\FeatureClassToFeatureClass" Date="20191211" Time="171848">FeatureClassToFeatureClass Lotes_Basemap_v13 "Database Connections\Connection to gis.novohamburgo.rs.gov.br.sde\gisdb.gis.Cadastro_Imobiliario" Lotes_Basemap # "chave "chave" true true false 60 Text 0 0 ,First,#,Lotes_Basemap_v13,chave,-1,-1;cod_sigam "cod_sigam" true true false 50 Text 0 0 ,First,#,Lotes_Basemap_v13,cod_sigam,-1,-1;nr_chave_lote "NR_CHAVE_LOTE" true true false 4 Long 0 0 ,First,#,Lotes_Basemap_v13,nr_chave_lote,-1,-1;SHAPE_Length "SHAPE_Length" false true true 8 Double 0 0 ,First,#,Lotes_Basemap_v13,SHAPE_Length,-1,-1;SHAPE_Area "SHAPE_Area" false true true 8 Double 0 0 ,First,#,Lotes_Basemap_v13,SHAPE_Area,-1,-1" #</Process><Process ToolSource="c:\program files (x86)\arcgis\desktop10.7\ArcToolbox\Toolboxes\Data Management Tools.tbx\TruncateTable" Date="20191227" Time="090137">TruncateTable gisdb.gis.Lotes_Basemap</Process><Process ToolSource="c:\program files (x86)\arcgis\desktop10.7\ArcToolbox\Toolboxes\Data Management Tools.tbx\CalculateField" Date="20200114" Time="125239">CalculateField gisdb.gis.lotes chave !cod_sigam! PYTHON_9.3 #</Process><Process ToolSource="c:\program files (x86)\arcgis\desktop10.7\ArcToolbox\Toolboxes\Data Management Tools.tbx\CalculateField" Date="20200114" Time="125320">CalculateField gisdb.gis.lotes chave !cod_sigam! PYTHON_9.3 #</Process><Process ToolSource="c:\program files (x86)\arcgis\desktop10.7\ArcToolbox\Toolboxes\Data Management Tools.tbx\CalculateField" Date="20200114" Time="125352">CalculateField gisdb.gis.lotes chave !cod_sigam! PYTHON_9.3 #</Process><Process ToolSource="c:\program files (x86)\arcgis\desktop10.7\ArcToolbox\Toolboxes\Data Management Tools.tbx\CalculateField" Date="20200114" Time="125435">CalculateField gisdb.gis.lotes chave !cod_sigam! PYTHON_9.3 #</Process><Process ToolSource="c:\program files (x86)\arcgis\desktop10.7\ArcToolbox\Toolboxes\Data Management Tools.tbx\CalculateField" Date="20200114" Time="125524">CalculateField gisdb.gis.lotes nr_chave_lote !cod_sigam![-5:] PYTHON_9.3 #</Process><Process ToolSource="c:\program files (x86)\arcgis\desktop10.7\ArcToolbox\Toolboxes\Data Management Tools.tbx\CalculateField" Date="20200114" Time="125646">CalculateField gisdb.gis.lotes nr_chave_lote !cod_sigam![-5:] PYTHON_9.3 #</Process><Process ToolSource="c:\program files (x86)\arcgis\desktop10.7\ArcToolbox\Toolboxes\Data Management Tools.tbx\CalculateField" Date="20200114" Time="125658">CalculateField gisdb.gis.lotes nr_chave_lote !cod_sigam![-5:] PYTHON_9.3 #</Process><Process ToolSource="c:\program files (x86)\arcgis\desktop10.7\ArcToolbox\Toolboxes\Data Management Tools.tbx\CalculateField" Date="20200114" Time="125707">CalculateField gisdb.gis.lotes nr_chave_lote !cod_sigam![-5:] PYTHON_9.3 #</Process><Process ToolSource="c:\program files (x86)\arcgis\desktop10.7\ArcToolbox\Toolboxes\Data Management Tools.tbx\CalculateField" Date="20200114" Time="125904">CalculateField gisdb.gis.lotes nr_chave_lote !cod_sigam![-5:] PYTHON_9.3 #</Process><Process ToolSource="c:\program files (x86)\arcgis\desktop10.7\ArcToolbox\Toolboxes\Data Management Tools.tbx\CalculateField" Date="20200114" Time="130009">CalculateField gisdb.gis.lotes nr_chave_lote !cod_sigam![-5:] PYTHON_9.3 #</Process><Process ToolSource="c:\program files (x86)\arcgis\desktop10.7\ArcToolbox\Toolboxes\Data Management Tools.tbx\CalculateField" Date="20200114" Time="130248">CalculateField gisdb.gis.lotes nr_chave_lote !cod_sigam![-5:] PYTHON_9.3 #</Process><Process ToolSource="c:\program files (x86)\arcgis\desktop10.7\ArcToolbox\Toolboxes\Data Management Tools.tbx\CalculateField" Date="20200114" Time="131227">CalculateField gisdb.gis.lotes nr_chave_lote !cod_sigam![-5:] PYTHON_9.3 #</Process><Process ToolSource="c:\program files (x86)\arcgis\desktop10.7\ArcToolbox\Toolboxes\Data Management Tools.tbx\CalculateField" Date="20200114" Time="131450">CalculateField gisdb.gis.lotes nr_chave_lote !cod_sigam![-5:] PYTHON_9.3 #</Process><Process ToolSource="c:\program files (x86)\arcgis\desktop10.7\ArcToolbox\Toolboxes\Data Management Tools.tbx\CalculateField" Date="20200114" Time="132031">CalculateField gisdb.gis.lotes nr_chave_lote !cod_sigam![-5:] PYTHON_9.3 #</Process><Process ToolSource="c:\program files (x86)\arcgis\desktop10.7\ArcToolbox\Toolboxes\Data Management Tools.tbx\CalculateField" Date="20200127" Time="161759">CalculateField Lotes chave !cod_sigam! PYTHON_9.3 #</Process><Process ToolSource="c:\program files (x86)\arcgis\desktop10.7\ArcToolbox\Toolboxes\Data Management Tools.tbx\CalculateField" Date="20200127" Time="162214">CalculateField Lotes nr_chave_lote !cod_sigam![-5:] PYTHON_9.3 #</Process><Process ToolSource="c:\program files (x86)\arcgis\desktop10.7\ArcToolbox\Toolboxes\Data Management Tools.tbx\CalculateField" Date="20200128" Time="100949">CalculateField Lotes chave !cod_sigam! PYTHON_9.3 #</Process><Process ToolSource="c:\program files (x86)\arcgis\desktop10.7\ArcToolbox\Toolboxes\Data Management Tools.tbx\CalculateField" Date="20200128" Time="101105">CalculateField Lotes nr_chave_lote !cod_sigam![-5:] PYTHON_9.3 #</Process><Process ToolSource="c:\program files (x86)\arcgis\desktop10.7\ArcToolbox\Toolboxes\Data Management Tools.tbx\CalculateField" Date="20200128" Time="111005">CalculateField Lotes chave !cod_sigam! PYTHON_9.3 #</Process><Process ToolSource="c:\program files (x86)\arcgis\desktop10.7\ArcToolbox\Toolboxes\Data Management Tools.tbx\CalculateField" Date="20200128" Time="111049">CalculateField Lotes nr_chave_lote !cod_sigam![-5:] PYTHON_9.3 #</Process><Process ToolSource="c:\program files (x86)\arcgis\desktop10.7\ArcToolbox\Toolboxes\Data Management Tools.tbx\CalculateField" Date="20200129" Time="131007">CalculateField Lotes\Lotes chave !cod_sigam! PYTHON_9.3 #</Process><Process ToolSource="c:\program files (x86)\arcgis\desktop10.7\ArcToolbox\Toolboxes\Data Management Tools.tbx\CalculateField" Date="20200131" Time="134444">CalculateField Lotes\Lotes chave !cod_sigam! PYTHON_9.3 #</Process><Process ToolSource="c:\program files (x86)\arcgis\desktop10.7\ArcToolbox\Toolboxes\Data Management Tools.tbx\CalculateField" Date="20200131" Time="134457">CalculateField Lotes\Lotes nr_chave_lote !cod_sigam![-5:] PYTHON_9.3 #</Process><Process ToolSource="c:\program files (x86)\arcgis\desktop10.7\ArcToolbox\Toolboxes\Data Management Tools.tbx\CalculateField" Date="20200227" Time="144612">CalculateField Lotes\Lotes chave !cod_sigam! PYTHON_9.3 #</Process><Process ToolSource="c:\program files (x86)\arcgis\desktop10.7\ArcToolbox\Toolboxes\Data Management Tools.tbx\CalculateField" Date="20200227" Time="144628">CalculateField Lotes\Lotes nr_chave_lote !cod_sigam![-5:] PYTHON_9.3 #</Process><Process ToolSource="c:\program files (x86)\arcgis\desktop10.7\ArcToolbox\Toolboxes\Data Management Tools.tbx\CalculateField" Date="20200228" Time="133052">CalculateField Lotes chave !cod_sigam! PYTHON_9.3 #</Process><Process ToolSource="c:\program files (x86)\arcgis\desktop10.7\ArcToolbox\Toolboxes\Data Management Tools.tbx\CalculateField" Date="20200228" Time="133141">CalculateField Lotes nr_chave_lote !cod_sigam![-5:] PYTHON_9.3 #</Process><Process ToolSource="c:\program files (x86)\arcgis\desktop10.7\ArcToolbox\Toolboxes\Data Management Tools.tbx\CalculateField" Date="20200313" Time="124937">CalculateField Lotes\Lotes chave !cod_sigam! PYTHON_9.3 #</Process><Process ToolSource="c:\program files (x86)\arcgis\desktop10.7\ArcToolbox\Toolboxes\Data Management Tools.tbx\CalculateField" Date="20200313" Time="124950">CalculateField Lotes\Lotes nr_chave_lote !cod_sigam![-5:] PYTHON_9.3 #</Process><Process ToolSource="c:\program files (x86)\arcgis\desktop10.6\ArcToolbox\Toolboxes\Data Management Tools.tbx\CalculateField" Date="20200317" Time="104650">CalculateField Lotes chave !cod_sigam! PYTHON_9.3 #</Process><Process ToolSource="c:\program files (x86)\arcgis\desktop10.7\ArcToolbox\Toolboxes\Data Management Tools.tbx\CalculateField" Date="20200615" Time="132215">CalculateField Lotes\Lotes chave !cod_sigam! PYTHON_9.3 #</Process><Process ToolSource="c:\program files (x86)\arcgis\desktop10.7\ArcToolbox\Toolboxes\Data Management Tools.tbx\CalculateField" Date="20200615" Time="132313">CalculateField Lotes\Lotes nr_chave_lote !cod_sigam![-5:] PYTHON_9.3 #</Process><Process ToolSource="c:\program files (x86)\arcgis\desktop10.7\ArcToolbox\Toolboxes\Data Management Tools.tbx\CalculateField" Date="20201001" Time="170454">CalculateField gisdb.gis.lotes chave !cod_sigam! PYTHON_9.3 #</Process><Process ToolSource="c:\program files (x86)\arcgis\desktop10.7\ArcToolbox\Toolboxes\Data Management Tools.tbx\CalculateField" Date="20201001" Time="170510">CalculateField gisdb.gis.lotes nr_chave_lote !cod_sigam![-5:] PYTHON_9.3 #</Process><Process Name="ExtractDataVerificaLimites" ToolSource="S:\geoprocessamento\SigNH\ExtractDataSigNH\ExtractDataComLimite.tbx\ExtractDataVerificaLimites" Date="20210923" Time="134355">ExtractDataVerificaLimites "Feature Set" 'Pontos de Interesse';'Instituicoes de Ensino';Saude;'Hidrografia Secundaria';'Marcos Geodesicos';Zoneamento;IPHAN_IPHAE;'Areas Especiais';'Interesse de Tombamento';Logradouros;Edificacoes;'Fracao de Lote';Lotes;Bairros;'Curvas de Nivel Primarias';'Curvas de Nivel Secundarias'</Process><Process Name="ExtractDataVerificaLimites" ToolSource="S:\geoprocessamento\SigNH\ExtractDataSigNH\ExtractDataComLimite.tbx\ExtractDataVerificaLimites" Date="20210923" Time="171508">ExtractDataVerificaLimites "Feature Set" 'Pontos de Interesse';'Instituicoes de Ensino';Saude;'Hidrografia Secundaria';'Marcos Geodesicos';Zoneamento;IPHAN_IPHAE;'Areas Especiais';'Interesse de Tombamento';Logradouros;Edificacoes;'Fracao de Lote';Lotes;Bairros;'Curvas de Nivel Primarias';'Curvas de Nivel Secundarias'</Process><Process Name="ExtractDataVerificaLimites" ToolSource="S:\geoprocessamento\SigNH\ExtractDataSigNH\ExtractDataComLimite.tbx\ExtractDataVerificaLimites" Date="20210923" Time="173344">ExtractDataVerificaLimites "Feature Set" 'Pontos de Interesse';'Instituicoes de Ensino';Saude;'Hidrografia Secundaria';'Marcos Geodesicos';Zoneamento;IPHAN_IPHAE;'Areas Especiais';'Interesse de Tombamento';Logradouros;Edificacoes;'Fracao de Lote';Lotes;Bairros;'Curvas de Nivel Primarias';'Curvas de Nivel Secundarias'</Process><Process Name="ExtractDataVerificaLimites" ToolSource="S:\geoprocessamento\SigNH\ExtractDataSigNH\ExtractDataComLimite.tbx\ExtractDataVerificaLimites" Date="20210924" Time="123257">ExtractDataVerificaLimites "Feature Set" 'Pontos de Interesse';'Instituicoes de Ensino';Saude;'Hidrografia Secundaria';'Marcos Geodesicos';Zoneamento;IPHAN_IPHAE;'Areas Especiais';'Interesse de Tombamento';Logradouros;Edificacoes;'Fracao de Lote';Lotes;Bairros;'Curvas de Nivel Primarias';'Curvas de Nivel Secundarias'</Process><Process Name="ExtractDataVerificaLimites" ToolSource="S:\geoprocessamento\SigNH\ExtractDataSigNH\ExtractDataComLimite.tbx\ExtractDataVerificaLimites" Date="20210927" Time="085228">ExtractDataVerificaLimites "Feature Set" 'Pontos de Interesse';'Instituicoes de Ensino';Saude;'Hidrografia Secundaria';'Marcos Geodesicos';Zoneamento;IPHAN_IPHAE;'Areas Especiais';'Interesse de Tombamento';Logradouros;Edificacoes;'Fracao de Lote';Lotes;Bairros;'Curvas de Nivel Primarias';'Curvas de Nivel Secundarias'</Process><Process Name="ExtractDataVerificaLimites" ToolSource="S:\geoprocessamento\SigNH\ExtractDataSigNH\ExtractDataComLimite.tbx\ExtractDataVerificaLimites" Date="20210927" Time="085317">ExtractDataVerificaLimites "Feature Set" 'Pontos de Interesse';'Instituicoes de Ensino';Saude;'Hidrografia Secundaria';'Marcos Geodesicos';Zoneamento;IPHAN_IPHAE;'Areas Especiais';'Interesse de Tombamento';Logradouros;Edificacoes;'Fracao de Lote';Lotes;Bairros;'Curvas de Nivel Primarias';'Curvas de Nivel Secundarias'</Process><Process Name="ExtractDataVerificaLimites" ToolSource="S:\geoprocessamento\SigNH\ExtractDataSigNH\ExtractDataComLimite.tbx\ExtractDataVerificaLimites" Date="20210927" Time="092711">ExtractDataVerificaLimites "Feature Set" 'Pontos de Interesse';'Instituicoes de Ensino';Saude;'Hidrografia Secundaria';'Marcos Geodesicos';Zoneamento;IPHAN_IPHAE;'Areas Especiais';'Interesse de Tombamento';Logradouros;Edificacoes;'Fracao de Lote';Lotes;Bairros;'Curvas de Nivel Primarias';'Curvas de Nivel Secundarias'</Process><Process Name="ExtractDataVerificaLimites" ToolSource="S:\geoprocessamento\SigNH\ExtractDataSigNH\ExtractDataComLimite.tbx\ExtractDataVerificaLimites" Date="20210927" Time="100205">ExtractDataVerificaLimites "Feature Set" 'Pontos de Interesse';'Instituicoes de Ensino';Saude;'Hidrografia Secundaria';'Marcos Geodesicos';Zoneamento;IPHAN_IPHAE;'Areas Especiais';'Interesse de Tombamento';Logradouros;Edificacoes;'Fracao de Lote';Lotes;Bairros;'Curvas de Nivel Primarias';'Curvas de Nivel Secundarias'</Process><Process Name="ExtractDataVerificaLimites" ToolSource="S:\geoprocessamento\SigNH\ExtractDataSigNH\ExtractDataComLimite.tbx\ExtractDataVerificaLimites" Date="20210927" Time="111710">ExtractDataVerificaLimites "Feature Set" 'Pontos de Interesse';'Instituicoes de Ensino';Saude;'Hidrografia Secundaria';'Marcos Geodesicos';Zoneamento;IPHAN_IPHAE;'Areas Especiais';'Interesse de Tombamento';Logradouros;Edificacoes;'Fracao de Lote';Lotes;Bairros;'Curvas de Nivel Primarias';'Curvas de Nivel Secundarias'</Process><Process Name="ExtractDataVerificaLimites" ToolSource="S:\geoprocessamento\SigNH\ExtractDataSigNH\ExtractDataComLimite.tbx\ExtractDataVerificaLimites" Date="20210927" Time="112044">ExtractDataVerificaLimites "Feature Set" 'Pontos de Interesse';'Instituicoes de Ensino';Saude;'Hidrografia Secundaria';'Marcos Geodesicos';Zoneamento;IPHAN_IPHAE;'Areas Especiais';'Interesse de Tombamento';Logradouros;Edificacoes;'Fracao de Lote';Lotes;Bairros;'Curvas de Nivel Primarias';'Curvas de Nivel Secundarias'</Process><Process Name="ExtractDataVerificaLimites" ToolSource="S:\geoprocessamento\SigNH\ExtractDataSigNH\ExtractDataComLimite.tbx\ExtractDataVerificaLimites" Date="20210927" Time="112422">ExtractDataVerificaLimites "Feature Set" 'Pontos de Interesse';'Instituicoes de Ensino';Saude;'Hidrografia Secundaria';'Marcos Geodesicos';Zoneamento;IPHAN_IPHAE;'Areas Especiais';'Interesse de Tombamento';Logradouros;Edificacoes;'Fracao de Lote';Lotes;Bairros;'Curvas de Nivel Primarias';'Curvas de Nivel Secundarias'</Process><Process Name="ExtractDataVerificaLimites" ToolSource="S:\geoprocessamento\SigNH\ExtractDataSigNH\ExtractDataComLimite.tbx\ExtractDataVerificaLimites" Date="20210930" Time="114537">ExtractDataVerificaLimites "Feature Set" 'Pontos de Interesse';'Instituicoes de Ensino';Saude;'Hidrografia Secundaria';'Marcos Geodesicos';Zoneamento;IPHAN_IPHAE;'Areas Especiais';'Interesse de Tombamento';Logradouros;Edificacoes;'Fracao de Lote';Lotes;Bairros;'Curvas de Nivel Primarias';'Curvas de Nivel Secundarias'</Process><Process Name="ExtractDataVerificaLimites" ToolSource="S:\geoprocessamento\SigNH\ExtractDataSigNH\ExtractDataComLimite.tbx\ExtractDataVerificaLimites" Date="20210930" Time="114550">ExtractDataVerificaLimites "Feature Set" 'Pontos de Interesse';'Instituicoes de Ensino';Saude;'Hidrografia Secundaria';'Marcos Geodesicos';Zoneamento;IPHAN_IPHAE;'Areas Especiais';'Interesse de Tombamento';Logradouros;Edificacoes;'Fracao de Lote';Lotes;Bairros;'Curvas de Nivel Primarias';'Curvas de Nivel Secundarias'</Process><Process Name="ExtractDataVerificaLimites" ToolSource="S:\geoprocessamento\SigNH\ExtractDataSigNH\ExtractDataComLimite.tbx\ExtractDataVerificaLimites" Date="20211004" Time="093106">ExtractDataVerificaLimites "Feature Set" 'Pontos de Interesse';'Instituicoes de Ensino';Saude;'Hidrografia Secundaria';'Marcos Geodesicos';Zoneamento;IPHAN_IPHAE;'Areas Especiais';'Interesse de Tombamento';Logradouros;Edificacoes;'Fracao de Lote';Lotes;Bairros;'Curvas de Nivel Primarias';'Curvas de Nivel Secundarias'</Process><Process ToolSource="d:\program files (x86)\arcgis\desktop10.7\ArcToolbox\Toolboxes\Conversion Tools.tbx\FeatureClassToFeatureClass" Date="20220830" Time="080504">FeatureClassToFeatureClass "Database Connections\gis@gis.novohamburgo.rs.gov.br.sde\gisdb.gis.Cadastro_Imobiliario\gisdb.gis.lotes" C:\temp\camadas lotes.shp # "chave "chave" true true false 60 Text 0 0 ,First,#,Database Connections\gis@gis.novohamburgo.rs.gov.br.sde\gisdb.gis.Cadastro_Imobiliario\gisdb.gis.lotes,chave,-1,-1;cod_sigam "cod_sigam" true true false 50 Text 0 0 ,First,#,Database Connections\gis@gis.novohamburgo.rs.gov.br.sde\gisdb.gis.Cadastro_Imobiliario\gisdb.gis.lotes,cod_sigam,-1,-1;nr_chave_l "NR_CHAVE_LOTE" true true false 4 Long 0 10 ,First,#,Database Connections\gis@gis.novohamburgo.rs.gov.br.sde\gisdb.gis.Cadastro_Imobiliario\gisdb.gis.lotes,nr_chave_lote,-1,-1;st_area_sh "st_area_sh" false false true 0 Double 0 0 ,First,#,Database Connections\gis@gis.novohamburgo.rs.gov.br.sde\gisdb.gis.Cadastro_Imobiliario\gisdb.gis.lotes,st_area(shape),-1,-1;st_length_ "st_length_" false false true 0 Double 0 0 ,First,#,Database Connections\gis@gis.novohamburgo.rs.gov.br.sde\gisdb.gis.Cadastro_Imobiliario\gisdb.gis.lotes,st_length(shape),-1,-1" #</Process></lineage></DataProperties><SyncDate>20220830</SyncDate><SyncTime>08045000</SyncTime><ModDate>20220830</ModDate><ModTime>08045000</ModTime></Esri><dataIdInfo><envirDesc Sync="TRUE"> Version 6.2 (Build 9200) ; Esri ArcGIS 10.7.1.11595</envirDesc><dataLang><languageCode value="por" Sync="TRUE"></languageCode><countryCode value="BRA" Sync="TRUE"></countryCode></dataLang><idCitation><resTitle Sync="TRUE">lotes</resTitle><presForm><PresFormCd value="005" Sync="TRUE"></PresFormCd></presForm></idCitation><spatRpType><SpatRepTypCd value="001" Sync="TRUE"></SpatRepTypCd></spatRpType><dataExt><geoEle><GeoBndBox esriExtentType="search"><exTypeCode Sync="TRUE">1</exTypeCode><westBL Sync="TRUE">-51.182637</westBL><eastBL Sync="TRUE">-50.933496</eastBL><northBL Sync="TRUE">-29.635289</northBL><southBL Sync="TRUE">-29.840374</southBL></GeoBndBox></geoEle></dataExt></dataIdInfo><mdLang><languageCode value="por" Sync="TRUE"></languageCode><countryCode value="BRA" Sync="TRUE"></countryCode></mdLang><distInfo><distFormat><formatName Sync="TRUE">Shapefile</formatName></distFormat><distTranOps><transSize Sync="TRUE">0.000</transSize></distTranOps></distInfo><mdHrLv><ScopeCd value="005" Sync="TRUE"></ScopeCd></mdHrLv><mdHrLvName Sync="TRUE">dataset</mdHrLvName><refSysInfo><RefSystem><refSysID><identCode code="31982" Sync="TRUE"></identCode><idCodeSpace Sync="TRUE">EPSG</idCodeSpace><idVersion Sync="TRUE">7.8.3(8.1.2)</idVersion></refSysID></RefSystem></refSysInfo><spatRepInfo><VectSpatRep><geometObjs Name="lotes"><geoObjTyp><GeoObjTypCd value="002" Sync="TRUE"></GeoObjTypCd></geoObjTyp><geoObjCnt Sync="TRUE">0</geoObjCnt></geometObjs><topLvl><TopoLevCd value="001" Sync="TRUE"></TopoLevCd></topLvl></VectSpatRep></spatRepInfo><spdoinfo><ptvctinf><esriterm Name="lotes"><efeatyp Sync="TRUE">Simple</efeatyp><efeageom code="4" Sync="TRUE"></efeageom><esritopo Sync="TRUE">FALSE</esritopo><efeacnt Sync="TRUE">0</efeacnt><spindex Sync="TRUE">FALSE</spindex><linrefer Sync="TRUE">FALSE</linrefer></esriterm></ptvctinf></spdoinfo><eainfo><detailed Name="lotes"><enttyp><enttypl Sync="TRUE">lotes</enttypl><enttypt Sync="TRUE">Feature Class</enttypt><enttypc Sync="TRUE">0</enttypc></enttyp><attr><attrlabl Sync="TRUE">FID</attrlabl><attalias Sync="TRUE">FID</attalias><attrtype Sync="TRUE">OID</attrtype><attwidth Sync="TRUE">4</attwidth><atprecis Sync="TRUE">0</atprecis><attscale Sync="TRUE">0</attscale><attrdef Sync="TRUE">Internal feature number.</attrdef><attrdefs Sync="TRUE">Esri</attrdefs><attrdomv><udom Sync="TRUE">Sequential unique whole numbers that are automatically generated.</udom></attrdomv></attr><attr><attrlabl Sync="TRUE">chave</attrlabl><attalias Sync="TRUE">chave</attalias><attrtype Sync="TRUE">String</attrtype><attwidth Sync="TRUE">60</attwidth><atprecis Sync="TRUE">0</atprecis><attscale Sync="TRUE">0</attscale></attr><attr><attrlabl Sync="TRUE">cod_sigam</attrlabl><attalias Sync="TRUE">cod_sigam</attalias><attrtype Sync="TRUE">String</attrtype><attwidth Sync="TRUE">50</attwidth><atprecis Sync="TRUE">0</atprecis><attscale Sync="TRUE">0</attscale></attr><attr><attrlabl Sync="TRUE">shape</attrlabl><attalias Sync="TRUE">Shape</attalias><attrtype Sync="TRUE">Geometry</attrtype><attwidth Sync="TRUE">0</attwidth><atprecis Sync="TRUE">0</atprecis><attscale Sync="TRUE">0</attscale><attrdef Sync="TRUE">Feature geometry.</attrdef><attrdefs Sync="TRUE">Esri</attrdefs><attrdomv><udom Sync="TRUE">Coordinates defining the features.</udom></attrdomv></attr><attr><attrlabl Sync="TRUE">nr_chave_l</attrlabl><attalias Sync="TRUE">nr_chave_l</attalias><attrtype Sync="TRUE">Integer</attrtype><attwidth Sync="TRUE">10</attwidth><atprecis Sync="TRUE">10</atprecis><attscale Sync="TRUE">0</attscale></attr><attr><attrlabl Sync="TRUE">st_area_sh</attrlabl><attalias Sync="TRUE">st_area_sh</attalias><attrtype Sync="TRUE">Double</attrtype><attwidth Sync="TRUE">19</attwidth><atprecis Sync="TRUE">0</atprecis><attscale Sync="TRUE">0</attscale></attr><attr><attrlabl Sync="TRUE">st_length_</attrlabl><attalias Sync="TRUE">st_length_</attalias><attrtype Sync="TRUE">Double</attrtype><attwidth Sync="TRUE">19</attwidth><atprecis Sync="TRUE">0</atprecis><attscale Sync="TRUE">0</attscale></attr></detailed></eainfo><mdDateSt Sync="TRUE">20220830</mdDateSt></metadata>
