<?xml version="1.0" encoding="UTF-8"?>
<metadata xml:lang="pt"><Esri><CreaDate>20121019</CreaDate><CreaTime>16124100</CreaTime><ArcGISFormat>1.0</ArcGISFormat><SyncOnce>TRUE</SyncOnce><DataProperties><lineage><Process ToolSource="C:\Program Files (x86)\ArcGIS\Desktop10.0\ArcToolbox\Toolboxes\Data Management Tools.tbx\CalculateField" Date="20121019" Time="161241">CalculateField LOTES CODGIS "[DISTR] &amp; [SETOR] &amp; [QUADRA] &amp; [LOTE]" VB #</Process></lineage></DataProperties></Esri></metadata>
