<?xml version="1.0" encoding="UTF-8"?>
<metadata xml:lang="pt"><Esri><CreaDate>20210520</CreaDate><CreaTime>15400100</CreaTime><ArcGISFormat>1.0</ArcGISFormat><SyncOnce>TRUE</SyncOnce><DataProperties><lineage><Process ToolSource="c:\program files (x86)\arcgis\desktop10.1\ArcToolbox\Toolboxes\Data Management Tools.tbx\DeleteField" Date="20210520" Time="154001">DeleteField LOTE_NUMEROPREDIAL cd_distrit;cd_setor;nr_quadra;nr_lote;id_distrit;id_setor;id_quadra;id_lote</Process><Process ToolSource="c:\program files (x86)\arcgis\desktop10.1\ArcToolbox\Toolboxes\Data Management Tools.tbx\CalculateField" Date="20210521" Time="085224">CalculateField LOTE_NUMEROPREDIAL cadastro [nr_cadastr] VB #</Process><Process ToolSource="c:\program files (x86)\arcgis\desktop10.1\ArcToolbox\Toolboxes\Data Management Tools.tbx\CalculateField" Date="20210521" Time="085259">CalculateField LOTE_NUMEROPREDIAL cadastro [nr_cadastr] VB #</Process></lineage></DataProperties></Esri></metadata>
