<metadata xml:lang="pt"><Esri><CreaDate>20170829</CreaDate><CreaTime>16580300</CreaTime><ArcGISFormat>1.0</ArcGISFormat><SyncOnce>FALSE</SyncOnce><DataProperties><itemProps><itemName Sync="TRUE">bairros</itemName><imsContentType Sync="TRUE">002</imsContentType><nativeExtBox><westBL Sync="TRUE">482668.521500</westBL><eastBL Sync="TRUE">506422.768900</eastBL><southBL Sync="TRUE">6698902.259100</southBL><northBL Sync="TRUE">6721327.475000</northBL><exTypeCode Sync="TRUE">1</exTypeCode></nativeExtBox><itemLocation><linkage Sync="TRUE">file://\\ARCGIS-PROD\C$\temp\camadas\bairros.shp</linkage><protocol Sync="TRUE">Local Area Network</protocol></itemLocation><itemSize Sync="TRUE">0.000</itemSize></itemProps><coordRef><type Sync="TRUE">Projected</type><geogcsn Sync="TRUE">GCS_SIRGAS_2000</geogcsn><csUnits Sync="TRUE">Linear Unit: Meter (1.000000)</csUnits><projcsn Sync="TRUE">SIRGAS_2000_UTM_Zone_22S</projcsn><peXml Sync="TRUE">&lt;ProjectedCoordinateSystem xsi:type='typens:ProjectedCoordinateSystem' xmlns:xsi='http://www.w3.org/2001/XMLSchema-instance' xmlns:xs='http://www.w3.org/2001/XMLSchema' xmlns:typens='http://www.esri.com/schemas/ArcGIS/10.7'&gt;&lt;WKT&gt;PROJCS[&amp;quot;SIRGAS_2000_UTM_Zone_22S&amp;quot;,GEOGCS[&amp;quot;GCS_SIRGAS_2000&amp;quot;,DATUM[&amp;quot;D_SIRGAS_2000&amp;quot;,SPHEROID[&amp;quot;GRS_1980&amp;quot;,6378137.0,298.257222101]],PRIMEM[&amp;quot;Greenwich&amp;quot;,0.0],UNIT[&amp;quot;Degree&amp;quot;,0.0174532925199433]],PROJECTION[&amp;quot;Transverse_Mercator&amp;quot;],PARAMETER[&amp;quot;False_Easting&amp;quot;,500000.0],PARAMETER[&amp;quot;False_Northing&amp;quot;,10000000.0],PARAMETER[&amp;quot;Central_Meridian&amp;quot;,-51.0],PARAMETER[&amp;quot;Scale_Factor&amp;quot;,0.9996],PARAMETER[&amp;quot;Latitude_Of_Origin&amp;quot;,0.0],UNIT[&amp;quot;Meter&amp;quot;,1.0],AUTHORITY[&amp;quot;EPSG&amp;quot;,31982]]&lt;/WKT&gt;&lt;XOrigin&gt;-5120900&lt;/XOrigin&gt;&lt;YOrigin&gt;1900&lt;/YOrigin&gt;&lt;XYScale&gt;450445547.3910538&lt;/XYScale&gt;&lt;ZOrigin&gt;-100000&lt;/ZOrigin&gt;&lt;ZScale&gt;10000&lt;/ZScale&gt;&lt;MOrigin&gt;-100000&lt;/MOrigin&gt;&lt;MScale&gt;10000&lt;/MScale&gt;&lt;XYTolerance&gt;0.001&lt;/XYTolerance&gt;&lt;ZTolerance&gt;0.001&lt;/ZTolerance&gt;&lt;MTolerance&gt;0.001&lt;/MTolerance&gt;&lt;HighPrecision&gt;true&lt;/HighPrecision&gt;&lt;WKID&gt;31982&lt;/WKID&gt;&lt;LatestWKID&gt;31982&lt;/LatestWKID&gt;&lt;/ProjectedCoordinateSystem&gt;</peXml></coordRef><lineage><Process Name="ExtractDataVerificaLimites" ToolSource="S:\geoprocessamento\SigNH\ExtractDataSigNH\ExtractDataComLimite.tbx\ExtractDataVerificaLimites" Date="20210923" Time="134355">ExtractDataVerificaLimites "Feature Set" 'Pontos de Interesse';'Instituicoes de Ensino';Saude;'Hidrografia Secundaria';'Marcos Geodesicos';Zoneamento;IPHAN_IPHAE;'Areas Especiais';'Interesse de Tombamento';Logradouros;Edificacoes;'Fracao de Lote';Lotes;Bairros;'Curvas de Nivel Primarias';'Curvas de Nivel Secundarias'</Process><Process Name="ExtractDataVerificaLimites" ToolSource="S:\geoprocessamento\SigNH\ExtractDataSigNH\ExtractDataComLimite.tbx\ExtractDataVerificaLimites" Date="20210923" Time="171508">ExtractDataVerificaLimites "Feature Set" 'Pontos de Interesse';'Instituicoes de Ensino';Saude;'Hidrografia Secundaria';'Marcos Geodesicos';Zoneamento;IPHAN_IPHAE;'Areas Especiais';'Interesse de Tombamento';Logradouros;Edificacoes;'Fracao de Lote';Lotes;Bairros;'Curvas de Nivel Primarias';'Curvas de Nivel Secundarias'</Process><Process Name="ExtractDataVerificaLimites" ToolSource="S:\geoprocessamento\SigNH\ExtractDataSigNH\ExtractDataComLimite.tbx\ExtractDataVerificaLimites" Date="20210923" Time="173344">ExtractDataVerificaLimites "Feature Set" 'Pontos de Interesse';'Instituicoes de Ensino';Saude;'Hidrografia Secundaria';'Marcos Geodesicos';Zoneamento;IPHAN_IPHAE;'Areas Especiais';'Interesse de Tombamento';Logradouros;Edificacoes;'Fracao de Lote';Lotes;Bairros;'Curvas de Nivel Primarias';'Curvas de Nivel Secundarias'</Process><Process Name="ExtractDataVerificaLimites" ToolSource="S:\geoprocessamento\SigNH\ExtractDataSigNH\ExtractDataComLimite.tbx\ExtractDataVerificaLimites" Date="20210923" Time="173850">ExtractDataVerificaLimites "Feature Set" 'Pontos de Interesse';'Instituicoes de Ensino';Saude;'Hidrografia Secundaria';'Marcos Geodesicos';Zoneamento;IPHAN_IPHAE;'Areas Especiais';'Interesse de Tombamento';Logradouros;'Fracao de Lote';Bairros</Process><Process Name="ExtractDataVerificaLimites" ToolSource="S:\geoprocessamento\SigNH\ExtractDataSigNH\ExtractDataComLimite.tbx\ExtractDataVerificaLimites" Date="20210923" Time="173955">ExtractDataVerificaLimites "Feature Set" 'Pontos de Interesse';'Instituicoes de Ensino';Saude;'Hidrografia Secundaria';'Marcos Geodesicos';Zoneamento;IPHAN_IPHAE;'Areas Especiais';'Interesse de Tombamento';Logradouros;'Fracao de Lote';Bairros;'Curvas de Nivel Primarias'</Process><Process Name="ExtractDataVerificaLimites" ToolSource="S:\geoprocessamento\SigNH\ExtractDataSigNH\ExtractDataComLimite.tbx\ExtractDataVerificaLimites" Date="20210924" Time="123257">ExtractDataVerificaLimites "Feature Set" 'Pontos de Interesse';'Instituicoes de Ensino';Saude;'Hidrografia Secundaria';'Marcos Geodesicos';Zoneamento;IPHAN_IPHAE;'Areas Especiais';'Interesse de Tombamento';Logradouros;Edificacoes;'Fracao de Lote';Lotes;Bairros;'Curvas de Nivel Primarias';'Curvas de Nivel Secundarias'</Process><Process Name="ExtractDataVerificaLimites" ToolSource="S:\geoprocessamento\SigNH\ExtractDataSigNH\ExtractDataComLimite.tbx\ExtractDataVerificaLimites" Date="20210927" Time="085228">ExtractDataVerificaLimites "Feature Set" 'Pontos de Interesse';'Instituicoes de Ensino';Saude;'Hidrografia Secundaria';'Marcos Geodesicos';Zoneamento;IPHAN_IPHAE;'Areas Especiais';'Interesse de Tombamento';Logradouros;Edificacoes;'Fracao de Lote';Lotes;Bairros;'Curvas de Nivel Primarias';'Curvas de Nivel Secundarias'</Process><Process Name="ExtractDataVerificaLimites" ToolSource="S:\geoprocessamento\SigNH\ExtractDataSigNH\ExtractDataComLimite.tbx\ExtractDataVerificaLimites" Date="20210927" Time="085317">ExtractDataVerificaLimites "Feature Set" 'Pontos de Interesse';'Instituicoes de Ensino';Saude;'Hidrografia Secundaria';'Marcos Geodesicos';Zoneamento;IPHAN_IPHAE;'Areas Especiais';'Interesse de Tombamento';Logradouros;Edificacoes;'Fracao de Lote';Lotes;Bairros;'Curvas de Nivel Primarias';'Curvas de Nivel Secundarias'</Process><Process Name="ExtractDataVerificaLimites" ToolSource="S:\geoprocessamento\SigNH\ExtractDataSigNH\ExtractDataComLimite.tbx\ExtractDataVerificaLimites" Date="20210927" Time="092711">ExtractDataVerificaLimites "Feature Set" 'Pontos de Interesse';'Instituicoes de Ensino';Saude;'Hidrografia Secundaria';'Marcos Geodesicos';Zoneamento;IPHAN_IPHAE;'Areas Especiais';'Interesse de Tombamento';Logradouros;Edificacoes;'Fracao de Lote';Lotes;Bairros;'Curvas de Nivel Primarias';'Curvas de Nivel Secundarias'</Process><Process Name="ExtractDataVerificaLimites" ToolSource="S:\geoprocessamento\SigNH\ExtractDataSigNH\ExtractDataComLimite.tbx\ExtractDataVerificaLimites" Date="20210927" Time="100205">ExtractDataVerificaLimites "Feature Set" 'Pontos de Interesse';'Instituicoes de Ensino';Saude;'Hidrografia Secundaria';'Marcos Geodesicos';Zoneamento;IPHAN_IPHAE;'Areas Especiais';'Interesse de Tombamento';Logradouros;Edificacoes;'Fracao de Lote';Lotes;Bairros;'Curvas de Nivel Primarias';'Curvas de Nivel Secundarias'</Process><Process Name="ExtractDataVerificaLimites" ToolSource="S:\geoprocessamento\SigNH\ExtractDataSigNH\ExtractDataComLimite.tbx\ExtractDataVerificaLimites" Date="20210927" Time="111710">ExtractDataVerificaLimites "Feature Set" 'Pontos de Interesse';'Instituicoes de Ensino';Saude;'Hidrografia Secundaria';'Marcos Geodesicos';Zoneamento;IPHAN_IPHAE;'Areas Especiais';'Interesse de Tombamento';Logradouros;Edificacoes;'Fracao de Lote';Lotes;Bairros;'Curvas de Nivel Primarias';'Curvas de Nivel Secundarias'</Process><Process Name="ExtractDataVerificaLimites" ToolSource="S:\geoprocessamento\SigNH\ExtractDataSigNH\ExtractDataComLimite.tbx\ExtractDataVerificaLimites" Date="20210927" Time="112045">ExtractDataVerificaLimites "Feature Set" 'Pontos de Interesse';'Instituicoes de Ensino';Saude;'Hidrografia Secundaria';'Marcos Geodesicos';Zoneamento;IPHAN_IPHAE;'Areas Especiais';'Interesse de Tombamento';Logradouros;Edificacoes;'Fracao de Lote';Lotes;Bairros;'Curvas de Nivel Primarias';'Curvas de Nivel Secundarias'</Process><Process Name="ExtractDataVerificaLimites" ToolSource="S:\geoprocessamento\SigNH\ExtractDataSigNH\ExtractDataComLimite.tbx\ExtractDataVerificaLimites" Date="20210927" Time="112422">ExtractDataVerificaLimites "Feature Set" 'Pontos de Interesse';'Instituicoes de Ensino';Saude;'Hidrografia Secundaria';'Marcos Geodesicos';Zoneamento;IPHAN_IPHAE;'Areas Especiais';'Interesse de Tombamento';Logradouros;Edificacoes;'Fracao de Lote';Lotes;Bairros;'Curvas de Nivel Primarias';'Curvas de Nivel Secundarias'</Process><Process Name="ExtractDataVerificaLimites" ToolSource="S:\geoprocessamento\SigNH\ExtractDataSigNH\ExtractDataComLimite.tbx\ExtractDataVerificaLimites" Date="20210930" Time="114537">ExtractDataVerificaLimites "Feature Set" 'Pontos de Interesse';'Instituicoes de Ensino';Saude;'Hidrografia Secundaria';'Marcos Geodesicos';Zoneamento;IPHAN_IPHAE;'Areas Especiais';'Interesse de Tombamento';Logradouros;Edificacoes;'Fracao de Lote';Lotes;Bairros;'Curvas de Nivel Primarias';'Curvas de Nivel Secundarias'</Process><Process Name="ExtractDataVerificaLimites" ToolSource="S:\geoprocessamento\SigNH\ExtractDataSigNH\ExtractDataComLimite.tbx\ExtractDataVerificaLimites" Date="20210930" Time="114550">ExtractDataVerificaLimites "Feature Set" 'Pontos de Interesse';'Instituicoes de Ensino';Saude;'Hidrografia Secundaria';'Marcos Geodesicos';Zoneamento;IPHAN_IPHAE;'Areas Especiais';'Interesse de Tombamento';Logradouros;Edificacoes;'Fracao de Lote';Lotes;Bairros;'Curvas de Nivel Primarias';'Curvas de Nivel Secundarias'</Process><Process Name="ExtractDataVerificaLimites" ToolSource="S:\geoprocessamento\SigNH\ExtractDataSigNH\ExtractDataComLimite.tbx\ExtractDataVerificaLimites" Date="20211004" Time="093106">ExtractDataVerificaLimites "Feature Set" 'Pontos de Interesse';'Instituicoes de Ensino';Saude;'Hidrografia Secundaria';'Marcos Geodesicos';Zoneamento;IPHAN_IPHAE;'Areas Especiais';'Interesse de Tombamento';Logradouros;Edificacoes;'Fracao de Lote';Lotes;Bairros;'Curvas de Nivel Primarias';'Curvas de Nivel Secundarias'</Process><Process ToolSource="d:\program files (x86)\arcgis\desktop10.7\ArcToolbox\Toolboxes\Conversion Tools.tbx\FeatureClassToFeatureClass" Date="20220830" Time="083556">FeatureClassToFeatureClass "Database Connections\gis@gis.novohamburgo.rs.gov.br.sde\gisdb.gis.Cartografia\gisdb.gis.bairros" C:\temp\camadas bairros.shp # "chave "Nome" true true false 60 Text 0 0 ,First,#,Database Connections\gis@gis.novohamburgo.rs.gov.br.sde\gisdb.gis.Cartografia\gisdb.gis.bairros,chave,-1,-1;st_area_sh "st_area_sh" false false true 0 Double 0 0 ,First,#,Database Connections\gis@gis.novohamburgo.rs.gov.br.sde\gisdb.gis.Cartografia\gisdb.gis.bairros,st_area(shape),-1,-1;st_length_ "st_length_" false false true 0 Double 0 0 ,First,#,Database Connections\gis@gis.novohamburgo.rs.gov.br.sde\gisdb.gis.Cartografia\gisdb.gis.bairros,st_length(shape),-1,-1" #</Process></lineage></DataProperties><SyncDate>20220830</SyncDate><SyncTime>08355600</SyncTime><ModDate>20220830</ModDate><ModTime>08355600</ModTime></Esri><dataIdInfo><envirDesc Sync="TRUE"> Version 6.2 (Build 9200) ; Esri ArcGIS 10.7.1.11595</envirDesc><dataLang><languageCode value="por" Sync="TRUE"></languageCode><countryCode value="BRA" Sync="TRUE"></countryCode></dataLang><idCitation><resTitle Sync="TRUE">bairros</resTitle><presForm><PresFormCd value="005" Sync="TRUE"></PresFormCd></presForm></idCitation><spatRpType><SpatRepTypCd value="001" Sync="TRUE"></SpatRepTypCd></spatRpType><dataExt><geoEle><GeoBndBox esriExtentType="search"><exTypeCode Sync="TRUE">1</exTypeCode><westBL Sync="TRUE">-51.179411</westBL><eastBL Sync="TRUE">-50.933513</eastBL><northBL Sync="TRUE">-29.637867</northBL><southBL Sync="TRUE">-29.840374</southBL></GeoBndBox></geoEle></dataExt></dataIdInfo><mdLang><languageCode value="por" Sync="TRUE"></languageCode><countryCode value="BRA" Sync="TRUE"></countryCode></mdLang><mdChar><CharSetCd value="004" Sync="TRUE"></CharSetCd></mdChar><distInfo><distFormat><formatName Sync="TRUE">Shapefile</formatName></distFormat><distTranOps><transSize Sync="TRUE">0.000</transSize></distTranOps></distInfo><mdHrLv><ScopeCd value="005" Sync="TRUE"></ScopeCd></mdHrLv><mdHrLvName Sync="TRUE">dataset</mdHrLvName><refSysInfo><RefSystem><refSysID><identCode code="31982" Sync="TRUE"></identCode><idCodeSpace Sync="TRUE">EPSG</idCodeSpace><idVersion Sync="TRUE">7.8.3(8.1.2)</idVersion></refSysID></RefSystem></refSysInfo><spatRepInfo><VectSpatRep><geometObjs Name="bairros"><geoObjTyp><GeoObjTypCd value="002" Sync="TRUE"></GeoObjTypCd></geoObjTyp><geoObjCnt Sync="TRUE">0</geoObjCnt></geometObjs><topLvl><TopoLevCd value="001" Sync="TRUE"></TopoLevCd></topLvl></VectSpatRep></spatRepInfo><spdoinfo><ptvctinf><esriterm Name="bairros"><efeatyp Sync="TRUE">Simple</efeatyp><efeageom code="4" Sync="TRUE"></efeageom><esritopo Sync="TRUE">FALSE</esritopo><efeacnt Sync="TRUE">0</efeacnt><spindex Sync="TRUE">FALSE</spindex><linrefer Sync="TRUE">FALSE</linrefer></esriterm></ptvctinf></spdoinfo><eainfo><detailed Name="bairros"><enttyp><enttypl Sync="TRUE">bairros</enttypl><enttypt Sync="TRUE">Feature Class</enttypt><enttypc Sync="TRUE">0</enttypc></enttyp><attr><attrlabl Sync="TRUE">FID</attrlabl><attalias Sync="TRUE">FID</attalias><attrtype Sync="TRUE">OID</attrtype><attwidth Sync="TRUE">4</attwidth><atprecis Sync="TRUE">0</atprecis><attscale Sync="TRUE">0</attscale><attrdef Sync="TRUE">Internal feature number.</attrdef><attrdefs Sync="TRUE">Esri</attrdefs><attrdomv><udom Sync="TRUE">Sequential unique whole numbers that are automatically generated.</udom></attrdomv></attr><attr><attrlabl Sync="TRUE">chave</attrlabl><attalias Sync="TRUE">chave</attalias><attrtype Sync="TRUE">String</attrtype><attwidth Sync="TRUE">60</attwidth><atprecis Sync="TRUE">0</atprecis><attscale Sync="TRUE">0</attscale></attr><attr><attrlabl Sync="TRUE">shape</attrlabl><attalias Sync="TRUE">Shape</attalias><attrtype Sync="TRUE">Geometry</attrtype><attwidth Sync="TRUE">0</attwidth><atprecis Sync="TRUE">0</atprecis><attscale Sync="TRUE">0</attscale><attrdef Sync="TRUE">Feature geometry.</attrdef><attrdefs Sync="TRUE">Esri</attrdefs><attrdomv><udom Sync="TRUE">Coordinates defining the features.</udom></attrdomv></attr><attr><attrlabl Sync="TRUE">st_area_sh</attrlabl><attalias Sync="TRUE">st_area_sh</attalias><attrtype Sync="TRUE">Double</attrtype><attwidth Sync="TRUE">19</attwidth><atprecis Sync="TRUE">0</atprecis><attscale Sync="TRUE">0</attscale></attr><attr><attrlabl Sync="TRUE">st_length_</attrlabl><attalias Sync="TRUE">st_length_</attalias><attrtype Sync="TRUE">Double</attrtype><attwidth Sync="TRUE">19</attwidth><atprecis Sync="TRUE">0</atprecis><attscale Sync="TRUE">0</attscale></attr></detailed></eainfo><mdDateSt Sync="TRUE">20220830</mdDateSt></metadata>
