<?xml version="1.0" encoding="UTF-8"?>
<metadata xml:lang="pt"><Esri><CreaDate>20210216</CreaDate><CreaTime>11413800</CreaTime><ArcGISFormat>1.0</ArcGISFormat><SyncOnce>TRUE</SyncOnce><DataProperties><lineage><Process ToolSource="c:\program files (x86)\arcgis\desktop10.5\ArcToolbox\Toolboxes\Data Management Tools.tbx\DeleteField" Date="20210216" Time="113721">DeleteField lotes OBJECTID;Shape_Leng;Shape_Area;Codi_Seto;Codi_Quad;Codi_Subl;Codi_Vila;Codi_Face;Codi_Imov;Dive_Codi;Insc_Ante;Abre_Tplo;Abre_Tilo;Desc_Logr;Bloc_Imov;Apsa_Imov;Desc_Bair;Nume_Cep;Proprietar;Nume_Ativ;Atividade;Grupo;Segmento;Situacao;Arvore;Poste;Patrimonio;Situ_Lote;Topografia;Pedologia;Frente;Ocupacao;Lim_Frente;Lim_Latera;Calcada;Macro_Zona;Zona;Test_Ficti;Profundida;Area_Terre;Test_Real;Situacao_P;Classifica;Estado_Con;Piso;Reves_Inte;Reves_Exte;Esquadrias;Vidros;Forro;Cobertura;Inst_Eletr;Inst_Sanit;Telefone;Elevador;Jardim;Piscina;Garagem;Sauna;Salao;Lig_Agua;Padrao;Elevacao;Area_Predi;Area_Total;Qtde_Resid;Qtde_Pavim;Qtde_PV_Ed;Numero_Hab;Data_Exped;Numero_Alv;Data_Exp_1;Nume_Proc_;Data_Proce;Marc_Posta;Coleta;Debito;Codi_Car_1;VV_TOTAL_I;Rede_Esgo;Gale_Pluv;Boca_Lobo</Process></lineage></DataProperties></Esri></metadata>
