<?xml version="1.0" encoding="UTF-8"?>
<metadata xml:lang="pt"><Esri><CreaDate>20170130</CreaDate><CreaTime>15250800</CreaTime><ArcGISFormat>1.0</ArcGISFormat><SyncOnce>TRUE</SyncOnce><DataProperties><itemProps><itemLocation><linkage Sync="TRUE">file://\\pmigeo\geo\Base_Cartog\Infra_Estrutura\Sist_Viario\Logradouros_2016Copy</linkage><protocol Sync="TRUE">Local Area Network</protocol></itemLocation></itemProps><copyHistory><copy source="H:\Base_Cartog\Infra_Estrutura\Sist_Viario\Logradouros_2016" dest="\\pmigeo\geo\Base_Cartog\Infra_Estrutura\Sist_Viario\Logradouros_2016Copy" date="20170130" time="15250800"></copy></copyHistory></DataProperties></Esri></metadata>
