<metadata xml:lang="pt"><Esri><CreaDate>20161117</CreaDate><CreaTime>10420300</CreaTime><ArcGISFormat>1.0</ArcGISFormat><SyncOnce>TRUE</SyncOnce><ArcGISProfile>ItemDescription</ArcGISProfile></Esri><dataIdInfo><idAbs>&lt;DIV STYLE="text-align:Left;"&gt;&lt;DIV&gt;&lt;DIV&gt;&lt;P&gt;&lt;SPAN&gt;Shape atualizado em &lt;/SPAN&gt;&lt;SPAN&gt;Março de 2018&lt;/SPAN&gt;&lt;SPAN&gt; pelo DGSIG em resposta a solicitação do DIPE e em consonância com o Ofício recebido da SEMSUR&lt;/SPAN&gt;&lt;SPAN&gt; (Bento) com dados de 2016.&lt;/SPAN&gt;&lt;/P&gt;&lt;/DIV&gt;&lt;/DIV&gt;&lt;/DIV&gt;</idAbs><idCitation><resTitle>Feiras Livres 2016</resTitle></idCitation><searchKeys><keyword>DGSIG; DIPE; ANUÁRIO 2017</keyword></searchKeys></dataIdInfo></metadata>
