<?xml version="1.0" encoding="UTF-8"?>
<metadata xml:lang="pt"><Esri><CreaDate>20200416</CreaDate><CreaTime>14103200</CreaTime><ArcGISFormat>1.0</ArcGISFormat><SyncOnce>FALSE</SyncOnce><DataProperties><lineage><Process ToolSource="C:\Program Files (x86)\ArcGIS\Desktop10.0\ArcToolbox\Toolboxes\Data Management Tools.tbx\AddSpatialIndex" Date="20130718" Time="172716">AddSpatialIndex "Database Connections\DESENV GEOPMSJP.sde\GEOPMSJP.Territorial\GEOPMSJP.lotes" 0 0 0</Process><Process ToolSource="C:\Program Files (x86)\ArcGIS\Desktop10.0\ArcToolbox\Toolboxes\Data Management Tools.tbx\CalculateField" Date="20140609" Time="092829">CalculateField Lotes CSETOR "14" VB #</Process><Process ToolSource="C:\Program Files (x86)\ArcGIS\Desktop10.0\ArcToolbox\Toolboxes\Data Management Tools.tbx\CalculateField" Date="20140609" Time="093248">CalculateField Lotes INDFISC "[CSETOR] + [CQUADRA] +"000" + [CLOTE] + "000"" VB #</Process><Process ToolSource="C:\Program Files (x86)\ArcGIS\Desktop10.0\ArcToolbox\Toolboxes\Data Management Tools.tbx\CalculateField" Date="20140609" Time="093306">CalculateField Lotes INDFISC "[CSETOR] + [CQUADRA] +"000" + [CLOTE] + "000"" VB #</Process><Process ToolSource="C:\Program Files (x86)\ArcGIS\Desktop10.0\ArcToolbox\Toolboxes\Data Management Tools.tbx\CalculateField" Date="20140609" Time="093332">CalculateField Lotes INDFISC "[CSETOR] + [CQUADRA] +"000" + [CLOTE] + "000"" VB #</Process><Process ToolSource="C:\Program Files (x86)\ArcGIS\Desktop10.0\ArcToolbox\Toolboxes\Data Management Tools.tbx\CalculateField" Date="20140609" Time="093342">CalculateField Lotes INDFISC "[CSETOR] + [CQUADRA] +"000" + [CLOTE] + "000"" VB #</Process><Process ToolSource="C:\Program Files (x86)\ArcGIS\Desktop10.0\ArcToolbox\Toolboxes\Data Management Tools.tbx\CalculateField" Date="20140609" Time="093402">CalculateField Lotes INDFISC "[CSETOR] + [CQUADRA] +"000" + [CLOTE] + "000"" VB #</Process><Process ToolSource="C:\Program Files (x86)\ArcGIS\Desktop10.0\ArcToolbox\Toolboxes\Data Management Tools.tbx\CalculateField" Date="20150123" Time="142622">CalculateField Lotes OBSERVAÇÃO "Edifício" VB #</Process><Process ToolSource="C:\Program Files (x86)\ArcGIS\Desktop10.0\ArcToolbox\Toolboxes\Data Management Tools.tbx\CalculateField" Date="20150212" Time="151948">CalculateField Lotes ATUALIZ "" VB #</Process><Process ToolSource="C:\Program Files (x86)\ArcGIS\Desktop10.0\ArcToolbox\Toolboxes\Data Management Tools.tbx\Integrate" Date="20150612" Time="101854">Integrate "Lotes\Lotes #" #</Process><Process ToolSource="C:\Program Files (x86)\ArcGIS\Desktop10.0\ArcToolbox\Toolboxes\Data Management Tools.tbx\CalculateField" Date="20150924" Time="144038">CalculateField Lotes CQUADRA "299" VB #</Process><Process ToolSource="C:\Program Files (x86)\ArcGIS\Desktop10.0\ArcToolbox\Toolboxes\Data Management Tools.tbx\CalculateField" Date="20150924" Time="145037">CalculateField Lotes CLOTE "01" VB #</Process><Process ToolSource="C:\Program Files (x86)\ArcGIS\Desktop10.0\ArcToolbox\Toolboxes\Data Management Tools.tbx\CalculateField" Date="20150929" Time="160443">CalculateField Lotes CQUADRA "298" VB #</Process><Process ToolSource="C:\Program Files (x86)\ArcGIS\Desktop10.0\ArcToolbox\Toolboxes\Data Management Tools.tbx\CalculateField" Date="20150929" Time="160540">CalculateField Lotes INDFISC 012980001000 VB #</Process><Process ToolSource="C:\Program Files (x86)\ArcGIS\Desktop10.0\ArcToolbox\Toolboxes\Data Management Tools.tbx\CalculateField" Date="20160816" Time="142311">CalculateField Lotes ZONEAM "ECS1" VB #</Process><Process ToolSource="c:\program files (x86)\arcgis\desktop10.2\ArcToolbox\Toolboxes\Data Management Tools.tbx\CalculateField" Date="20160816" Time="152443">CalculateField Lotes ZONEAMXDIRVIAR "  " VB #</Process><Process ToolSource="c:\program files (x86)\arcgis\desktop10.2\ArcToolbox\Toolboxes\Data Management Tools.tbx\CalculateField" Date="20160816" Time="152637">CalculateField Lotes ZONEAMXDIRVIAR "ECS1" VB #</Process><Process ToolSource="c:\program files (x86)\arcgis\desktop10.2\ArcToolbox\Toolboxes\Data Management Tools.tbx\CalculateField" Date="20160816" Time="153400">CalculateField Lotes ZONEAM "ZC1" VB #</Process><Process ToolSource="C:\Program Files (x86)\ArcGIS\Desktop10.0\ArcToolbox\Toolboxes\Data Management Tools.tbx\CalculateField" Date="20160816" Time="161158">CalculateField Lotes ZONEAMXDIRVIAR "Z" VB #</Process><Process ToolSource="C:\Program Files (x86)\ArcGIS\Desktop10.0\ArcToolbox\Toolboxes\Data Management Tools.tbx\CalculateField" Date="20160816" Time="161705">CalculateField Lotes ZONEAMXDIRVIAR "ECS2" VB #</Process><Process ToolSource="c:\program files (x86)\arcgis\desktop10.2\ArcToolbox\Toolboxes\Data Management Tools.tbx\CalculateField" Date="20160816" Time="162345">CalculateField Lotes ZONEAM "ZC1" VB #</Process><Process ToolSource="C:\Program Files (x86)\ArcGIS\Desktop10.0\ArcToolbox\Toolboxes\Data Management Tools.tbx\CalculateField" Date="20160816" Time="162705">CalculateField Lotes ZONEAMXDIRVIAR "ECS2; ECS1" VB #</Process><Process ToolSource="c:\program files (x86)\arcgis\desktop10.2\ArcToolbox\Toolboxes\Data Management Tools.tbx\CalculateField" Date="20160816" Time="162908">CalculateField Lotes ZONEAM "ZC1" VB #</Process><Process ToolSource="C:\Program Files (x86)\ArcGIS\Desktop10.0\ArcToolbox\Toolboxes\Data Management Tools.tbx\CalculateField" Date="20160816" Time="162834">CalculateField Lotes ZONEAMXDIRVIAR "ECS1" VB #</Process><Process ToolSource="c:\program files (x86)\arcgis\desktop10.2\ArcToolbox\Toolboxes\Data Management Tools.tbx\CalculateField" Date="20160816" Time="163358">CalculateField Lotes ZONEAM "ZC2" VB #</Process><Process ToolSource="c:\program files (x86)\arcgis\desktop10.2\ArcToolbox\Toolboxes\Data Management Tools.tbx\CalculateField" Date="20160816" Time="164123">CalculateField Lotes ZONEAM "ZCS" VB #</Process><Process ToolSource="c:\program files (x86)\arcgis\desktop10.2\ArcToolbox\Toolboxes\Data Management Tools.tbx\CalculateField" Date="20160816" Time="165710">CalculateField Lotes ZONEAM "ZEU" VB #</Process><Process ToolSource="c:\program files (x86)\arcgis\desktop10.2\ArcToolbox\Toolboxes\Data Management Tools.tbx\CalculateField" Date="20160816" Time="170409">CalculateField Lotes ZONEAM "ZEU" VB #</Process><Process ToolSource="C:\Program Files (x86)\ArcGIS\Desktop10.0\ArcToolbox\Toolboxes\Data Management Tools.tbx\CalculateField" Date="20160816" Time="170807">CalculateField Lotes ZONEAMXDIRVIAR "ECS3" VB #</Process><Process ToolSource="c:\program files (x86)\arcgis\desktop10.2\ArcToolbox\Toolboxes\Data Management Tools.tbx\CalculateField" Date="20160816" Time="172339">CalculateField Lotes ZONEAM "ZEU" VB #</Process><Process ToolSource="c:\program files (x86)\arcgis\desktop10.2\ArcToolbox\Toolboxes\Data Management Tools.tbx\CalculateField" Date="20160816" Time="172640">CalculateField Lotes ZONEAM "ZEA" VB #</Process><Process ToolSource="c:\program files (x86)\arcgis\desktop10.2\ArcToolbox\Toolboxes\Data Management Tools.tbx\CalculateField" Date="20160816" Time="173920">CalculateField Lotes ZONEAM "ZEAS" VB #</Process><Process ToolSource="c:\program files (x86)\arcgis\desktop10.2\ArcToolbox\Toolboxes\Data Management Tools.tbx\CalculateField" Date="20160816" Time="174259">CalculateField Lotes ZONEAM "ZEE" VB #</Process><Process ToolSource="c:\program files (x86)\arcgis\desktop10.2\ArcToolbox\Toolboxes\Data Management Tools.tbx\CalculateField" Date="20160816" Time="174858">CalculateField Lotes ZONEAM "ZEOR1" VB #</Process><Process ToolSource="C:\Program Files (x86)\ArcGIS\Desktop10.0\ArcToolbox\Toolboxes\Data Management Tools.tbx\CalculateField" Date="20160816" Time="175003">CalculateField Lotes ZONEAM "ZR4" VB #</Process><Process ToolSource="c:\program files (x86)\arcgis\desktop10.2\ArcToolbox\Toolboxes\Data Management Tools.tbx\CalculateField" Date="20160816" Time="175337">CalculateField Lotes ZONEAM "ZEOR1" VB #</Process><Process ToolSource="c:\program files (x86)\arcgis\desktop10.2\ArcToolbox\Toolboxes\Data Management Tools.tbx\CalculateField" Date="20160816" Time="175609">CalculateField Lotes ZONEAM "ZEOR1" VB #</Process><Process ToolSource="c:\program files (x86)\arcgis\desktop10.2\ArcToolbox\Toolboxes\Data Management Tools.tbx\CalculateField" Date="20160816" Time="175908">CalculateField Lotes ZONEAM "ZEOR2" VB #</Process><Process ToolSource="c:\program files (x86)\arcgis\desktop10.2\ArcToolbox\Toolboxes\Data Management Tools.tbx\CalculateField" Date="20160816" Time="180242">CalculateField Lotes ZONEAM "ZESI" VB #</Process><Process ToolSource="c:\program files (x86)\arcgis\desktop10.2\ArcToolbox\Toolboxes\Data Management Tools.tbx\CalculateField" Date="20160816" Time="180924">CalculateField Lotes ZONEAM "ZIS" VB #</Process><Process ToolSource="C:\Program Files (x86)\ArcGIS\Desktop10.0\ArcToolbox\Toolboxes\Data Management Tools.tbx\CalculateField" Date="20160816" Time="181127">CalculateField Lotes ZONEAM "ZR3" VB #</Process><Process ToolSource="c:\program files (x86)\arcgis\desktop10.2\ArcToolbox\Toolboxes\Data Management Tools.tbx\CalculateField" Date="20160816" Time="181738">CalculateField Lotes ZONEAM "ZIS2" VB #</Process><Process ToolSource="c:\program files (x86)\arcgis\desktop10.2\ArcToolbox\Toolboxes\Data Management Tools.tbx\CalculateField" Date="20160816" Time="182334">CalculateField Lotes ZONEAM "ZOC" VB #</Process><Process ToolSource="C:\Program Files (x86)\ArcGIS\Desktop10.0\ArcToolbox\Toolboxes\Data Management Tools.tbx\CalculateField" Date="20160816" Time="182317">CalculateField Lotes ZONEAM "ZR2" VB #</Process><Process ToolSource="c:\program files (x86)\arcgis\desktop10.2\ArcToolbox\Toolboxes\Data Management Tools.tbx\CalculateField" Date="20160816" Time="182537">CalculateField Lotes ZONEAM "ZECH" VB #</Process><Process ToolSource="C:\Program Files (x86)\ArcGIS\Desktop10.0\ArcToolbox\Toolboxes\Data Management Tools.tbx\CalculateField" Date="20160816" Time="182503">CalculateField Lotes ZONEAM "ZR1" VB #</Process><Process ToolSource="c:\program files (x86)\arcgis\desktop10.2\ArcToolbox\Toolboxes\Data Management Tools.tbx\CalculateField" Date="20160816" Time="183047">CalculateField Lotes ZONEAM "ZOC" VB #</Process><Process ToolSource="c:\program files (x86)\arcgis\desktop10.2\ArcToolbox\Toolboxes\Data Management Tools.tbx\CalculateField" Date="20160816" Time="191049">CalculateField Lotes ZONEAM "ZC2" VB #</Process><Process ToolSource="c:\program files (x86)\arcgis\desktop10.2\ArcToolbox\Toolboxes\Data Management Tools.tbx\CalculateField" Date="20160816" Time="191603">CalculateField Lotes ZONEAM "ZC1" VB #</Process><Process ToolSource="c:\program files (x86)\arcgis\desktop10.2\ArcToolbox\Toolboxes\Data Management Tools.tbx\CalculateField" Date="20160830" Time="162309">CalculateField Lotes BAIRRO "Rural" VB #</Process><Process ToolSource="c:\program files (x86)\arcgis\desktop10.2\ArcToolbox\Toolboxes\Data Management Tools.tbx\CalculateField" Date="20160830" Time="162512">CalculateField Lotes BAIRRO "Academia" VB #</Process><Process ToolSource="c:\program files (x86)\arcgis\desktop10.2\ArcToolbox\Toolboxes\Data Management Tools.tbx\CalculateField" Date="20160830" Time="162805">CalculateField Lotes BAIRRO "Afonso Pena" VB #</Process><Process ToolSource="c:\program files (x86)\arcgis\desktop10.2\ArcToolbox\Toolboxes\Data Management Tools.tbx\CalculateField" Date="20160830" Time="163112">CalculateField Lotes BAIRRO "Afonso Pena" VB #</Process><Process ToolSource="c:\program files (x86)\arcgis\desktop10.2\ArcToolbox\Toolboxes\Data Management Tools.tbx\CalculateField" Date="20160830" Time="164612">CalculateField Lotes BAIRRO "Aristocrata" VB #</Process><Process ToolSource="c:\program files (x86)\arcgis\desktop10.2\ArcToolbox\Toolboxes\Data Management Tools.tbx\CalculateField" Date="20160830" Time="165908">CalculateField Lotes BAIRRO "Arujá" VB #</Process><Process ToolSource="c:\program files (x86)\arcgis\desktop10.2\ArcToolbox\Toolboxes\Data Management Tools.tbx\CalculateField" Date="20160830" Time="170411">CalculateField Lotes BAIRRO "Barro Preto" VB #</Process><Process ToolSource="c:\program files (x86)\arcgis\desktop10.2\ArcToolbox\Toolboxes\Data Management Tools.tbx\CalculateField" Date="20160830" Time="170719">CalculateField Lotes BAIRRO "Boneca do Iguaçu" VB #</Process><Process ToolSource="c:\program files (x86)\arcgis\desktop10.2\ArcToolbox\Toolboxes\Data Management Tools.tbx\CalculateField" Date="20160830" Time="170847">CalculateField Lotes BAIRRO "Borda do Campo" VB #</Process><Process ToolSource="c:\program files (x86)\arcgis\desktop10.2\ArcToolbox\Toolboxes\Data Management Tools.tbx\CalculateField" Date="20160831" Time="110106">CalculateField Lotes BAIRRO "Campo Largo da Roseira" VB #</Process><Process ToolSource="c:\program files (x86)\arcgis\desktop10.2\ArcToolbox\Toolboxes\Data Management Tools.tbx\CalculateField" Date="20160831" Time="110518">CalculateField Lotes BAIRRO "Centro" VB #</Process><Process ToolSource="c:\program files (x86)\arcgis\desktop10.2\ArcToolbox\Toolboxes\Data Management Tools.tbx\CalculateField" Date="20160831" Time="111024">CalculateField Lotes BAIRRO "Cidade Jardim" VB #</Process><Process ToolSource="c:\program files (x86)\arcgis\desktop10.2\ArcToolbox\Toolboxes\Data Management Tools.tbx\CalculateField" Date="20160831" Time="115119">CalculateField Lotes BAIRRO "Colônia Rio Grande" VB #</Process><Process ToolSource="c:\program files (x86)\arcgis\desktop10.2\ArcToolbox\Toolboxes\Data Management Tools.tbx\CalculateField" Date="20160831" Time="142653">CalculateField Lotes BAIRRO "Costeira" VB #</Process><Process ToolSource="c:\program files (x86)\arcgis\desktop10.2\ArcToolbox\Toolboxes\Data Management Tools.tbx\CalculateField" Date="20160831" Time="142828">CalculateField Lotes BAIRRO "Cristal" VB #</Process><Process ToolSource="c:\program files (x86)\arcgis\desktop10.2\ArcToolbox\Toolboxes\Data Management Tools.tbx\CalculateField" Date="20160831" Time="143634">CalculateField Lotes BAIRRO "Del Rey" VB #</Process><Process ToolSource="c:\program files (x86)\arcgis\desktop10.2\ArcToolbox\Toolboxes\Data Management Tools.tbx\CalculateField" Date="20160831" Time="143833">CalculateField Lotes BAIRRO "Dom Rodrigo" VB #</Process><Process ToolSource="c:\program files (x86)\arcgis\desktop10.2\ArcToolbox\Toolboxes\Data Management Tools.tbx\CalculateField" Date="20160901" Time="103323">CalculateField Lotes BAIRRO "Dom Rodrigo" VB #</Process><Process ToolSource="c:\program files (x86)\arcgis\desktop10.2\ArcToolbox\Toolboxes\Data Management Tools.tbx\CalculateField" Date="20160901" Time="103544">CalculateField Lotes BAIRRO "Guatupê" VB #</Process><Process ToolSource="c:\program files (x86)\arcgis\desktop10.2\ArcToolbox\Toolboxes\Data Management Tools.tbx\CalculateField" Date="20160901" Time="103834">CalculateField Lotes BAIRRO "Iná" VB #</Process><Process ToolSource="c:\program files (x86)\arcgis\desktop10.2\ArcToolbox\Toolboxes\Data Management Tools.tbx\CalculateField" Date="20160901" Time="104051">CalculateField Lotes BAIRRO "Ipê" VB #</Process><Process ToolSource="c:\program files (x86)\arcgis\desktop10.2\ArcToolbox\Toolboxes\Data Management Tools.tbx\CalculateField" Date="20160901" Time="114342">CalculateField Lotes BAIRRO "Itália" VB #</Process><Process ToolSource="c:\program files (x86)\arcgis\desktop10.2\ArcToolbox\Toolboxes\Data Management Tools.tbx\CalculateField" Date="20160901" Time="115725">CalculateField Lotes BAIRRO "Jurema" VB #</Process><Process ToolSource="c:\program files (x86)\arcgis\desktop10.2\ArcToolbox\Toolboxes\Data Management Tools.tbx\CalculateField" Date="20160901" Time="120038">CalculateField Lotes BAIRRO "Ouro Fino" VB #</Process><Process ToolSource="c:\program files (x86)\arcgis\desktop10.2\ArcToolbox\Toolboxes\Data Management Tools.tbx\CalculateField" Date="20160901" Time="120254">CalculateField Lotes BAIRRO "Parque da Fonte" VB #</Process><Process ToolSource="c:\program files (x86)\arcgis\desktop10.2\ArcToolbox\Toolboxes\Data Management Tools.tbx\CalculateField" Date="20160901" Time="121641">CalculateField Lotes BAIRRO "Quissisana" VB #</Process><Process ToolSource="c:\program files (x86)\arcgis\desktop10.2\ArcToolbox\Toolboxes\Data Management Tools.tbx\CalculateField" Date="20160901" Time="122015">CalculateField Lotes BAIRRO "Rio Pequeno" VB #</Process><Process ToolSource="c:\program files (x86)\arcgis\desktop10.2\ArcToolbox\Toolboxes\Data Management Tools.tbx\CalculateField" Date="20160901" Time="122322">CalculateField Lotes BAIRRO "Roseira de São Sebastião" VB #</Process><Process ToolSource="c:\program files (x86)\arcgis\desktop10.2\ArcToolbox\Toolboxes\Data Management Tools.tbx\CalculateField" Date="20160901" Time="122538">CalculateField Lotes BAIRRO "Santo Antônio" VB #</Process><Process ToolSource="c:\program files (x86)\arcgis\desktop10.2\ArcToolbox\Toolboxes\Data Management Tools.tbx\CalculateField" Date="20160901" Time="123837">CalculateField Lotes BAIRRO "São Domingos" VB #</Process><Process ToolSource="c:\program files (x86)\arcgis\desktop10.2\ArcToolbox\Toolboxes\Data Management Tools.tbx\CalculateField" Date="20160901" Time="133001">CalculateField Lotes BAIRRO "São Marcos" VB #</Process><Process ToolSource="c:\program files (x86)\arcgis\desktop10.2\ArcToolbox\Toolboxes\Data Management Tools.tbx\CalculateField" Date="20160901" Time="133303">CalculateField Lotes BAIRRO "Miringuava" VB #</Process><Process ToolSource="c:\program files (x86)\arcgis\desktop10.2\ArcToolbox\Toolboxes\Data Management Tools.tbx\CalculateField" Date="20160901" Time="133518">CalculateField Lotes BAIRRO "São Pedro" VB #</Process><Process ToolSource="c:\program files (x86)\arcgis\desktop10.2\ArcToolbox\Toolboxes\Data Management Tools.tbx\CalculateField" Date="20160901" Time="133752">CalculateField Lotes BAIRRO "Zacarias" VB #</Process><Process ToolSource="c:\program files (x86)\arcgis\desktop10.2\ArcToolbox\Toolboxes\Data Management Tools.tbx\CalculateField" Date="20160901" Time="170829">CalculateField Lotes ZONEAM "ZIS1" VB #</Process><Process ToolSource="c:\program files (x86)\arcgis\desktop10.2\ArcToolbox\Toolboxes\Data Management Tools.tbx\CalculateField" Date="20160902" Time="164755">CalculateField Lotes ZONEAM "ZOO1" VB #</Process><Process ToolSource="c:\program files (x86)\arcgis\desktop10.2\ArcToolbox\Toolboxes\Data Management Tools.tbx\CalculateField" Date="20160902" Time="172926">CalculateField Lotes ZONEAM "ZOO3" VB #</Process><Process ToolSource="c:\program files (x86)\arcgis\desktop10.2\ArcToolbox\Toolboxes\Data Management Tools.tbx\CalculateField" Date="20160905" Time="094809">CalculateField Lotes ZONEAM "ZOO3" VB #</Process><Process ToolSource="c:\program files (x86)\arcgis\desktop10.2\ArcToolbox\Toolboxes\Data Management Tools.tbx\CalculateField" Date="20160905" Time="102637">CalculateField Lotes ZONEAM "ZRO" VB #</Process><Process ToolSource="c:\program files (x86)\arcgis\desktop10.2\ArcToolbox\Toolboxes\Data Management Tools.tbx\CalculateField" Date="20160905" Time="103102">CalculateField Lotes ZONEAM "ZUC1" VB #</Process><Process ToolSource="c:\program files (x86)\arcgis\desktop10.2\ArcToolbox\Toolboxes\Data Management Tools.tbx\CalculateField" Date="20160908" Time="101952">CalculateField Lotes ZONEAM "" VB #</Process><Process ToolSource="c:\program files (x86)\arcgis\desktop10.2\ArcToolbox\Toolboxes\Data Management Tools.tbx\CalculateField" Date="20160908" Time="155855">CalculateField Lotes ZONEAM "[ZONEAM] &amp;" / " &amp; [ZONEAMXDIRVIAR]" VB #</Process><Process ToolSource="c:\program files (x86)\arcgis\desktop10.2\ArcToolbox\Toolboxes\Data Management Tools.tbx\CalculateField" Date="20160915" Time="151503">CalculateField Lotes ZONEAM "ECS1 / ZR4" VB #</Process><Process ToolSource="c:\program files (x86)\arcgis\desktop10.2\ArcToolbox\Toolboxes\Data Management Tools.tbx\CalculateField" Date="20160915" Time="152120">CalculateField Lotes ZONEAM "ECS1 / ZR3" VB #</Process><Process ToolSource="c:\program files (x86)\arcgis\desktop10.2\ArcToolbox\Toolboxes\Data Management Tools.tbx\CalculateField" Date="20160915" Time="155342">CalculateField Lotes ZONEAM "ECS2 / ZR4" VB #</Process><Process ToolSource="c:\program files (x86)\arcgis\desktop10.2\ArcToolbox\Toolboxes\Data Management Tools.tbx\CalculateField" Date="20160922" Time="112608">CalculateField Lotes ZONEAM "ECS2 / ZR3" VB #</Process><Process ToolSource="c:\program files (x86)\arcgis\desktop10.2\ArcToolbox\Toolboxes\Data Management Tools.tbx\CalculateField" Date="20160922" Time="150715">CalculateField Lotes ZONEAM "ECS2 / ZR2" VB #</Process><Process ToolSource="c:\program files (x86)\arcgis\desktop10.2\ArcToolbox\Toolboxes\Data Management Tools.tbx\CalculateField" Date="20160922" Time="152806">CalculateField Lotes ZONEAM "ECS3" VB #</Process><Process ToolSource="c:\program files (x86)\arcgis\desktop10.2\ArcToolbox\Toolboxes\Data Management Tools.tbx\CalculateField" Date="20160922" Time="160256">CalculateField Lotes ZONEAM "ECS1 / ZEE" VB #</Process><Process ToolSource="c:\program files (x86)\arcgis\desktop10.2\ArcToolbox\Toolboxes\Data Management Tools.tbx\CalculateField" Date="20160922" Time="163338">CalculateField Lotes ZONEAM "ECS2 / ZEE" VB #</Process><Process ToolSource="c:\program files (x86)\arcgis\desktop10.2\ArcToolbox\Toolboxes\Data Management Tools.tbx\CalculateField" Date="20160923" Time="170909">CalculateField Lotes ZONEAM "ECS1 / ZR2" VB #</Process><Process ToolSource="c:\program files (x86)\arcgis\desktop10.2\ArcToolbox\Toolboxes\Data Management Tools.tbx\CalculateField" Date="20160923" Time="171230">CalculateField Lotes ZONEAM "ECS2 / ZOC" VB #</Process><Process ToolSource="c:\program files (x86)\arcgis\desktop10.2\ArcToolbox\Toolboxes\Data Management Tools.tbx\CalculateField" Date="20160923" Time="171454">CalculateField Lotes ZONEAM "ECS2 / ZIS1" VB #</Process><Process ToolSource="c:\program files (x86)\arcgis\desktop10.2\ArcToolbox\Toolboxes\Data Management Tools.tbx\CalculateField" Date="20160923" Time="171646">CalculateField Lotes ZONEAM "ECS2 / ZIS" VB #</Process><Process ToolSource="c:\program files (x86)\arcgis\desktop10.2\ArcToolbox\Toolboxes\Data Management Tools.tbx\CalculateField" Date="20160926" Time="100023">CalculateField Lotes ZONEAM "ECS1 / ZOC" VB #</Process><Process ToolSource="c:\program files (x86)\arcgis\desktop10.2\ArcToolbox\Toolboxes\Data Management Tools.tbx\CalculateField" Date="20160926" Time="103802">CalculateField Lotes ZONEAM "ECS2 / ZESI" VB #</Process><Process ToolSource="c:\program files (x86)\arcgis\desktop10.2\ArcToolbox\Toolboxes\Data Management Tools.tbx\CalculateField" Date="20160926" Time="112444">CalculateField Lotes ZONEAM "ECS3 / ZESI" VB #</Process><Process ToolSource="c:\program files (x86)\arcgis\desktop10.2\ArcToolbox\Toolboxes\Data Management Tools.tbx\CalculateField" Date="20160926" Time="113756">CalculateField Lotes ZONEAM "ECS3" VB #</Process><Process ToolSource="c:\program files (x86)\arcgis\desktop10.2\ArcToolbox\Toolboxes\Data Management Tools.tbx\CalculateField" Date="20160926" Time="113938">CalculateField Lotes ZONEAMXDIRVIAR "OK" VB #</Process><Process ToolSource="c:\program files (x86)\arcgis\desktop10.2\ArcToolbox\Toolboxes\Data Management Tools.tbx\CalculateField" Date="20160926" Time="114457">CalculateField Lotes ZONEAMXDIRVIAR "OK" VB #</Process><Process ToolSource="c:\program files (x86)\arcgis\desktop10.2\ArcToolbox\Toolboxes\Data Management Tools.tbx\CalculateField" Date="20160926" Time="115311">CalculateField Lotes ZONEAMXDIRVIAR "OK" VB #</Process><Process ToolSource="c:\program files (x86)\arcgis\desktop10.2\ArcToolbox\Toolboxes\Data Management Tools.tbx\CalculateField" Date="20160926" Time="115624">CalculateField Lotes ZONEAMXDIRVIAR "OK" VB #</Process><Process ToolSource="c:\program files (x86)\arcgis\desktop10.2\ArcToolbox\Toolboxes\Data Management Tools.tbx\CalculateField" Date="20160926" Time="115910">CalculateField Lotes ZONEAMXDIRVIAR "OK" VB #</Process><Process ToolSource="c:\program files (x86)\arcgis\desktop10.2\ArcToolbox\Toolboxes\Data Management Tools.tbx\CalculateField" Date="20160926" Time="154538">CalculateField Lotes ZONEAMXDIRVIAR "OK" VB #</Process><Process ToolSource="c:\program files (x86)\arcgis\desktop10.2\ArcToolbox\Toolboxes\Data Management Tools.tbx\CalculateField" Date="20160926" Time="160235">CalculateField Lotes ZONEAMXDIRVIAR "OK" VB #</Process><Process ToolSource="c:\program files (x86)\arcgis\desktop10.2\ArcToolbox\Toolboxes\Data Management Tools.tbx\CalculateField" Date="20160926" Time="164921">CalculateField Lotes ZONEAMXDIRVIAR "OK" VB #</Process><Process ToolSource="c:\program files (x86)\arcgis\desktop10.2\ArcToolbox\Toolboxes\Data Management Tools.tbx\CalculateField" Date="20160926" Time="173147">CalculateField Lotes ZONEAMXDIRVIAR "OK" VB #</Process><Process ToolSource="c:\program files (x86)\arcgis\desktop10.2\ArcToolbox\Toolboxes\Data Management Tools.tbx\CalculateField" Date="20160926" Time="174403">CalculateField Lotes ZONEAMXDIRVIAR "OK" VB #</Process><Process ToolSource="c:\program files (x86)\arcgis\desktop10.2\ArcToolbox\Toolboxes\Data Management Tools.tbx\CalculateField" Date="20160926" Time="175723">CalculateField Lotes ZONEAM "ZOC" VB #</Process><Process ToolSource="c:\program files (x86)\arcgis\desktop10.2\ArcToolbox\Toolboxes\Data Management Tools.tbx\CalculateField" Date="20160926" Time="175754">CalculateField Lotes ZONEAMXDIRVIAR "OK" VB #</Process><Process ToolSource="c:\program files (x86)\arcgis\desktop10.2\ArcToolbox\Toolboxes\Data Management Tools.tbx\CalculateField" Date="20160926" Time="180249">CalculateField Lotes ZONEAMXDIRVIAR "OK" VB #</Process><Process ToolSource="c:\program files (x86)\arcgis\desktop10.2\ArcToolbox\Toolboxes\Data Management Tools.tbx\CalculateField" Date="20160927" Time="115025">CalculateField Lotes ZONEAM "ZOC" VB #</Process><Process ToolSource="c:\program files (x86)\arcgis\desktop10.2\ArcToolbox\Toolboxes\Data Management Tools.tbx\CalculateField" Date="20160927" Time="160714">CalculateField Lotes ZONEAMXDIRVIAR "OK" VB #</Process><Process ToolSource="c:\program files (x86)\arcgis\desktop10.2\ArcToolbox\Toolboxes\Data Management Tools.tbx\CalculateField" Date="20160927" Time="161219">CalculateField Lotes ZONEAMXDIRVIAR "OK" VB #</Process><Process ToolSource="c:\program files (x86)\arcgis\desktop10.2\ArcToolbox\Toolboxes\Data Management Tools.tbx\CalculateField" Date="20160927" Time="162004">CalculateField Lotes ZONEAMXDIRVIAR "OK" VB #</Process><Process ToolSource="c:\program files (x86)\arcgis\desktop10.2\ArcToolbox\Toolboxes\Data Management Tools.tbx\CalculateField" Date="20160927" Time="164747">CalculateField Lotes ZONEAMXDIRVIAR "OK" VB #</Process><Process ToolSource="c:\program files (x86)\arcgis\desktop10.2\ArcToolbox\Toolboxes\Data Management Tools.tbx\CalculateField" Date="20160927" Time="172520">CalculateField Lotes ZONEAMXDIRVIAR "OK" VB #</Process><Process ToolSource="c:\program files (x86)\arcgis\desktop10.2\ArcToolbox\Toolboxes\Data Management Tools.tbx\CalculateField" Date="20160927" Time="173122">CalculateField Lotes ZONEAMXDIRVIAR "OK" VB #</Process><Process ToolSource="c:\program files (x86)\arcgis\desktop10.2\ArcToolbox\Toolboxes\Data Management Tools.tbx\CalculateField" Date="20160927" Time="174822">CalculateField Lotes ZONEAM "ZR3" VB #</Process><Process ToolSource="c:\program files (x86)\arcgis\desktop10.2\ArcToolbox\Toolboxes\Data Management Tools.tbx\CalculateField" Date="20160927" Time="174853">CalculateField Lotes ZONEAMXDIRVIAR "OK" VB #</Process><Process ToolSource="c:\program files (x86)\arcgis\desktop10.2\ArcToolbox\Toolboxes\Data Management Tools.tbx\CalculateField" Date="20160927" Time="175046">CalculateField Lotes ZONEAMXDIRVIAR "OK" VB #</Process><Process ToolSource="c:\program files (x86)\arcgis\desktop10.2\ArcToolbox\Toolboxes\Data Management Tools.tbx\CalculateField" Date="20160927" Time="175351">CalculateField Lotes ZONEAMXDIRVIAR "OK" VB #</Process><Process ToolSource="c:\program files (x86)\arcgis\desktop10.2\ArcToolbox\Toolboxes\Data Management Tools.tbx\CalculateField" Date="20160927" Time="175725">CalculateField Lotes ZONEAMXDIRVIAR "OK" VB #</Process><Process ToolSource="c:\program files (x86)\arcgis\desktop10.2\ArcToolbox\Toolboxes\Data Management Tools.tbx\CalculateField" Date="20160927" Time="180020">CalculateField Lotes ZONEAMXDIRVIAR "OK" VB #</Process><Process ToolSource="c:\program files (x86)\arcgis\desktop10.2\ArcToolbox\Toolboxes\Data Management Tools.tbx\CalculateField" Date="20160927" Time="180202">CalculateField Lotes ZONEAMXDIRVIAR "OK" VB #</Process><Process ToolSource="c:\program files (x86)\arcgis\desktop10.2\ArcToolbox\Toolboxes\Data Management Tools.tbx\CalculateField" Date="20160927" Time="180344">CalculateField Lotes ZONEAMXDIRVIAR "OK" VB #</Process><Process ToolSource="c:\program files (x86)\arcgis\desktop10.2\ArcToolbox\Toolboxes\Data Management Tools.tbx\CalculateField" Date="20160927" Time="180612">CalculateField Lotes ZONEAMXDIRVIAR "OK" VB #</Process><Process ToolSource="c:\program files (x86)\arcgis\desktop10.2\ArcToolbox\Toolboxes\Data Management Tools.tbx\CalculateField" Date="20160927" Time="180751">CalculateField Lotes ZONEAMXDIRVIAR "OK" VB #</Process><Process ToolSource="c:\program files (x86)\arcgis\desktop10.2\ArcToolbox\Toolboxes\Data Management Tools.tbx\CalculateField" Date="20160927" Time="180933">CalculateField Lotes ZONEAMXDIRVIAR "OK" VB #</Process><Process ToolSource="c:\program files (x86)\arcgis\desktop10.2\ArcToolbox\Toolboxes\Data Management Tools.tbx\CalculateField" Date="20160928" Time="093338">CalculateField Lotes ZONEAMXDIRVIAR "OK" VB #</Process><Process ToolSource="c:\program files (x86)\arcgis\desktop10.2\ArcToolbox\Toolboxes\Data Management Tools.tbx\CalculateField" Date="20160928" Time="093747">CalculateField Lotes ZONEAMXDIRVIAR "OK" VB #</Process><Process ToolSource="c:\program files (x86)\arcgis\desktop10.2\ArcToolbox\Toolboxes\Data Management Tools.tbx\CalculateField" Date="20160928" Time="162338">CalculateField Lotes ZONEAM "ZOC" VB #</Process><Process ToolSource="c:\program files (x86)\arcgis\desktop10.2\ArcToolbox\Toolboxes\Data Management Tools.tbx\CalculateField" Date="20160930" Time="111154">CalculateField Lotes ZONEAMXDIRVIAR "OK" VB #</Process><Process ToolSource="c:\program files (x86)\arcgis\desktop10.2\ArcToolbox\Toolboxes\Data Management Tools.tbx\CalculateField" Date="20160930" Time="112311">CalculateField Lotes ZONEAM "ZOO1" VB #</Process><Process ToolSource="c:\program files (x86)\arcgis\desktop10.2\ArcToolbox\Toolboxes\Data Management Tools.tbx\CalculateField" Date="20160930" Time="112734">CalculateField Lotes ZONEAMXDIRVIAR "OK" VB #</Process><Process ToolSource="c:\program files (x86)\arcgis\desktop10.2\ArcToolbox\Toolboxes\Data Management Tools.tbx\CalculateField" Date="20161003" Time="150159">CalculateField Lotes ZONEAMXDIRVIAR "OK" VB #</Process><Process ToolSource="c:\program files (x86)\arcgis\desktop10.2\ArcToolbox\Toolboxes\Data Management Tools.tbx\CalculateField" Date="20161003" Time="151405">CalculateField Lotes ZONEAMXDIRVIAR "OK" VB #</Process><Process ToolSource="c:\program files (x86)\arcgis\desktop10.2\ArcToolbox\Toolboxes\Data Management Tools.tbx\CalculateField" Date="20161003" Time="165607">CalculateField Lotes ZONEAMXDIRVIAR "OK" VB #</Process><Process ToolSource="c:\program files (x86)\arcgis\desktop10.2\ArcToolbox\Toolboxes\Data Management Tools.tbx\CalculateField" Date="20161003" Time="170106">CalculateField Lotes ZONEAM "ZOO1" VB #</Process><Process ToolSource="c:\program files (x86)\arcgis\desktop10.2\ArcToolbox\Toolboxes\Data Management Tools.tbx\CalculateField" Date="20161003" Time="172720">CalculateField Lotes ZONEAMXDIRVIAR "OK" VB #</Process><Process ToolSource="c:\program files (x86)\arcgis\desktop10.2\ArcToolbox\Toolboxes\Data Management Tools.tbx\CalculateField" Date="20161003" Time="173029">CalculateField Lotes ZONEAMXDIRVIAR "OK" VB #</Process><Process ToolSource="c:\program files (x86)\arcgis\desktop10.2\ArcToolbox\Toolboxes\Data Management Tools.tbx\CalculateField" Date="20161003" Time="173544">CalculateField Lotes ZONEAM "ZOO2 / ZRO" VB #</Process><Process ToolSource="c:\program files (x86)\arcgis\desktop10.2\ArcToolbox\Toolboxes\Data Management Tools.tbx\CalculateField" Date="20161003" Time="174455">CalculateField Lotes ZONEAMXDIRVIAR "OK" VB #</Process><Process ToolSource="c:\program files (x86)\arcgis\desktop10.2\ArcToolbox\Toolboxes\Data Management Tools.tbx\CalculateField" Date="20161007" Time="115714">CalculateField Lotes ZONEAMXDIRVIAR "OK" VB #</Process><Process ToolSource="c:\program files (x86)\arcgis\desktop10.2\ArcToolbox\Toolboxes\Data Management Tools.tbx\CalculateField" Date="20161007" Time="120306">CalculateField Lotes ZONEAMXDIRVIAR "OK" VB #</Process><Process ToolSource="c:\program files (x86)\arcgis\desktop10.2\ArcToolbox\Toolboxes\Data Management Tools.tbx\CalculateField" Date="20161007" Time="120842">CalculateField Lotes ZONEAMXDIRVIAR "OK" VB #</Process><Process ToolSource="c:\program files (x86)\arcgis\desktop10.2\ArcToolbox\Toolboxes\Data Management Tools.tbx\CalculateField" Date="20161007" Time="121247">CalculateField Lotes ZONEAMXDIRVIAR "OK" VB #</Process><Process ToolSource="c:\program files (x86)\arcgis\desktop10.2\ArcToolbox\Toolboxes\Data Management Tools.tbx\CalculateField" Date="20161007" Time="123248">CalculateField Lotes ZONEAMXDIRVIAR "OK" VB #</Process><Process ToolSource="c:\program files (x86)\arcgis\desktop10.2\ArcToolbox\Toolboxes\Data Management Tools.tbx\CalculateField" Date="20161007" Time="163636">CalculateField Lotes ZONEAMXDIRVIAR "OK" VB #</Process><Process ToolSource="c:\program files (x86)\arcgis\desktop10.2\ArcToolbox\Toolboxes\Data Management Tools.tbx\CalculateField" Date="20161010" Time="172640">CalculateField Lotes ZONEAMXDIRVIAR "OK" VB #</Process><Process ToolSource="c:\program files (x86)\arcgis\desktop10.2\ArcToolbox\Toolboxes\Data Management Tools.tbx\CalculateField" Date="20161014" Time="113304">CalculateField Lotes ZONEAMXDIRVIAR "OK" VB #</Process><Process ToolSource="c:\program files (x86)\arcgis\desktop10.2\ArcToolbox\Toolboxes\Data Management Tools.tbx\CalculateField" Date="20161014" Time="150422">CalculateField Lotes ZONEAMXDIRVIAR "OK" VB #</Process><Process ToolSource="c:\program files (x86)\arcgis\desktop10.2\ArcToolbox\Toolboxes\Data Management Tools.tbx\CalculateField" Date="20161014" Time="170850">CalculateField Lotes ZONEAMXDIRVIAR "OK" VB #</Process><Process ToolSource="c:\program files (x86)\arcgis\desktop10.2\ArcToolbox\Toolboxes\Data Management Tools.tbx\CalculateField" Date="20161017" Time="153338">CalculateField Lotes ZONEAMXDIRVIAR "OK" VB #</Process><Process ToolSource="c:\program files (x86)\arcgis\desktop10.2\ArcToolbox\Toolboxes\Data Management Tools.tbx\CalculateField" Date="20161018" Time="103353">CalculateField Lotes ZONEAMXDIRVIAR "OK" VB #</Process><Process ToolSource="c:\program files (x86)\arcgis\desktop10.2\ArcToolbox\Toolboxes\Data Management Tools.tbx\CalculateField" Date="20161018" Time="120325">CalculateField Lotes ZONEAMXDIRVIAR "OK" VB #</Process><Process ToolSource="c:\program files (x86)\arcgis\desktop10.2\ArcToolbox\Toolboxes\Data Management Tools.tbx\CalculateField" Date="20161018" Time="120759">CalculateField Lotes ZONEAMXDIRVIAR "OK" VB #</Process><Process ToolSource="c:\program files (x86)\arcgis\desktop10.2\ArcToolbox\Toolboxes\Data Management Tools.tbx\CalculateField" Date="20161018" Time="162533">CalculateField Lotes ZONEAMXDIRVIAR "OK" VB #</Process><Process ToolSource="c:\program files (x86)\arcgis\desktop10.2\ArcToolbox\Toolboxes\Data Management Tools.tbx\CalculateField" Date="20161018" Time="173806">CalculateField Lotes ZONEAMXDIRVIAR "OK" VB #</Process><Process ToolSource="c:\program files (x86)\arcgis\desktop10.2\ArcToolbox\Toolboxes\Data Management Tools.tbx\CalculateField" Date="20161018" Time="174756">CalculateField Lotes ZONEAMXDIRVIAR "OK" VB #</Process><Process ToolSource="c:\program files (x86)\arcgis\desktop10.2\ArcToolbox\Toolboxes\Data Management Tools.tbx\CalculateField" Date="20161018" Time="180008">CalculateField Lotes ZONEAMXDIRVIAR "OK" VB #</Process><Process ToolSource="c:\program files (x86)\arcgis\desktop10.2\ArcToolbox\Toolboxes\Data Management Tools.tbx\CalculateField" Date="20161019" Time="101623">CalculateField Lotes ZONEAMXDIRVIAR "OK" VB #</Process><Process ToolSource="c:\program files (x86)\arcgis\desktop10.2\ArcToolbox\Toolboxes\Data Management Tools.tbx\CalculateField" Date="20161019" Time="102720">CalculateField Lotes ZONEAM "ZOC" VB #</Process><Process ToolSource="c:\program files (x86)\arcgis\desktop10.2\ArcToolbox\Toolboxes\Data Management Tools.tbx\CalculateField" Date="20161019" Time="103137">CalculateField Lotes ZONEAMXDIRVIAR "OK" VB #</Process><Process ToolSource="c:\program files (x86)\arcgis\desktop10.2\ArcToolbox\Toolboxes\Data Management Tools.tbx\CalculateField" Date="20161019" Time="105004">CalculateField Lotes ZONEAM "ECS2 / ZIS1" VB #</Process><Process ToolSource="c:\program files (x86)\arcgis\desktop10.2\ArcToolbox\Toolboxes\Data Management Tools.tbx\CalculateField" Date="20161020" Time="114746">CalculateField Lotes ZONEAMXDIRVIAR "OK" VB #</Process><Process ToolSource="c:\program files (x86)\arcgis\desktop10.2\ArcToolbox\Toolboxes\Data Management Tools.tbx\CalculateField" Date="20161020" Time="134456">CalculateField Lotes ZONEAMXDIRVIAR "OK" VB #</Process><Process ToolSource="c:\program files (x86)\arcgis\desktop10.2\ArcToolbox\Toolboxes\Data Management Tools.tbx\CalculateField" Date="20161020" Time="155414">CalculateField Lotes ZONEAMXDIRVIAR "OK" VB #</Process><Process ToolSource="c:\program files (x86)\arcgis\desktop10.2\ArcToolbox\Toolboxes\Data Management Tools.tbx\CalculateField" Date="20161021" Time="105526">CalculateField Lotes ZONEAMXDIRVIAR "OK" VB #</Process><Process ToolSource="c:\program files (x86)\arcgis\desktop10.2\ArcToolbox\Toolboxes\Data Management Tools.tbx\CalculateField" Date="20161021" Time="110754">CalculateField Lotes ZONEAM "CURITIBA*" VB #</Process><Process ToolSource="c:\program files (x86)\arcgis\desktop10.2\ArcToolbox\Toolboxes\Data Management Tools.tbx\CalculateField" Date="20161021" Time="110825">CalculateField Lotes ZONEAMXDIRVIAR "OK" VB #</Process><Process ToolSource="c:\program files (x86)\arcgis\desktop10.2\ArcToolbox\Toolboxes\Data Management Tools.tbx\CalculateField" Date="20161021" Time="113640">CalculateField Lotes ZONEAMXDIRVIAR "OK" VB #</Process><Process ToolSource="c:\program files (x86)\arcgis\desktop10.2\ArcToolbox\Toolboxes\Data Management Tools.tbx\CalculateField" Date="20161021" Time="114425">CalculateField Lotes ZONEAMXDIRVIAR "OK" VB #</Process><Process ToolSource="c:\program files (x86)\arcgis\desktop10.2\ArcToolbox\Toolboxes\Data Management Tools.tbx\CalculateField" Date="20161021" Time="160848">CalculateField Lotes ZONEAMXDIRVIAR "OK" VB #</Process><Process ToolSource="c:\program files (x86)\arcgis\desktop10.2\ArcToolbox\Toolboxes\Data Management Tools.tbx\CalculateField" Date="20161021" Time="162630">CalculateField Lotes ZONEAMXDIRVIAR "OK" VB #</Process><Process ToolSource="c:\program files (x86)\arcgis\desktop10.2\ArcToolbox\Toolboxes\Data Management Tools.tbx\CalculateField" Date="20161024" Time="112458">CalculateField Lotes ZONEAM "ZIS1" VB #</Process><Process ToolSource="c:\program files (x86)\arcgis\desktop10.2\ArcToolbox\Toolboxes\Data Management Tools.tbx\CalculateField" Date="20161024" Time="152531">CalculateField Lotes ZONEAMXDIRVIAR "OK" VB #</Process><Process ToolSource="c:\program files (x86)\arcgis\desktop10.2\ArcToolbox\Toolboxes\Data Management Tools.tbx\CalculateField" Date="20161024" Time="163018">CalculateField Lotes ZONEAMXDIRVIAR "OK" VB #</Process><Process ToolSource="c:\program files (x86)\arcgis\desktop10.2\ArcToolbox\Toolboxes\Data Management Tools.tbx\CalculateField" Date="20161025" Time="122145">CalculateField Lotes ZONEAMXDIRVIAR "OK" VB #</Process><Process ToolSource="C:\Program Files (x86)\ArcGIS\Desktop10.0\ArcToolbox\Toolboxes\Data Management Tools.tbx\UnregisterAsVersioned" Date="20161026" Time="155502">UnregisterAsVersioned "Database Connections\pmsjp.sde\GEOPMSJP.Territorial\GEOPMSJP.lotes" NO_KEEP_EDIT NO_COMPRESS_DEFAULT</Process><Process ToolSource="C:\Program Files (x86)\ArcGIS\Desktop10.0\ArcToolbox\Toolboxes\Data Management Tools.tbx\RegisterAsVersioned" Date="20161026" Time="155833">RegisterAsVersioned "Database Connections\pmsjp.sde\GEOPMSJP.Territorial\GEOPMSJP.lotes" NO_EDITS_TO_BASE</Process><Process ToolSource="C:\Program Files (x86)\ArcGIS\Desktop10.0\ArcToolbox\Toolboxes\Data Management Tools.tbx\CalculateField" Date="20161026" Time="163101">CalculateField Lotes observacao [OBSERVAÇÃO] VB #</Process><Process ToolSource="c:\program files (x86)\arcgis\desktop10.2\ArcToolbox\Toolboxes\Data Management Tools.tbx\CalculateField" Date="20161027" Time="155737">CalculateField Lotes ZONEAMXDIRVIAR "OK" VB #</Process><Process ToolSource="c:\program files (x86)\arcgis\desktop10.2\ArcToolbox\Toolboxes\Data Management Tools.tbx\CalculateField" Date="20161027" Time="170130">CalculateField Lotes ZONEAMXDIRVIAR "OK" VB #</Process><Process ToolSource="c:\program files (x86)\arcgis\desktop10.2\ArcToolbox\Toolboxes\Data Management Tools.tbx\CalculateField" Date="20161028" Time="152403">CalculateField Lotes ZONEAMXDIRVIAR "OK" VB #</Process><Process ToolSource="c:\program files (x86)\arcgis\desktop10.2\ArcToolbox\Toolboxes\Data Management Tools.tbx\CalculateField" Date="20161028" Time="153129">CalculateField Lotes ZONEAMXDIRVIAR "OK" VB #</Process><Process ToolSource="c:\program files (x86)\arcgis\desktop10.2\ArcToolbox\Toolboxes\Data Management Tools.tbx\CalculateField" Date="20161028" Time="160557">CalculateField Lotes ZONEAMXDIRVIAR "OK" VB #</Process><Process ToolSource="c:\program files (x86)\arcgis\desktop10.2\ArcToolbox\Toolboxes\Data Management Tools.tbx\CalculateField" Date="20161206" Time="105545">CalculateField Lotes ZONEAMXDIRVIAR "OK" VB #</Process><Process ToolSource="c:\program files (x86)\arcgis\desktop10.2\ArcToolbox\Toolboxes\Data Management Tools.tbx\CalculateField" Date="20161206" Time="161458">CalculateField Lotes ZONEAMXDIRVIAR "OK" VB #</Process><Process ToolSource="c:\program files (x86)\arcgis\desktop10.2\ArcToolbox\Toolboxes\Data Management Tools.tbx\CalculateField" Date="20161206" Time="163021">CalculateField Lotes ZONEAMXDIRVIAR "OK" VB #</Process><Process ToolSource="c:\program files (x86)\arcgis\desktop10.2\ArcToolbox\Toolboxes\Data Management Tools.tbx\CalculateField" Date="20161207" Time="144018">CalculateField Lotes ZONEAMXDIRVIAR "OK" VB #</Process><Process ToolSource="c:\program files (x86)\arcgis\desktop10.2\ArcToolbox\Toolboxes\Data Management Tools.tbx\CalculateField" Date="20161207" Time="150703">CalculateField Lotes ZONEAMXDIRVIAR "OK" VB #</Process><Process ToolSource="c:\program files (x86)\arcgis\desktop10.2\ArcToolbox\Toolboxes\Data Management Tools.tbx\CalculateField" Date="20161216" Time="155813">CalculateField Lotes ZONEAMXDIRVIAR "OK" VB #</Process><Process ToolSource="c:\program files (x86)\arcgis\desktop10.2\ArcToolbox\Toolboxes\Data Management Tools.tbx\CalculateField" Date="20161221" Time="101933">CalculateField Lotes ZONEAMXDIRVIAR "OK" VB #</Process><Process ToolSource="c:\program files (x86)\arcgis\desktop10.2\ArcToolbox\Toolboxes\Data Management Tools.tbx\CalculateField" Date="20161221" Time="120917">CalculateField Lotes ZONEAMXDIRVIAR "OK" VB #</Process><Process ToolSource="c:\program files (x86)\arcgis\desktop10.2\ArcToolbox\Toolboxes\Data Management Tools.tbx\CalculateField" Date="20161222" Time="182114">CalculateField Lotes ZONEAMXDIRVIAR "OK" VB #</Process><Process ToolSource="c:\program files (x86)\arcgis\desktop10.2\ArcToolbox\Toolboxes\Data Management Tools.tbx\CalculateField" Date="20161222" Time="182204">CalculateField Lotes ZONEAMXDIRVIAR "OK" VB #</Process><Process ToolSource="c:\program files (x86)\arcgis\desktop10.2\ArcToolbox\Toolboxes\Data Management Tools.tbx\CalculateField" Date="20161222" Time="183341">CalculateField Lotes ZONEAMXDIRVIAR "OK" VB #</Process><Process ToolSource="c:\program files (x86)\arcgis\desktop10.2\ArcToolbox\Toolboxes\Data Management Tools.tbx\CalculateField" Date="20161222" Time="183437">CalculateField Lotes ZONEAMXDIRVIAR "OK" VB #</Process><Process ToolSource="c:\program files (x86)\arcgis\desktop10.2\ArcToolbox\Toolboxes\Data Management Tools.tbx\CalculateField" Date="20161223" Time="105854">CalculateField Lotes ZONEAMXDIRVIAR "OK" VB #</Process><Process ToolSource="c:\program files (x86)\arcgis\desktop10.2\ArcToolbox\Toolboxes\Data Management Tools.tbx\CalculateField" Date="20161223" Time="111027">CalculateField Lotes ZONEAMXDIRVIAR "OK" VB #</Process><Process ToolSource="c:\program files (x86)\arcgis\desktop10.2\ArcToolbox\Toolboxes\Data Management Tools.tbx\CalculateField" Date="20161223" Time="111121">CalculateField Lotes ZONEAMXDIRVIAR "OK" VB #</Process><Process ToolSource="c:\program files (x86)\arcgis\desktop10.2\ArcToolbox\Toolboxes\Data Management Tools.tbx\CalculateField" Date="20161223" Time="113404">CalculateField Lotes ZONEAMXDIRVIAR "OK" VB #</Process><Process ToolSource="c:\program files (x86)\arcgis\desktop10.2\ArcToolbox\Toolboxes\Data Management Tools.tbx\CalculateField" Date="20161223" Time="115113">CalculateField Lotes ZONEAMXDIRVIAR "OK" VB #</Process><Process ToolSource="C:\Program Files (x86)\ArcGIS\Desktop10.0\ArcToolbox\Toolboxes\Data Management Tools.tbx\CalculateField" Date="20170214" Time="174444">CalculateField Lotes ZONEAMXDIRVIAR "OK" VB #</Process><Process ToolSource="C:\Program Files (x86)\ArcGIS\Desktop10.0\ArcToolbox\Toolboxes\Data Management Tools.tbx\CalculateField" Date="20170214" Time="174554">CalculateField Lotes ZONEAMXDIRVIAR "OK" VB #</Process><Process ToolSource="C:\Program Files (x86)\ArcGIS\Desktop10.0\ArcToolbox\Toolboxes\Data Management Tools.tbx\CalculateField" Date="20170214" Time="174911">CalculateField Lotes ZONEAMXDIRVIAR "OK" VB #</Process><Process ToolSource="C:\Program Files (x86)\ArcGIS\Desktop10.0\ArcToolbox\Toolboxes\Data Management Tools.tbx\CalculateField" Date="20170214" Time="175508">CalculateField Lotes ZONEAMXDIRVIAR "OK" VB #</Process><Process ToolSource="C:\Program Files (x86)\ArcGIS\Desktop10.0\ArcToolbox\Toolboxes\Data Management Tools.tbx\CalculateField" Date="20170214" Time="181130">CalculateField Lotes ZONEAMXDIRVIAR "OK" VB #</Process><Process ToolSource="C:\Program Files (x86)\ArcGIS\Desktop10.0\ArcToolbox\Toolboxes\Data Management Tools.tbx\CalculateField" Date="20170215" Time="095453">CalculateField Lotes ZONEAMXDIRVIAR "OK" VB #</Process><Process ToolSource="C:\Program Files (x86)\ArcGIS\Desktop10.0\ArcToolbox\Toolboxes\Data Management Tools.tbx\CalculateField" Date="20170215" Time="112915">CalculateField Lotes ZONEAMXDIRVIAR "OK" VB #</Process><Process ToolSource="C:\Program Files (x86)\ArcGIS\Desktop10.0\ArcToolbox\Toolboxes\Data Management Tools.tbx\CalculateField" Date="20170215" Time="120442">CalculateField Lotes ZONEAMXDIRVIAR "OK" VB #</Process><Process ToolSource="C:\Program Files (x86)\ArcGIS\Desktop10.0\ArcToolbox\Toolboxes\Data Management Tools.tbx\CalculateField" Date="20170215" Time="152806">CalculateField Lotes ZONEAMXDIRVIAR "OK" VB #</Process><Process ToolSource="C:\Program Files (x86)\ArcGIS\Desktop10.0\ArcToolbox\Toolboxes\Data Management Tools.tbx\CalculateField" Date="20170215" Time="154853">CalculateField Lotes ZONEAMXDIRVIAR "OK" VB #</Process><Process ToolSource="C:\Program Files (x86)\ArcGIS\Desktop10.0\ArcToolbox\Toolboxes\Data Management Tools.tbx\CalculateField" Date="20170215" Time="160115">CalculateField Lotes ZONEAMXDIRVIAR "OK" VB #</Process><Process ToolSource="C:\Program Files (x86)\ArcGIS\Desktop10.0\ArcToolbox\Toolboxes\Data Management Tools.tbx\CalculateField" Date="20170215" Time="161111">CalculateField Lotes ZONEAMXDIRVIAR "OK" VB #</Process><Process ToolSource="C:\Program Files (x86)\ArcGIS\Desktop10.0\ArcToolbox\Toolboxes\Data Management Tools.tbx\CalculateField" Date="20170215" Time="171858">CalculateField Lotes ZONEAMXDIRVIAR "OK" VB #</Process><Process ToolSource="C:\Program Files (x86)\ArcGIS\Desktop10.0\ArcToolbox\Toolboxes\Data Management Tools.tbx\CalculateField" Date="20170215" Time="172741">CalculateField Lotes ZONEAMXDIRVIAR "OK" VB #</Process><Process ToolSource="C:\Program Files (x86)\ArcGIS\Desktop10.0\ArcToolbox\Toolboxes\Data Management Tools.tbx\CalculateField" Date="20170215" Time="174233">CalculateField Lotes ZONEAMXDIRVIAR "OK" VB #</Process><Process ToolSource="C:\Program Files (x86)\ArcGIS\Desktop10.0\ArcToolbox\Toolboxes\Data Management Tools.tbx\CalculateField" Date="20170215" Time="174903">CalculateField Lotes ZONEAMXDIRVIAR "OK" VB #</Process><Process ToolSource="C:\Program Files (x86)\ArcGIS\Desktop10.0\ArcToolbox\Toolboxes\Data Management Tools.tbx\CalculateField" Date="20170215" Time="175752">CalculateField Lotes ZONEAMXDIRVIAR "OK" VB #</Process><Process ToolSource="C:\Program Files (x86)\ArcGIS\Desktop10.0\ArcToolbox\Toolboxes\Data Management Tools.tbx\CalculateField" Date="20170215" Time="181552">CalculateField Lotes ZONEAMXDIRVIAR "OK" VB #</Process><Process ToolSource="C:\Program Files (x86)\ArcGIS\Desktop10.0\ArcToolbox\Toolboxes\Data Management Tools.tbx\CalculateField" Date="20170216" Time="092821">CalculateField Lotes ZONEAMXDIRVIAR "OK" VB #</Process><Process ToolSource="C:\Program Files (x86)\ArcGIS\Desktop10.0\ArcToolbox\Toolboxes\Data Management Tools.tbx\CalculateField" Date="20170216" Time="093459">CalculateField Lotes ZONEAMXDIRVIAR "OK" VB #</Process><Process ToolSource="C:\Program Files (x86)\ArcGIS\Desktop10.0\ArcToolbox\Toolboxes\Data Management Tools.tbx\CalculateField" Date="20170216" Time="105402">CalculateField Lotes ZONEAMXDIRVIAR "OK" VB #</Process><Process ToolSource="C:\Program Files (x86)\ArcGIS\Desktop10.0\ArcToolbox\Toolboxes\Data Management Tools.tbx\CalculateField" Date="20170216" Time="120650">CalculateField Lotes ZONEAMXDIRVIAR "OK" VB #</Process><Process ToolSource="C:\Program Files (x86)\ArcGIS\Desktop10.0\ArcToolbox\Toolboxes\Data Management Tools.tbx\CalculateField" Date="20170216" Time="121018">CalculateField Lotes ZONEAMXDIRVIAR "OK" VB #</Process><Process ToolSource="C:\Program Files (x86)\ArcGIS\Desktop10.0\ArcToolbox\Toolboxes\Data Management Tools.tbx\CalculateField" Date="20170216" Time="143956">CalculateField Lotes ZONEAMXDIRVIAR "OK" VB #</Process><Process ToolSource="C:\Program Files (x86)\ArcGIS\Desktop10.0\ArcToolbox\Toolboxes\Data Management Tools.tbx\CalculateField" Date="20170217" Time="110157">CalculateField Lotes ZONEAMXDIRVIAR "OK" VB #</Process><Process ToolSource="C:\Program Files (x86)\ArcGIS\Desktop10.0\ArcToolbox\Toolboxes\Data Management Tools.tbx\CalculateField" Date="20170217" Time="111814">CalculateField Lotes ZONEAMXDIRVIAR "OK" VB #</Process><Process ToolSource="C:\Program Files (x86)\ArcGIS\Desktop10.0\ArcToolbox\Toolboxes\Data Management Tools.tbx\CalculateField" Date="20170217" Time="113041">CalculateField Lotes ZONEAMXDIRVIAR "OK" VB #</Process><Process ToolSource="C:\Program Files (x86)\ArcGIS\Desktop10.0\ArcToolbox\Toolboxes\Data Management Tools.tbx\CalculateField" Date="20170217" Time="115758">CalculateField Lotes ZONEAMXDIRVIAR "OK" VB #</Process><Process ToolSource="C:\Program Files (x86)\ArcGIS\Desktop10.0\ArcToolbox\Toolboxes\Data Management Tools.tbx\CalculateField" Date="20170217" Time="120450">CalculateField Lotes ZONEAMXDIRVIAR "OK" VB #</Process><Process ToolSource="C:\Program Files (x86)\ArcGIS\Desktop10.0\ArcToolbox\Toolboxes\Data Management Tools.tbx\CalculateField" Date="20170217" Time="120555">CalculateField Lotes ZONEAMXDIRVIAR "OK" VB #</Process><Process ToolSource="C:\Program Files (x86)\ArcGIS\Desktop10.0\ArcToolbox\Toolboxes\Data Management Tools.tbx\CalculateField" Date="20170217" Time="142554">CalculateField Lotes ZONEAMXDIRVIAR "OK" VB #</Process><Process ToolSource="C:\Program Files (x86)\ArcGIS\Desktop10.0\ArcToolbox\Toolboxes\Data Management Tools.tbx\CalculateField" Date="20170217" Time="144548">CalculateField Lotes ZONEAMXDIRVIAR "OK" VB #</Process><Process ToolSource="C:\Program Files (x86)\ArcGIS\Desktop10.0\ArcToolbox\Toolboxes\Data Management Tools.tbx\CalculateField" Date="20170217" Time="163109">CalculateField Lotes ZONEAMXDIRVIAR "OK" VB #</Process><Process ToolSource="C:\Program Files (x86)\ArcGIS\Desktop10.0\ArcToolbox\Toolboxes\Data Management Tools.tbx\CalculateField" Date="20170217" Time="164120">CalculateField Lotes ZONEAMXDIRVIAR "OK" VB #</Process><Process ToolSource="C:\Program Files (x86)\ArcGIS\Desktop10.0\ArcToolbox\Toolboxes\Data Management Tools.tbx\CalculateField" Date="20170327" Time="120754">CalculateField Lotes NUM_PRED "600" VB #</Process><Process ToolSource="C:\Program Files (x86)\ArcGIS\Desktop10.0\ArcToolbox\Toolboxes\Data Management Tools.tbx\CalculateField" Date="20170327" Time="120923">CalculateField Lotes NUM_PRED "650" VB #</Process><Process ToolSource="C:\Program Files (x86)\ArcGIS\Desktop10.0\ArcToolbox\Toolboxes\Data Management Tools.tbx\CalculateField" Date="20170405" Time="145049">CalculateField Lotes NUM_PRED "600" VB #</Process><Process ToolSource="C:\Program Files (x86)\ArcGIS\Desktop10.0\ArcToolbox\Toolboxes\Conversion Tools.tbx\FeatureClassToFeatureClass" Date="20170430" Time="000954">FeatureClassToFeatureClass "Database Connections\GEO_EDIT_DESENV.sde\GEOPMSJP.Territorial\GEOPMSJP.lotes" "Database Connections\PGIS_GEO_service.sde\GEO.PMSJP_PARCELAMENTO_SOLO" LOTES_2 # "INDFISC "Inscrição Imobiliaria" true true false 14 Text 0 0 ,First,#,Database Connections\GEO_EDIT_DESENV.sde\GEOPMSJP.Territorial\GEOPMSJP.lotes,INDFISC,-1,-1;CSETOR "Código-Setor" true true false 4 Long 0 10 ,First,#,Database Connections\GEO_EDIT_DESENV.sde\GEOPMSJP.Territorial\GEOPMSJP.lotes,CSETOR,-1,-1;CQUADRA "Código-Quadra" true true false 4 Long 0 10 ,First,#,Database Connections\GEO_EDIT_DESENV.sde\GEOPMSJP.Territorial\GEOPMSJP.lotes,CQUADRA,-1,-1;CLOTE "Código-Lote" true true false 4 Long 0 10 ,First,#,Database Connections\GEO_EDIT_DESENV.sde\GEOPMSJP.Territorial\GEOPMSJP.lotes,CLOTE,-1,-1;CSUBLOTE "Código-Sublote" true true false 4 Long 0 10 ,First,#,Database Connections\GEO_EDIT_DESENV.sde\GEOPMSJP.Territorial\GEOPMSJP.lotes,CSUBLOTE,-1,-1;ATUALIZ "Atualização" true true false 50 Text 0 0 ,First,#,Database Connections\GEO_EDIT_DESENV.sde\GEOPMSJP.Territorial\GEOPMSJP.lotes,ATUALIZ,-1,-1;ZONEAM "Zoneamento" true true false 20 Text 0 0 ,First,#,Database Connections\GEO_EDIT_DESENV.sde\GEOPMSJP.Territorial\GEOPMSJP.lotes,ZONEAM,-1,-1;DIRVIAR "Diretriz Viária" true true false 50 Text 0 0 ,First,#,Database Connections\GEO_EDIT_DESENV.sde\GEOPMSJP.Territorial\GEOPMSJP.lotes,DIRVIAR,-1,-1;RESTRICOES "Restrições-Infraero" true true false 30 Text 0 0 ,First,#,Database Connections\GEO_EDIT_DESENV.sde\GEOPMSJP.Territorial\GEOPMSJP.lotes,RESTRICOES,-1,-1;DSTCTANULA "Distância-Cota Nula" true true false 8 Double 8 38 ,First,#,Database Connections\GEO_EDIT_DESENV.sde\GEOPMSJP.Territorial\GEOPMSJP.lotes,DSTCTANULA,-1,-1;PISTAS "Pistas-INFRAERO" true true false 10 Text 0 0 ,First,#,Database Connections\GEO_EDIT_DESENV.sde\GEOPMSJP.Territorial\GEOPMSJP.lotes,PISTAS,-1,-1;CURVAS "Curvas-INFRAERO" true true false 5 Text 0 0 ,First,#,Database Connections\GEO_EDIT_DESENV.sde\GEOPMSJP.Territorial\GEOPMSJP.lotes,CURVAS,-1,-1;BACIAHIDRO "Bacia Hidrográfica" true true false 50 Text 0 0 ,First,#,Database Connections\GEO_EDIT_DESENV.sde\GEOPMSJP.Territorial\GEOPMSJP.lotes,BACIAHIDRO,-1,-1;FXNEDIF "Faixa Não Edificável" true true false 15 Text 0 0 ,First,#,Database Connections\GEO_EDIT_DESENV.sde\GEOPMSJP.Territorial\GEOPMSJP.lotes,FXNEDIF,-1,-1;ALTIMETRIA "Altimetria" true true false 8 Double 8 38 ,First,#,Database Connections\GEO_EDIT_DESENV.sde\GEOPMSJP.Territorial\GEOPMSJP.lotes,ALTIMETRIA,-1,-1;ZONEAMXDIRVIAR "Zoneamento x Dir_Viária" true true false 50 Text 0 0 ,First,#,Database Connections\GEO_EDIT_DESENV.sde\GEOPMSJP.Territorial\GEOPMSJP.lotes,ZONEAMXDIRVIAR,-1,-1;NUM_PRED "Número Predial" true true false 8 Double 8 38 ,First,#,Database Connections\GEO_EDIT_DESENV.sde\GEOPMSJP.Territorial\GEOPMSJP.lotes,NUM_PRED,-1,-1;BAIRRO "Bairro" true true false 50 Text 0 0 ,First,#,Database Connections\GEO_EDIT_DESENV.sde\GEOPMSJP.Territorial\GEOPMSJP.lotes,BAIRRO,-1,-1;COLETALIXO "Coleta de Lixo" true true false 20 Text 0 0 ,First,#,Database Connections\GEO_EDIT_DESENV.sde\GEOPMSJP.Territorial\GEOPMSJP.lotes,COLETALIXO,-1,-1;TIPO "Tipos/Classe" true true false 2 Short 0 5 ,First,#,Database Connections\GEO_EDIT_DESENV.sde\GEOPMSJP.Territorial\GEOPMSJP.lotes,TIPO,-1,-1;USOS "Usos" true true false 2 Short 0 5 ,First,#,Database Connections\GEO_EDIT_DESENV.sde\GEOPMSJP.Territorial\GEOPMSJP.lotes,USOS,-1,-1;PGV "PGV2007" true true false 8 Double 8 38 ,First,#,Database Connections\GEO_EDIT_DESENV.sde\GEOPMSJP.Territorial\GEOPMSJP.lotes,PGV,-1,-1;OBSERVAÇÃO "OBSERVAÇÃO" true true false 100 Text 0 0 ,First,#,Database Connections\GEO_EDIT_DESENV.sde\GEOPMSJP.Territorial\GEOPMSJP.lotes,OBSERVAÇÃO,-1,-1;FOTO "Foto" true true false 4 Long 0 0 ,First,#,Database Connections\GEO_EDIT_DESENV.sde\GEOPMSJP.Territorial\GEOPMSJP.lotes,FOTO,-1,-1;OBSERVACAO "OBSERVACAO" true true false 50 Text 0 0 ,First,#,Database Connections\GEO_EDIT_DESENV.sde\GEOPMSJP.Territorial\GEOPMSJP.lotes,OBSERVACAO,-1,-1;SHAPE_AREA "SHAPE.AREA" false false true 0 Double 0 0 ,First,#,Database Connections\GEO_EDIT_DESENV.sde\GEOPMSJP.Territorial\GEOPMSJP.lotes,SHAPE.AREA,-1,-1;SHAPE_LEN "SHAPE.LEN" false false true 0 Double 0 0 ,First,#,Database Connections\GEO_EDIT_DESENV.sde\GEOPMSJP.Territorial\GEOPMSJP.lotes,SHAPE.LEN,-1,-1" #</Process><Process ToolSource="C:\Program Files (x86)\ArcGIS\Desktop10.0\ArcToolbox\Toolboxes\Data Management Tools.tbx\RegisterAsVersioned" Date="20170430" Time="005138">RegisterAsVersioned "Database Connections\PGIS_GEO_service.sde\GEO.PMSJP_PARCELAMENTO_SOLO\GEO.LOTES_2" NO_EDITS_TO_BASE</Process><Process ToolSource="C:\Program Files (x86)\ArcGIS\Desktop10.0\ArcToolbox\Toolboxes\Data Management Tools.tbx\DeleteIdentical" Date="20170915" Time="101618">DeleteIdentical Lotes INDFISC # 0</Process><Process ToolSource="C:\Program Files (x86)\ArcGIS\Desktop10.0\ArcToolbox\Toolboxes\Data Management Tools.tbx\DeleteIdentical" Date="20170915" Time="104854">DeleteIdentical Lotes INDFISC;CSETOR;CQUADRA;CLOTE # 0</Process><Process ToolSource="C:\Program Files (x86)\ArcGIS\Desktop10.0\ArcToolbox\Toolboxes\Data Management Tools.tbx\CalculateField" Date="20170929" Time="103755">CalculateField Lotes NUM_PRED [NUM_PRED]=56 VB #</Process><Process ToolSource="C:\Program Files (x86)\ArcGIS\Desktop10.0\ArcToolbox\Toolboxes\Data Management Tools.tbx\CalculateField" Date="20170929" Time="134932">CalculateField Lotes NUM_PRED [NUM_PRED]=56 VB #</Process><Process ToolSource="C:\Program Files (x86)\ArcGIS\Desktop10.0\ArcToolbox\Toolboxes\Data Management Tools.tbx\CalculateField" Date="20171030" Time="101300">CalculateField Lotes INDFISC "1361500030000" VB #</Process><Process ToolSource="c:\program files (x86)\arcgis\desktop10.0\ArcToolbox\Toolboxes\Data Management Tools.tbx\Analyze" Date="20180517" Time="172321">Analyze E:\GEODATA\WEBGEO\PGIS_webgeo2K.sde\GEO.PMSJP_PARCELAMENTO_SOLO\GEO.LOTES BUSINESS;FEATURE;RASTER;ADDS;DELETES</Process><Process ToolSource="C:\Program Files (x86)\ArcGIS\Desktop10.0\ArcToolbox\Toolboxes\Data Management Tools.tbx\CalculateField" Date="20180731" Time="150011">CalculateField Lotes ZONEAM "ECS1 / ZC2" VB #</Process><Process ToolSource="C:\Program Files (x86)\ArcGIS\Desktop10.0\ArcToolbox\Toolboxes\Data Management Tools.tbx\CalculateField" Date="20180731" Time="150443">CalculateField Lotes ZONEAM "ECS2 / ZR4" VB #</Process><Process ToolSource="C:\Program Files (x86)\ArcGIS\Desktop10.0\ArcToolbox\Toolboxes\Data Management Tools.tbx\CalculateField" Date="20180731" Time="150501">CalculateField Lotes ZONEAM "ECS1 / ZR4" VB #</Process><Process ToolSource="C:\Program Files (x86)\ArcGIS\Desktop10.0\ArcToolbox\Toolboxes\Data Management Tools.tbx\CalculateField" Date="20180731" Time="151309">CalculateField Lotes ZONEAM "ECS1 / ZC1" VB #</Process><Process ToolSource="C:\Program Files (x86)\ArcGIS\Desktop10.0\ArcToolbox\Toolboxes\Data Management Tools.tbx\CalculateField" Date="20180731" Time="151437">CalculateField Lotes ZONEAM "ECS1 / ZC2" VB #</Process><Process ToolSource="C:\Program Files (x86)\ArcGIS\Desktop10.0\ArcToolbox\Toolboxes\Data Management Tools.tbx\CalculateField" Date="20180731" Time="151658">CalculateField Lotes ZONEAM "ECS1 / ZR2" VB #</Process><Process ToolSource="C:\Program Files (x86)\ArcGIS\Desktop10.0\ArcToolbox\Toolboxes\Data Management Tools.tbx\CalculateField" Date="20180731" Time="151745">CalculateField Lotes ZONEAM "ECS1 / ZR2" VB #</Process><Process ToolSource="C:\Program Files (x86)\ArcGIS\Desktop10.0\ArcToolbox\Toolboxes\Data Management Tools.tbx\CalculateField" Date="20180731" Time="151914">CalculateField Lotes ZONEAM "ECS1 / ZR3" VB #</Process><Process ToolSource="C:\Program Files (x86)\ArcGIS\Desktop10.0\ArcToolbox\Toolboxes\Data Management Tools.tbx\CalculateField" Date="20180731" Time="152207">CalculateField Lotes ZONEAM "ECS1 / ZR4" VB #</Process><Process ToolSource="C:\Program Files (x86)\ArcGIS\Desktop10.0\ArcToolbox\Toolboxes\Data Management Tools.tbx\CalculateField" Date="20181203" Time="131552">CalculateField Lotes PISTAS "0" VB #</Process><Process ToolSource="C:\Program Files (x86)\ArcGIS\Desktop10.0\ArcToolbox\Toolboxes\Data Management Tools.tbx\CalculateField" Date="20181203" Time="142056">CalculateField Lotes CURVAS "ARA 2" VB #</Process><Process ToolSource="C:\Program Files (x86)\ArcGIS\Desktop10.0\ArcToolbox\Toolboxes\Data Management Tools.tbx\CalculateField" Date="20181203" Time="143529">CalculateField Lotes CURVAS "ARA 3" VB #</Process><Process ToolSource="C:\Program Files (x86)\ArcGIS\Desktop10.0\ArcToolbox\Toolboxes\Data Management Tools.tbx\CalculateField" Date="20181203" Time="150334">CalculateField Lotes CURVAS "ARA 2" VB #</Process><Process ToolSource="C:\Program Files (x86)\ArcGIS\Desktop10.0\ArcToolbox\Toolboxes\Data Management Tools.tbx\CalculateField" Date="20181203" Time="160834">CalculateField Lotes CURVAS "ARA 2" VB #</Process><Process ToolSource="C:\Program Files (x86)\ArcGIS\Desktop10.0\ArcToolbox\Toolboxes\Data Management Tools.tbx\CalculateField" Date="20181203" Time="164954">CalculateField Lotes CURVAS "ARA 1" VB #</Process><Process ToolSource="C:\Program Files (x86)\ArcGIS\Desktop10.0\ArcToolbox\Toolboxes\Data Management Tools.tbx\CalculateField" Date="20181203" Time="174728">CalculateField Lotes CURVAS "ARA 1" VB #</Process><Process ToolSource="C:\Program Files (x86)\ArcGIS\Desktop10.0\ArcToolbox\Toolboxes\Data Management Tools.tbx\CalculateField" Date="20181203" Time="175240">CalculateField Lotes CURVAS "ARA 1" VB #</Process><Process ToolSource="C:\Program Files (x86)\ArcGIS\Desktop10.0\ArcToolbox\Toolboxes\Data Management Tools.tbx\CalculateField" Date="20181203" Time="175323">CalculateField Lotes CURVAS "ARA 1" VB #</Process><Process ToolSource="C:\Program Files (x86)\ArcGIS\Desktop10.0\ArcToolbox\Toolboxes\Data Management Tools.tbx\CalculateField" Date="20181203" Time="175357">CalculateField Lotes CURVAS "ARA 1" VB #</Process><Process ToolSource="C:\Program Files (x86)\ArcGIS\Desktop10.0\ArcToolbox\Toolboxes\Data Management Tools.tbx\CalculateField" Date="20181203" Time="175435">CalculateField Lotes CURVAS "ARA 1" VB #</Process><Process ToolSource="C:\Program Files (x86)\ArcGIS\Desktop10.0\ArcToolbox\Toolboxes\Data Management Tools.tbx\CalculateField" Date="20181203" Time="175713">CalculateField Lotes CURVAS "ARA 1" VB #</Process><Process ToolSource="C:\Program Files (x86)\ArcGIS\Desktop10.0\ArcToolbox\Toolboxes\Data Management Tools.tbx\CalculateField" Date="20181203" Time="180143">CalculateField Lotes CURVAS "ARA 1" VB #</Process><Process ToolSource="C:\Program Files (x86)\ArcGIS\Desktop10.0\ArcToolbox\Toolboxes\Data Management Tools.tbx\CalculateField" Date="20181203" Time="180453">CalculateField Lotes CURVAS "ARA 1" VB #</Process><Process ToolSource="C:\Program Files (x86)\ArcGIS\Desktop10.0\ArcToolbox\Toolboxes\Data Management Tools.tbx\CalculateField" Date="20181204" Time="102303">CalculateField Lotes ZONEAM "[ZONEAM] + "/" + [CURVAS]" VB #</Process><Process ToolSource="C:\Program Files (x86)\ArcGIS\Desktop10.0\ArcToolbox\Toolboxes\Data Management Tools.tbx\CalculateField" Date="20190516" Time="120006">CalculateField Lotes CQUADRA "300" VB #</Process><Process ToolSource="C:\Program Files (x86)\ArcGIS\Desktop10.0\ArcToolbox\Toolboxes\Data Management Tools.tbx\CalculateField" Date="20190516" Time="144248">CalculateField Lotes ZONEAM "ZOC" VB #</Process><Process ToolSource="C:\Program Files (x86)\ArcGIS\Desktop10.0\ArcToolbox\Toolboxes\Data Management Tools.tbx\CalculateField" Date="20190917" Time="103913">CalculateField Lotes ATUALIZ " " VB #</Process><Process ToolSource="C:\Program Files (x86)\ArcGIS\Desktop10.0\ArcToolbox\Toolboxes\Data Management Tools.tbx\CalculateField" Date="20191030" Time="110839">CalculateField Lotes OBSERVAÇÃO "Não Implantado" VB #</Process><Process ToolSource="C:\Program Files (x86)\ArcGIS\Desktop10.0\ArcToolbox\Toolboxes\Data Management Tools.tbx\CalculateField" Date="20191030" Time="114531">CalculateField Lotes OBSERVAÇÃO "" VB #</Process><Process ToolSource="C:\Program Files (x86)\ArcGIS\Desktop10.0\ArcToolbox\Toolboxes\Data Management Tools.tbx\CalculateField" Date="20191104" Time="172705">CalculateField Lotes ATUALIZ [BACIAHIDRO] VB #</Process><Process ToolSource="C:\Program Files (x86)\ArcGIS\Desktop10.0\ArcToolbox\Toolboxes\Data Management Tools.tbx\CalculateField" Date="20191108" Time="104152">CalculateField Lotes ATUALIZ [BACIAHIDRO] VB #</Process><Process ToolSource="C:\Program Files (x86)\ArcGIS\Desktop10.0\ArcToolbox\Toolboxes\Data Management Tools.tbx\CalculateField" Date="20191108" Time="104616">CalculateField Lotes BACIAHIDRO "Alto Iguaçu" VB #</Process><Process ToolSource="C:\Program Files (x86)\ArcGIS\Desktop10.0\ArcToolbox\Toolboxes\Data Management Tools.tbx\CalculateField" Date="20191108" Time="111905">CalculateField Lotes ATUALIZ [BACIAHIDRO] VB #</Process><Process ToolSource="C:\Program Files (x86)\ArcGIS\Desktop10.0\ArcToolbox\Toolboxes\Data Management Tools.tbx\CalculateField" Date="20191108" Time="113052">CalculateField Lotes BACIAHIDRO "Alto Iguaçu" VB #</Process><Process ToolSource="C:\Program Files (x86)\ArcGIS\Desktop10.0\ArcToolbox\Toolboxes\Data Management Tools.tbx\CalculateField" Date="20191108" Time="113804">CalculateField Lotes ATUALIZ [BACIAHIDRO] VB #</Process><Process ToolSource="C:\Program Files (x86)\ArcGIS\Desktop10.0\ArcToolbox\Toolboxes\Data Management Tools.tbx\CalculateField" Date="20191108" Time="114557">CalculateField Lotes BACIAHIDRO "Alto Iguaçu" VB #</Process><Process ToolSource="C:\Program Files (x86)\ArcGIS\Desktop10.0\ArcToolbox\Toolboxes\Data Management Tools.tbx\CalculateField" Date="20191108" Time="120010">CalculateField Lotes ATUALIZ [BACIAHIDRO] VB #</Process><Process ToolSource="C:\Program Files (x86)\ArcGIS\Desktop10.0\ArcToolbox\Toolboxes\Data Management Tools.tbx\CalculateField" Date="20191108" Time="120924">CalculateField Lotes BACIAHIDRO "Alto Iguaçu" VB #</Process><Process ToolSource="C:\Program Files (x86)\ArcGIS\Desktop10.0\ArcToolbox\Toolboxes\Data Management Tools.tbx\CalculateField" Date="20191108" Time="121824">CalculateField Lotes ATUALIZ [BACIAHIDRO] VB #</Process><Process ToolSource="C:\Program Files (x86)\ArcGIS\Desktop10.0\ArcToolbox\Toolboxes\Data Management Tools.tbx\CalculateField" Date="20191108" Time="122149">CalculateField Lotes BACIAHIDRO "Alto Iguaçu" VB #</Process><Process ToolSource="C:\Program Files (x86)\ArcGIS\Desktop10.0\ArcToolbox\Toolboxes\Data Management Tools.tbx\CalculateField" Date="20191108" Time="123007">CalculateField Lotes ATUALIZ [BACIAHIDRO] VB #</Process><Process ToolSource="C:\Program Files (x86)\ArcGIS\Desktop10.0\ArcToolbox\Toolboxes\Data Management Tools.tbx\CalculateField" Date="20191108" Time="123500">CalculateField Lotes BACIAHIDRO "Alto Iguaçu" VB #</Process><Process ToolSource="C:\Program Files (x86)\ArcGIS\Desktop10.0\ArcToolbox\Toolboxes\Data Management Tools.tbx\CalculateField" Date="20191108" Time="142753">CalculateField Lotes ATUALIZ [BACIAHIDRO] VB #</Process><Process ToolSource="C:\Program Files (x86)\ArcGIS\Desktop10.0\ArcToolbox\Toolboxes\Data Management Tools.tbx\CalculateField" Date="20191108" Time="142820">CalculateField Lotes BACIAHIDRO "Alto Iguaçu" VB #</Process><Process ToolSource="C:\Program Files (x86)\ArcGIS\Desktop10.0\ArcToolbox\Toolboxes\Data Management Tools.tbx\DeleteField" Date="20200416" Time="142356">DeleteField Lotes OBJECTID;ATUALIZ;DIRVIAR;RESTRICOES;DSTCTANULA;PISTAS;CURVAS;FXNEDIF;ALTIMETRIA;NUM_PRED;COLETALIXO;TIPO;USOS;PGV;OBSERVAÇÃO;OBSERVACAO;SEMA;SEMVOP;SEMHA;SEMU;CMPDU</Process></lineage><itemProps><itemName Sync="TRUE">GEO.LOTES_2</itemName><imsContentType Sync="TRUE">002</imsContentType><itemLocation><linkage Sync="TRUE">Server=vm-ms-webgeo; Service=sde:oracle11g:pgis:geo; User=geo; Version=GEO.DEFAULT</linkage><protocol Sync="TRUE">ArcSDE Connection</protocol></itemLocation></itemProps><coordRef><type Sync="TRUE">Projected</type><geogcsn Sync="TRUE">GCS_SIRGAS_2000</geogcsn><csUnits Sync="TRUE">Linear Unit: Meter (1.000000)</csUnits><projcsn Sync="TRUE">SIRGAS_2000_UTM_Zone_22S</projcsn><peXml Sync="TRUE">&lt;ProjectedCoordinateSystem xsi:type='typens:ProjectedCoordinateSystem' xmlns:xsi='http://www.w3.org/2001/XMLSchema-instance' xmlns:xs='http://www.w3.org/2001/XMLSchema' xmlns:typens='http://www.esri.com/schemas/ArcGIS/10.0'&gt;&lt;WKT&gt;PROJCS[&amp;quot;SIRGAS_2000_UTM_Zone_22S&amp;quot;,GEOGCS[&amp;quot;GCS_SIRGAS_2000&amp;quot;,DATUM[&amp;quot;D_SIRGAS_2000&amp;quot;,SPHEROID[&amp;quot;GRS_1980&amp;quot;,6378137.0,298.257222101]],PRIMEM[&amp;quot;Greenwich&amp;quot;,0.0],UNIT[&amp;quot;Degree&amp;quot;,0.0174532925199433]],PROJECTION[&amp;quot;Transverse_Mercator&amp;quot;],PARAMETER[&amp;quot;False_Easting&amp;quot;,500000.0],PARAMETER[&amp;quot;False_Northing&amp;quot;,10000000.0],PARAMETER[&amp;quot;Central_Meridian&amp;quot;,-51.0],PARAMETER[&amp;quot;Scale_Factor&amp;quot;,0.9996],PARAMETER[&amp;quot;Latitude_Of_Origin&amp;quot;,0.0],UNIT[&amp;quot;Meter&amp;quot;,1.0],AUTHORITY[&amp;quot;EPSG&amp;quot;,31982]]&lt;/WKT&gt;&lt;XOrigin&gt;-5120900&lt;/XOrigin&gt;&lt;YOrigin&gt;1900&lt;/YOrigin&gt;&lt;XYScale&gt;10000&lt;/XYScale&gt;&lt;ZOrigin&gt;0&lt;/ZOrigin&gt;&lt;ZScale&gt;1&lt;/ZScale&gt;&lt;MOrigin&gt;0&lt;/MOrigin&gt;&lt;MScale&gt;1&lt;/MScale&gt;&lt;XYTolerance&gt;0.001&lt;/XYTolerance&gt;&lt;ZTolerance&gt;0.001&lt;/ZTolerance&gt;&lt;MTolerance&gt;0.001&lt;/MTolerance&gt;&lt;HighPrecision&gt;true&lt;/HighPrecision&gt;&lt;WKID&gt;31982&lt;/WKID&gt;&lt;/ProjectedCoordinateSystem&gt;</peXml></coordRef></DataProperties><SyncDate>20170430</SyncDate><SyncTime>00055500</SyncTime><ModDate>20170430</ModDate><ModTime>00055500</ModTime></Esri><dataIdInfo><envirDesc Sync="TRUE"> Version 6.2 (Build 9200) ; ESRI ArcGIS 10.0.5.4400</envirDesc><dataLang><languageCode value="por" Sync="TRUE"></languageCode><countryCode value="BRA" Sync="TRUE"></countryCode></dataLang><idCitation><resTitle Sync="TRUE">GEO.LOTES_2</resTitle><presForm><PresFormCd value="005" Sync="TRUE"></PresFormCd></presForm></idCitation><spatRpType><SpatRepTypCd value="001" Sync="TRUE"></SpatRepTypCd></spatRpType></dataIdInfo><mdLang><languageCode value="por" Sync="TRUE"></languageCode><countryCode value="BRA" Sync="TRUE"></countryCode></mdLang><distInfo><distFormat><formatName Sync="TRUE">SDE Feature Class</formatName></distFormat></distInfo><mdHrLv><ScopeCd value="005" Sync="TRUE"></ScopeCd></mdHrLv><mdHrLvName Sync="TRUE">dataset</mdHrLvName><refSysInfo><RefSystem><refSysID><identCode code="31982" Sync="TRUE"></identCode><idCodeSpace Sync="TRUE">EPSG</idCodeSpace><idVersion Sync="TRUE">7.4.1</idVersion></refSysID></RefSystem></refSysInfo><spatRepInfo><VectSpatRep><geometObjs Name="GEO.LOTES_2"><geoObjTyp><GeoObjTypCd value="002" Sync="TRUE"></GeoObjTypCd></geoObjTyp><geoObjCnt Sync="TRUE">0</geoObjCnt></geometObjs><topLvl><TopoLevCd value="001" Sync="TRUE"></TopoLevCd></topLvl></VectSpatRep></spatRepInfo><spdoinfo><ptvctinf><esriterm><efeatyp Sync="TRUE">Simple</efeatyp><efeageom code="4" Sync="TRUE"></efeageom><esritopo Sync="TRUE">FALSE</esritopo><efeacnt Sync="TRUE">0</efeacnt><spindex Sync="TRUE">FALSE</spindex><linrefer Sync="TRUE">FALSE</linrefer></esriterm></ptvctinf></spdoinfo><eainfo><detailed Name="GEO.LOTES_2"><enttyp><enttypl Sync="TRUE">GEO.LOTES_2</enttypl><enttypt Sync="TRUE">Feature Class</enttypt><enttypc Sync="TRUE">0</enttypc></enttyp><attr><attrlabl Sync="TRUE">OBJECTID</attrlabl><attalias Sync="TRUE">OBJECTID</attalias><attrtype Sync="TRUE">OID</attrtype><attwidth Sync="TRUE">4</attwidth><atprecis Sync="TRUE">10</atprecis><attscale Sync="TRUE">0</attscale><attrdef Sync="TRUE">Internal feature number.</attrdef><attrdefs Sync="TRUE">ESRI</attrdefs><attrdomv><udom Sync="TRUE">Sequential unique whole numbers that are automatically generated.</udom></attrdomv></attr><attr><attrlabl Sync="TRUE">INDFISC</attrlabl><attalias Sync="TRUE">Inscrição Imobiliaria</attalias><attrtype Sync="TRUE">String</attrtype><attwidth Sync="TRUE">14</attwidth><atprecis Sync="TRUE">0</atprecis><attscale Sync="TRUE">0</attscale></attr><attr><attrlabl Sync="TRUE">CSETOR</attrlabl><attalias Sync="TRUE">Código-Setor</attalias><attrtype Sync="TRUE">Integer</attrtype><attwidth Sync="TRUE">4</attwidth><atprecis Sync="TRUE">10</atprecis><attscale Sync="TRUE">0</attscale></attr><attr><attrlabl Sync="TRUE">CQUADRA</attrlabl><attalias Sync="TRUE">Código-Quadra</attalias><attrtype Sync="TRUE">Integer</attrtype><attwidth Sync="TRUE">4</attwidth><atprecis Sync="TRUE">10</atprecis><attscale Sync="TRUE">0</attscale></attr><attr><attrlabl Sync="TRUE">CLOTE</attrlabl><attalias Sync="TRUE">Código-Lote</attalias><attrtype Sync="TRUE">Integer</attrtype><attwidth Sync="TRUE">4</attwidth><atprecis Sync="TRUE">10</atprecis><attscale Sync="TRUE">0</attscale></attr><attr><attrlabl Sync="TRUE">CSUBLOTE</attrlabl><attalias Sync="TRUE">Código-Sublote</attalias><attrtype Sync="TRUE">Integer</attrtype><attwidth Sync="TRUE">4</attwidth><atprecis Sync="TRUE">10</atprecis><attscale Sync="TRUE">0</attscale></attr><attr><attrlabl Sync="TRUE">ATUALIZ</attrlabl><attalias Sync="TRUE">Atualização</attalias><attrtype Sync="TRUE">String</attrtype><attwidth Sync="TRUE">50</attwidth><atprecis Sync="TRUE">0</atprecis><attscale Sync="TRUE">0</attscale></attr><attr><attrlabl Sync="TRUE">ZONEAM</attrlabl><attalias Sync="TRUE">Zoneamento</attalias><attrtype Sync="TRUE">String</attrtype><attwidth Sync="TRUE">20</attwidth><atprecis Sync="TRUE">0</atprecis><attscale Sync="TRUE">0</attscale></attr><attr><attrlabl Sync="TRUE">DIRVIAR</attrlabl><attalias Sync="TRUE">Diretriz Viária</attalias><attrtype Sync="TRUE">String</attrtype><attwidth Sync="TRUE">50</attwidth><atprecis Sync="TRUE">0</atprecis><attscale Sync="TRUE">0</attscale></attr><attr><attrlabl Sync="TRUE">RESTRICOES</attrlabl><attalias Sync="TRUE">Restrições-Infraero</attalias><attrtype Sync="TRUE">String</attrtype><attwidth Sync="TRUE">30</attwidth><atprecis Sync="TRUE">0</atprecis><attscale Sync="TRUE">0</attscale></attr><attr><attrlabl Sync="TRUE">DSTCTANULA</attrlabl><attalias Sync="TRUE">Distância-Cota Nula</attalias><attrtype Sync="TRUE">Double</attrtype><attwidth Sync="TRUE">8</attwidth><atprecis Sync="TRUE">38</atprecis><attscale Sync="TRUE">8</attscale></attr><attr><attrlabl Sync="TRUE">PISTAS</attrlabl><attalias Sync="TRUE">Pistas-INFRAERO</attalias><attrtype Sync="TRUE">String</attrtype><attwidth Sync="TRUE">10</attwidth><atprecis Sync="TRUE">0</atprecis><attscale Sync="TRUE">0</attscale></attr><attr><attrlabl Sync="TRUE">CURVAS</attrlabl><attalias Sync="TRUE">Curvas-INFRAERO</attalias><attrtype Sync="TRUE">String</attrtype><attwidth Sync="TRUE">5</attwidth><atprecis Sync="TRUE">0</atprecis><attscale Sync="TRUE">0</attscale></attr><attr><attrlabl Sync="TRUE">BACIAHIDRO</attrlabl><attalias Sync="TRUE">Bacia Hidrográfica</attalias><attrtype Sync="TRUE">String</attrtype><attwidth Sync="TRUE">50</attwidth><atprecis Sync="TRUE">0</atprecis><attscale Sync="TRUE">0</attscale></attr><attr><attrlabl Sync="TRUE">FXNEDIF</attrlabl><attalias Sync="TRUE">Faixa Não Edificável</attalias><attrtype Sync="TRUE">String</attrtype><attwidth Sync="TRUE">15</attwidth><atprecis Sync="TRUE">0</atprecis><attscale Sync="TRUE">0</attscale></attr><attr><attrlabl Sync="TRUE">ALTIMETRIA</attrlabl><attalias Sync="TRUE">Altimetria</attalias><attrtype Sync="TRUE">Double</attrtype><attwidth Sync="TRUE">8</attwidth><atprecis Sync="TRUE">38</atprecis><attscale Sync="TRUE">8</attscale></attr><attr><attrlabl Sync="TRUE">ZONEAMXDIRVIAR</attrlabl><attalias Sync="TRUE">Zoneamento x Dir_Viária</attalias><attrtype Sync="TRUE">String</attrtype><attwidth Sync="TRUE">50</attwidth><atprecis Sync="TRUE">0</atprecis><attscale Sync="TRUE">0</attscale></attr><attr><attrlabl Sync="TRUE">NUM_PRED</attrlabl><attalias Sync="TRUE">Número Predial</attalias><attrtype Sync="TRUE">Double</attrtype><attwidth Sync="TRUE">8</attwidth><atprecis Sync="TRUE">38</atprecis><attscale Sync="TRUE">8</attscale></attr><attr><attrlabl Sync="TRUE">BAIRRO</attrlabl><attalias Sync="TRUE">Bairro</attalias><attrtype Sync="TRUE">String</attrtype><attwidth Sync="TRUE">50</attwidth><atprecis Sync="TRUE">0</atprecis><attscale Sync="TRUE">0</attscale></attr><attr><attrlabl Sync="TRUE">COLETALIXO</attrlabl><attalias Sync="TRUE">Coleta de Lixo</attalias><attrtype Sync="TRUE">String</attrtype><attwidth Sync="TRUE">20</attwidth><atprecis Sync="TRUE">0</atprecis><attscale Sync="TRUE">0</attscale></attr><attr><attrlabl Sync="TRUE">TIPO</attrlabl><attalias Sync="TRUE">Tipos/Classe</attalias><attrtype Sync="TRUE">SmallInteger</attrtype><attwidth Sync="TRUE">2</attwidth><atprecis Sync="TRUE">5</atprecis><attscale Sync="TRUE">0</attscale></attr><attr><attrlabl Sync="TRUE">USOS</attrlabl><attalias Sync="TRUE">Usos</attalias><attrtype Sync="TRUE">SmallInteger</attrtype><attwidth Sync="TRUE">2</attwidth><atprecis Sync="TRUE">5</atprecis><attscale Sync="TRUE">0</attscale></attr><attr><attrlabl Sync="TRUE">PGV</attrlabl><attalias Sync="TRUE">PGV2007</attalias><attrtype Sync="TRUE">Double</attrtype><attwidth Sync="TRUE">8</attwidth><atprecis Sync="TRUE">38</atprecis><attscale Sync="TRUE">8</attscale></attr><attr><attrlabl Sync="TRUE">OBSERVAÇÃO</attrlabl><attalias Sync="TRUE">OBSERVAÇÃO</attalias><attrtype Sync="TRUE">String</attrtype><attwidth Sync="TRUE">100</attwidth><atprecis Sync="TRUE">0</atprecis><attscale Sync="TRUE">0</attscale></attr><attr><attrlabl Sync="TRUE">OBSERVACAO</attrlabl><attalias Sync="TRUE">OBSERVACAO</attalias><attrtype Sync="TRUE">String</attrtype><attwidth Sync="TRUE">50</attwidth><atprecis Sync="TRUE">0</atprecis><attscale Sync="TRUE">0</attscale></attr><attr><attrlabl Sync="TRUE">SHAPE</attrlabl><attalias Sync="TRUE">SHAPE</attalias><attrtype Sync="TRUE">Geometry</attrtype><attwidth Sync="TRUE">4</attwidth><atprecis Sync="TRUE">0</atprecis><attscale Sync="TRUE">0</attscale><attrdef Sync="TRUE">Feature geometry.</attrdef><attrdefs Sync="TRUE">ESRI</attrdefs><attrdomv><udom Sync="TRUE">Coordinates defining the features.</udom></attrdomv></attr><attr><attrlabl Sync="TRUE">FOTO</attrlabl><attalias Sync="TRUE">Foto</attalias><attrtype Sync="TRUE">Raster</attrtype><attwidth Sync="TRUE">4</attwidth><atprecis Sync="TRUE">0</atprecis><attscale Sync="TRUE">0</attscale></attr><attr><attrlabl Sync="TRUE">SHAPE.AREA</attrlabl><attalias Sync="TRUE">SHAPE.AREA</attalias><attrtype Sync="TRUE">Double</attrtype><attwidth Sync="TRUE">0</attwidth><atprecis Sync="TRUE">0</atprecis><attscale Sync="TRUE">0</attscale></attr><attr><attrlabl Sync="TRUE">SHAPE.LEN</attrlabl><attalias Sync="TRUE">SHAPE.LEN</attalias><attrtype Sync="TRUE">Double</attrtype><attwidth Sync="TRUE">0</attwidth><atprecis Sync="TRUE">0</atprecis><attscale Sync="TRUE">0</attscale></attr><subtype><stname Sync="TRUE">Implantado</stname><stcode Sync="TRUE">1</stcode><stfield><stfldnm Sync="TRUE">TIPO</stfldnm><stflddv Sync="TRUE">1</stflddv></stfield></subtype><subtype><stname Sync="TRUE">Não Implantado</stname><stcode Sync="TRUE">2</stcode><stfield><stfldnm Sync="TRUE">TIPO</stfldnm><stflddv Sync="TRUE">1</stflddv></stfield></subtype><subtype><stname Sync="TRUE">Sem Cadastro</stname><stcode Sync="TRUE">3</stcode><stfield><stfldnm Sync="TRUE">TIPO</stfldnm><stflddv Sync="TRUE">1</stflddv></stfield></subtype></detailed></eainfo><mdDateSt Sync="TRUE">20170430</mdDateSt></metadata>
