<?xml version="1.0" encoding="UTF-8"?>
<metadata xml:lang="pt"><Esri><CreaDate>20170922</CreaDate><CreaTime>11370100</CreaTime><ArcGISFormat>1.0</ArcGISFormat><SyncOnce>FALSE</SyncOnce><DataProperties><itemProps><itemLocation><linkage Sync="TRUE">file://\\10.95.0.18\arquivos-geo\geo\processos\SSG\SSG_SIRGAS 2000\PARCELAMENTO SHAPE\IMD\NATAL\Natal_E_IMD_SEMUT.shp</linkage><protocol Sync="TRUE">Local Area Network</protocol></itemLocation><itemName Sync="TRUE">Natal_E_IMD_SEMUT</itemName><imsContentType Sync="TRUE">002</imsContentType><itemSize Sync="TRUE">0.000</itemSize></itemProps><copyHistory><copy source="P:\SSG\SSG_SIRGAS 2000\PARCELAMENTO SHAPE\IMD\ZONA LESTE\SANTOS REIS\Santos_Reis_E_IMD_SEMUT1" dest="\\10.95.0.18\arquivos-geo\geo\processos\SSG\SSG_SIRGAS 2000\PARCELAMENTO SHAPE\IMD\ZONA LESTE\TIROL\Santos_Reis_E_IMD_SEMUT1" date="20170922" time="11370100"></copy></copyHistory><coordRef><type Sync="TRUE">Projected</type><geogcsn Sync="TRUE">GCS_Geographic Coordinate System</geogcsn><csUnits Sync="TRUE">Linear Unit: Meter (1.000000)</csUnits><projcsn Sync="TRUE">UTM_Zone_25_Southern_Hemisphere</projcsn><peXml Sync="TRUE">&lt;ProjectedCoordinateSystem xsi:type='typens:ProjectedCoordinateSystem' xmlns:xsi='http://www.w3.org/2001/XMLSchema-instance' xmlns:xs='http://www.w3.org/2001/XMLSchema' xmlns:typens='http://www.esri.com/schemas/ArcGIS/10.0'&gt;&lt;WKT&gt;PROJCS[&amp;quot;UTM_Zone_25_Southern_Hemisphere&amp;quot;,GEOGCS[&amp;quot;GCS_Geographic Coordinate System&amp;quot;,DATUM[&amp;quot;D_SIRGAS_2000&amp;quot;,SPHEROID[&amp;quot;GRS_1980&amp;quot;,6378137.0,298.257222101]],PRIMEM[&amp;quot;Greenwich&amp;quot;,0.0],UNIT[&amp;quot;Degree&amp;quot;,0.0174532925199433]],PROJECTION[&amp;quot;Transverse_Mercator&amp;quot;],PARAMETER[&amp;quot;false_easting&amp;quot;,500000.0],PARAMETER[&amp;quot;false_northing&amp;quot;,10000000.0],PARAMETER[&amp;quot;central_meridian&amp;quot;,-33.0],PARAMETER[&amp;quot;scale_factor&amp;quot;,0.9996],PARAMETER[&amp;quot;latitude_of_origin&amp;quot;,0.0],UNIT[&amp;quot;Meter&amp;quot;,1.0]]&lt;/WKT&gt;&lt;XOrigin&gt;-5120900&lt;/XOrigin&gt;&lt;YOrigin&gt;1900&lt;/YOrigin&gt;&lt;XYScale&gt;450445547.3910538&lt;/XYScale&gt;&lt;ZOrigin&gt;-100000&lt;/ZOrigin&gt;&lt;ZScale&gt;10000&lt;/ZScale&gt;&lt;MOrigin&gt;-100000&lt;/MOrigin&gt;&lt;MScale&gt;10000&lt;/MScale&gt;&lt;XYTolerance&gt;0.001&lt;/XYTolerance&gt;&lt;ZTolerance&gt;0.001&lt;/ZTolerance&gt;&lt;MTolerance&gt;0.001&lt;/MTolerance&gt;&lt;HighPrecision&gt;true&lt;/HighPrecision&gt;&lt;/ProjectedCoordinateSystem&gt;</peXml></coordRef><lineage><Process ToolSource="c:\program files (x86)\arcgis\desktop10.0\ArcToolbox\Toolboxes\Data Management Tools.tbx\Merge" Date="20170927" Time="105736">Merge LESTE\Tirol_E_IMD_SEMUT;LESTE\Santos_Reis_E_IMD_SEMUT;LESTE\Rocas_E_IMD_SEMUT;LESTE\Ribeira_E_IMD_SEMUT;LESTE\Praia_do_Meio_E_IMD_SEMUT;LESTE\Petropolis_E_IMD_SEMUT;LESTE\Mae_Luiza_E_IMD_SEMUT;LESTE\Lagoa_Seca_E_IMD_SEMUT;LESTE\Cidade_Alta_E_IMD_SEMUT;LESTE\Barro_Vermelho_E_IMD_SEMUT;LESTE\Areia_Preta_E_IMD_SEMUT;LESTE\Alecrim_E_IMD_SEMUT "P:\SSG\SSG_SIRGAS 2000\PARCELAMENTO SHAPE\IMD\NATAL\ZL_E.shp" "Sequencial "Sequencial" true true false 254 Text 0 0 ,First,#,LESTE\Tirol_E_IMD_SEMUT,Sequencial,-1,-1,LESTE\Santos_Reis_E_IMD_SEMUT,Sequencial,-1,-1,LESTE\Rocas_E_IMD_SEMUT,Sequencial,-1,-1,LESTE\Ribeira_E_IMD_SEMUT,Sequencial,-1,-1,LESTE\Praia_do_Meio_E_IMD_SEMUT,Sequencial,-1,-1,LESTE\Petropolis_E_IMD_SEMUT,Sequencial,-1,-1,LESTE\Mae_Luiza_E_IMD_SEMUT,Sequencial,-1,-1,LESTE\Lagoa_Seca_E_IMD_SEMUT,Sequencial,-1,-1,LESTE\Cidade_Alta_E_IMD_SEMUT,Sequencial,-1,-1,LESTE\Barro_Vermelho_E_IMD_SEMUT,Sequencial,-1,-1,LESTE\Areia_Preta_E_IMD_SEMUT,Sequencial,-1,-1,LESTE\Alecrim_E_IMD_SEMUT,Sequencial,-1,-1;Insc_E "Insc_E" true true false 254 Text 0 0 ,First,#,LESTE\Tirol_E_IMD_SEMUT,Insc_E,-1,-1,LESTE\Santos_Reis_E_IMD_SEMUT,Insc_E,-1,-1,LESTE\Rocas_E_IMD_SEMUT,Insc_E,-1,-1,LESTE\Ribeira_E_IMD_SEMUT,Insc_E,-1,-1,LESTE\Praia_do_Meio_E_IMD_SEMUT,Insc_E,-1,-1,LESTE\Petropolis_E_IMD_SEMUT,Insc_E,-1,-1,LESTE\Mae_Luiza_E_IMD_SEMUT,Insc_E,-1,-1,LESTE\Lagoa_Seca_E_IMD_SEMUT,Insc_E,-1,-1,LESTE\Cidade_Alta_E_IMD_SEMUT,Insc_E,-1,-1,LESTE\Barro_Vermelho_E_IMD_SEMUT,Insc_E,-1,-1,LESTE\Areia_Preta_E_IMD_SEMUT,Insc_E,-1,-1,LESTE\Alecrim_E_IMD_SEMUT,Insc_E,-1,-1;AC_Total "AC_Total" true true false 16 Double 6 15 ,First,#,LESTE\Tirol_E_IMD_SEMUT,AC_Total,-1,-1,LESTE\Santos_Reis_E_IMD_SEMUT,AC_Total,-1,-1,LESTE\Rocas_E_IMD_SEMUT,AC_Total,-1,-1,LESTE\Ribeira_E_IMD_SEMUT,AC_Total,-1,-1,LESTE\Praia_do_Meio_E_IMD_SEMUT,AC_Total,-1,-1,LESTE\Petropolis_E_IMD_SEMUT,AC_Total,-1,-1,LESTE\Mae_Luiza_E_IMD_SEMUT,AC_Total,-1,-1,LESTE\Lagoa_Seca_E_IMD_SEMUT,AC_Total,-1,-1,LESTE\Cidade_Alta_E_IMD_SEMUT,AC_Total,-1,-1,LESTE\Barro_Vermelho_E_IMD_SEMUT,AC_Total,-1,-1,LESTE\Areia_Preta_E_IMD_SEMUT,AC_Total,-1,-1,LESTE\Alecrim_E_IMD_SEMUT,AC_Total,-1,-1;AC_Privati "AC_Privati" true true false 16 Double 6 15 ,First,#,LESTE\Tirol_E_IMD_SEMUT,AC_Privati,-1,-1,LESTE\Santos_Reis_E_IMD_SEMUT,AC_Privati,-1,-1,LESTE\Rocas_E_IMD_SEMUT,AC_Privati,-1,-1,LESTE\Ribeira_E_IMD_SEMUT,AC_Privati,-1,-1,LESTE\Praia_do_Meio_E_IMD_SEMUT,AC_Privati,-1,-1,LESTE\Petropolis_E_IMD_SEMUT,AC_Privati,-1,-1,LESTE\Mae_Luiza_E_IMD_SEMUT,AC_Privati,-1,-1,LESTE\Lagoa_Seca_E_IMD_SEMUT,AC_Privati,-1,-1,LESTE\Cidade_Alta_E_IMD_SEMUT,AC_Privati,-1,-1,LESTE\Barro_Vermelho_E_IMD_SEMUT,AC_Privati,-1,-1,LESTE\Areia_Preta_E_IMD_SEMUT,AC_Privati,-1,-1,LESTE\Alecrim_E_IMD_SEMUT,AC_Privati,-1,-1;N_Paviment "N_Paviment" true true false 16 Double 6 15 ,First,#,LESTE\Tirol_E_IMD_SEMUT,N_Paviment,-1,-1,LESTE\Santos_Reis_E_IMD_SEMUT,N_Paviment,-1,-1,LESTE\Rocas_E_IMD_SEMUT,N_Paviment,-1,-1,LESTE\Ribeira_E_IMD_SEMUT,N_Paviment,-1,-1,LESTE\Praia_do_Meio_E_IMD_SEMUT,N_Paviment,-1,-1,LESTE\Petropolis_E_IMD_SEMUT,N_Paviment,-1,-1,LESTE\Mae_Luiza_E_IMD_SEMUT,N_Paviment,-1,-1,LESTE\Lagoa_Seca_E_IMD_SEMUT,N_Paviment,-1,-1,LESTE\Cidade_Alta_E_IMD_SEMUT,N_Paviment,-1,-1,LESTE\Barro_Vermelho_E_IMD_SEMUT,N_Paviment,-1,-1,LESTE\Areia_Preta_E_IMD_SEMUT,N_Paviment,-1,-1,LESTE\Alecrim_E_IMD_SEMUT,N_Paviment,-1,-1;Utilizacao "Utilizacao" true true false 254 Text 0 0 ,First,#,LESTE\Tirol_E_IMD_SEMUT,Utilizacao,-1,-1,LESTE\Santos_Reis_E_IMD_SEMUT,Utilizacao,-1,-1,LESTE\Rocas_E_IMD_SEMUT,Utilizacao,-1,-1,LESTE\Ribeira_E_IMD_SEMUT,Utilizacao,-1,-1,LESTE\Praia_do_Meio_E_IMD_SEMUT,Utilizacao,-1,-1,LESTE\Petropolis_E_IMD_SEMUT,Utilizacao,-1,-1,LESTE\Mae_Luiza_E_IMD_SEMUT,Utilizacao,-1,-1,LESTE\Lagoa_Seca_E_IMD_SEMUT,Utilizacao,-1,-1,LESTE\Cidade_Alta_E_IMD_SEMUT,Utilizacao,-1,-1,LESTE\Barro_Vermelho_E_IMD_SEMUT,Utilizacao,-1,-1,LESTE\Areia_Preta_E_IMD_SEMUT,Utilizacao,-1,-1,LESTE\Alecrim_E_IMD_SEMUT,Utilizacao,-1,-1;Tipo "Tipo" true true false 254 Text 0 0 ,First,#,LESTE\Tirol_E_IMD_SEMUT,Tipo,-1,-1,LESTE\Santos_Reis_E_IMD_SEMUT,Tipo,-1,-1,LESTE\Rocas_E_IMD_SEMUT,Tipo,-1,-1,LESTE\Ribeira_E_IMD_SEMUT,Tipo,-1,-1,LESTE\Praia_do_Meio_E_IMD_SEMUT,Tipo,-1,-1,LESTE\Petropolis_E_IMD_SEMUT,Tipo,-1,-1,LESTE\Mae_Luiza_E_IMD_SEMUT,Tipo,-1,-1,LESTE\Lagoa_Seca_E_IMD_SEMUT,Tipo,-1,-1,LESTE\Cidade_Alta_E_IMD_SEMUT,Tipo,-1,-1,LESTE\Barro_Vermelho_E_IMD_SEMUT,Tipo,-1,-1,LESTE\Areia_Preta_E_IMD_SEMUT,Tipo,-1,-1,LESTE\Alecrim_E_IMD_SEMUT,Tipo,-1,-1;Nome "Nome" true true false 254 Text 0 0 ,First,#,LESTE\Tirol_E_IMD_SEMUT,Nome,-1,-1,LESTE\Santos_Reis_E_IMD_SEMUT,Nome,-1,-1,LESTE\Rocas_E_IMD_SEMUT,Nome,-1,-1,LESTE\Ribeira_E_IMD_SEMUT,Nome,-1,-1,LESTE\Praia_do_Meio_E_IMD_SEMUT,Nome,-1,-1,LESTE\Petropolis_E_IMD_SEMUT,Nome,-1,-1,LESTE\Mae_Luiza_E_IMD_SEMUT,Nome,-1,-1,LESTE\Lagoa_Seca_E_IMD_SEMUT,Nome,-1,-1,LESTE\Cidade_Alta_E_IMD_SEMUT,Nome,-1,-1,LESTE\Barro_Vermelho_E_IMD_SEMUT,Nome,-1,-1,LESTE\Areia_Preta_E_IMD_SEMUT,Nome,-1,-1,LESTE\Alecrim_E_IMD_SEMUT,Nome,-1,-1;Nº "Nº" true true false 254 Text 0 0 ,First,#,LESTE\Tirol_E_IMD_SEMUT,Nº,-1,-1,LESTE\Santos_Reis_E_IMD_SEMUT,Nº,-1,-1,LESTE\Rocas_E_IMD_SEMUT,Nº,-1,-1,LESTE\Ribeira_E_IMD_SEMUT,Nº,-1,-1,LESTE\Praia_do_Meio_E_IMD_SEMUT,Nº,-1,-1,LESTE\Petropolis_E_IMD_SEMUT,Nº,-1,-1,LESTE\Mae_Luiza_E_IMD_SEMUT,Nº,-1,-1,LESTE\Lagoa_Seca_E_IMD_SEMUT,Nº,-1,-1,LESTE\Cidade_Alta_E_IMD_SEMUT,Nº,-1,-1,LESTE\Barro_Vermelho_E_IMD_SEMUT,Nº,-1,-1,LESTE\Areia_Preta_E_IMD_SEMUT,Nº,-1,-1,LESTE\Alecrim_E_IMD_SEMUT,Nº,-1,-1;Complement "Complement" true true false 254 Text 0 0 ,First,#,LESTE\Tirol_E_IMD_SEMUT,Complement,-1,-1,LESTE\Santos_Reis_E_IMD_SEMUT,Complement,-1,-1,LESTE\Rocas_E_IMD_SEMUT,Complement,-1,-1,LESTE\Ribeira_E_IMD_SEMUT,Complement,-1,-1,LESTE\Praia_do_Meio_E_IMD_SEMUT,Complement,-1,-1,LESTE\Petropolis_E_IMD_SEMUT,Complement,-1,-1,LESTE\Mae_Luiza_E_IMD_SEMUT,Complement,-1,-1,LESTE\Lagoa_Seca_E_IMD_SEMUT,Complement,-1,-1,LESTE\Cidade_Alta_E_IMD_SEMUT,Complement,-1,-1,LESTE\Barro_Vermelho_E_IMD_SEMUT,Complement,-1,-1,LESTE\Areia_Preta_E_IMD_SEMUT,Complement,-1,-1,LESTE\Alecrim_E_IMD_SEMUT,Complement,-1,-1;Bairro "Bairro" true true false 254 Text 0 0 ,First,#,LESTE\Tirol_E_IMD_SEMUT,Bairro,-1,-1,LESTE\Santos_Reis_E_IMD_SEMUT,Bairro,-1,-1,LESTE\Rocas_E_IMD_SEMUT,Bairro,-1,-1,LESTE\Ribeira_E_IMD_SEMUT,Bairro,-1,-1,LESTE\Praia_do_Meio_E_IMD_SEMUT,Bairro,-1,-1,LESTE\Petropolis_E_IMD_SEMUT,Bairro,-1,-1,LESTE\Mae_Luiza_E_IMD_SEMUT,Bairro,-1,-1,LESTE\Lagoa_Seca_E_IMD_SEMUT,Bairro,-1,-1,LESTE\Cidade_Alta_E_IMD_SEMUT,Bairro,-1,-1,LESTE\Barro_Vermelho_E_IMD_SEMUT,Bairro,-1,-1,LESTE\Areia_Preta_E_IMD_SEMUT,Bairro,-1,-1,LESTE\Alecrim_E_IMD_SEMUT,Bairro,-1,-1;CEP "CEP" true true false 254 Text 0 0 ,First,#,LESTE\Tirol_E_IMD_SEMUT,CEP,-1,-1,LESTE\Santos_Reis_E_IMD_SEMUT,CEP,-1,-1,LESTE\Rocas_E_IMD_SEMUT,CEP,-1,-1,LESTE\Ribeira_E_IMD_SEMUT,CEP,-1,-1,LESTE\Praia_do_Meio_E_IMD_SEMUT,CEP,-1,-1,LESTE\Petropolis_E_IMD_SEMUT,CEP,-1,-1,LESTE\Mae_Luiza_E_IMD_SEMUT,CEP,-1,-1,LESTE\Lagoa_Seca_E_IMD_SEMUT,CEP,-1,-1,LESTE\Cidade_Alta_E_IMD_SEMUT,CEP,-1,-1,LESTE\Barro_Vermelho_E_IMD_SEMUT,CEP,-1,-1,LESTE\Areia_Preta_E_IMD_SEMUT,CEP,-1,-1,LESTE\Alecrim_E_IMD_SEMUT,CEP,-1,-1"</Process><Process ToolSource="c:\program files (x86)\arcgis\desktop10.0\ArcToolbox\Toolboxes\Data Management Tools.tbx\Merge" Date="20170927" Time="112248">Merge ZL_E;ZS_E;ZN_E;ZO_E "P:\SSG\SSG_SIRGAS 2000\PARCELAMENTO SHAPE\IMD\NATAL\Natal_E_IMD_SEMUT.shp" "Sequencial "Sequencial" true true false 254 Text 0 0 ,First,#,ZL_E,Sequencial,-1,-1,ZS_E,Sequencial,-1,-1,ZN_E,Sequencial,-1,-1,ZO_E,Sequencial,-1,-1;Insc_E "Insc_E" true true false 254 Text 0 0 ,First,#,ZL_E,Insc_E,-1,-1,ZS_E,Insc_E,-1,-1,ZN_E,Insc_E,-1,-1,ZO_E,Insc_E,-1,-1;AC_Total "AC_Total" true true false 16 Double 6 15 ,First,#,ZL_E,AC_Total,-1,-1,ZS_E,AC_Total,-1,-1,ZN_E,AC_Total,-1,-1,ZO_E,AC_Total,-1,-1;AC_Privati "AC_Privati" true true false 16 Double 6 15 ,First,#,ZL_E,AC_Privati,-1,-1,ZS_E,AC_Privati,-1,-1,ZN_E,AC_Privati,-1,-1,ZO_E,AC_Privati,-1,-1;N_Paviment "N_Paviment" true true false 16 Double 6 15 ,First,#,ZL_E,N_Paviment,-1,-1,ZS_E,N_Paviment,-1,-1,ZN_E,N_Paviment,-1,-1,ZO_E,N_Paviment,-1,-1;Utilizacao "Utilizacao" true true false 254 Text 0 0 ,First,#,ZL_E,Utilizacao,-1,-1,ZS_E,Utilizacao,-1,-1,ZN_E,Utilizacao,-1,-1,ZO_E,Utilizacao,-1,-1;Tipo "Tipo" true true false 254 Text 0 0 ,First,#,ZL_E,Tipo,-1,-1,ZS_E,Tipo,-1,-1,ZN_E,Tipo,-1,-1,ZO_E,Tipo,-1,-1;Nome "Nome" true true false 254 Text 0 0 ,First,#,ZL_E,Nome,-1,-1,ZS_E,Nome,-1,-1,ZN_E,Nome,-1,-1,ZO_E,Nome,-1,-1;Nº "Nº" true true false 254 Text 0 0 ,First,#,ZL_E,Nº,-1,-1,ZS_E,Nº,-1,-1,ZN_E,Nº,-1,-1,ZO_E,Nº,-1,-1;Complement "Complement" true true false 254 Text 0 0 ,First,#,ZL_E,Complement,-1,-1,ZS_E,Complement,-1,-1,ZN_E,Complement,-1,-1,ZO_E,Complement,-1,-1;Bairro "Bairro" true true false 254 Text 0 0 ,First,#,ZL_E,Bairro,-1,-1,ZS_E,Bairro,-1,-1,ZN_E,Bairro,-1,-1,ZO_E,Bairro,-1,-1;CEP "CEP" true true false 254 Text 0 0 ,First,#,ZL_E,CEP,-1,-1,ZS_E,CEP,-1,-1,ZN_E,CEP,-1,-1,ZO_E,CEP,-1,-1"</Process></lineage></DataProperties><SyncDate>20170927</SyncDate><SyncTime>11175500</SyncTime><ModDate>20170927</ModDate><ModTime>11175500</ModTime></Esri><dataIdInfo><envirDesc Sync="TRUE"> Version 6.2 (Build 9200) ; ESRI ArcGIS 10.0.5.4400</envirDesc><dataLang><languageCode value="por" Sync="TRUE"></languageCode><countryCode value="BRA" Sync="TRUE"></countryCode></dataLang><idCitation><resTitle Sync="TRUE">Natal_E_IMD_SEMUT</resTitle><presForm><PresFormCd value="005" Sync="TRUE"></PresFormCd></presForm></idCitation><spatRpType><SpatRepTypCd value="001" Sync="TRUE"></SpatRepTypCd></spatRpType></dataIdInfo><mdLang><languageCode value="por" Sync="TRUE"></languageCode><countryCode value="BRA" Sync="TRUE"></countryCode></mdLang><mdChar><CharSetCd value="004" Sync="TRUE"></CharSetCd></mdChar><distInfo><distFormat><formatName Sync="TRUE">Shapefile</formatName></distFormat><distTranOps><transSize Sync="TRUE">0.000</transSize></distTranOps></distInfo><mdHrLv><ScopeCd value="005" Sync="TRUE"></ScopeCd></mdHrLv><mdHrLvName Sync="TRUE">dataset</mdHrLvName><refSysInfo><RefSystem><refSysID><identCode code="0" Sync="TRUE" value="0"></identCode></refSysID></RefSystem></refSysInfo><spatRepInfo><VectSpatRep><geometObjs Name="Natal_E_IMD_SEMUT"><geoObjTyp><GeoObjTypCd value="002" Sync="TRUE"></GeoObjTypCd></geoObjTyp><geoObjCnt Sync="TRUE">0</geoObjCnt></geometObjs><topLvl><TopoLevCd value="001" Sync="TRUE"></TopoLevCd></topLvl></VectSpatRep></spatRepInfo><spdoinfo><ptvctinf><esriterm><efeatyp Sync="TRUE">Simple</efeatyp><efeageom code="4" Sync="TRUE"></efeageom><esritopo Sync="TRUE">FALSE</esritopo><efeacnt Sync="TRUE">0</efeacnt><spindex Sync="TRUE">FALSE</spindex><linrefer Sync="TRUE">TRUE</linrefer></esriterm></ptvctinf></spdoinfo><eainfo><detailed Name="Natal_E_IMD_SEMUT"><enttyp><enttypl Sync="TRUE">Natal_E_IMD_SEMUT</enttypl><enttypt Sync="TRUE">Feature Class</enttypt><enttypc Sync="TRUE">0</enttypc></enttyp><attr><attrlabl Sync="TRUE">FID</attrlabl><attalias Sync="TRUE">FID</attalias><attrtype Sync="TRUE">OID</attrtype><attwidth Sync="TRUE">4</attwidth><atprecis Sync="TRUE">0</atprecis><attscale Sync="TRUE">0</attscale><attrdef Sync="TRUE">Internal feature number.</attrdef><attrdefs Sync="TRUE">ESRI</attrdefs><attrdomv><udom Sync="TRUE">Sequential unique whole numbers that are automatically generated.</udom></attrdomv></attr><attr><attrlabl Sync="TRUE">Shape</attrlabl><attalias Sync="TRUE">Shape</attalias><attrtype Sync="TRUE">Geometry</attrtype><attwidth Sync="TRUE">0</attwidth><atprecis Sync="TRUE">0</atprecis><attscale Sync="TRUE">0</attscale><attrdef Sync="TRUE">Feature geometry.</attrdef><attrdefs Sync="TRUE">ESRI</attrdefs><attrdomv><udom Sync="TRUE">Coordinates defining the features.</udom></attrdomv></attr><attr><attrlabl Sync="TRUE">Sequencial</attrlabl><attalias Sync="TRUE">Sequencial</attalias><attrtype Sync="TRUE">String</attrtype><attwidth Sync="TRUE">254</attwidth><atprecis Sync="TRUE">0</atprecis><attscale Sync="TRUE">0</attscale></attr><attr><attrlabl Sync="TRUE">Insc_E</attrlabl><attalias Sync="TRUE">Insc_E</attalias><attrtype Sync="TRUE">String</attrtype><attwidth Sync="TRUE">254</attwidth><atprecis Sync="TRUE">0</atprecis><attscale Sync="TRUE">0</attscale></attr><attr><attrlabl Sync="TRUE">AC_Total</attrlabl><attalias Sync="TRUE">AC_Total</attalias><attrtype Sync="TRUE">Double</attrtype><attwidth Sync="TRUE">16</attwidth><atprecis Sync="TRUE">15</atprecis><attscale Sync="TRUE">6</attscale></attr><attr><attrlabl Sync="TRUE">AC_Privati</attrlabl><attalias Sync="TRUE">AC_Privati</attalias><attrtype Sync="TRUE">Double</attrtype><attwidth Sync="TRUE">16</attwidth><atprecis Sync="TRUE">15</atprecis><attscale Sync="TRUE">6</attscale></attr><attr><attrlabl Sync="TRUE">N_Paviment</attrlabl><attalias Sync="TRUE">N_Paviment</attalias><attrtype Sync="TRUE">Double</attrtype><attwidth Sync="TRUE">16</attwidth><atprecis Sync="TRUE">15</atprecis><attscale Sync="TRUE">6</attscale></attr><attr><attrlabl Sync="TRUE">Utilizacao</attrlabl><attalias Sync="TRUE">Utilizacao</attalias><attrtype Sync="TRUE">String</attrtype><attwidth Sync="TRUE">254</attwidth><atprecis Sync="TRUE">0</atprecis><attscale Sync="TRUE">0</attscale></attr><attr><attrlabl Sync="TRUE">Tipo</attrlabl><attalias Sync="TRUE">Tipo</attalias><attrtype Sync="TRUE">String</attrtype><attwidth Sync="TRUE">254</attwidth><atprecis Sync="TRUE">0</atprecis><attscale Sync="TRUE">0</attscale></attr><attr><attrlabl Sync="TRUE">Nome</attrlabl><attalias Sync="TRUE">Nome</attalias><attrtype Sync="TRUE">String</attrtype><attwidth Sync="TRUE">254</attwidth><atprecis Sync="TRUE">0</atprecis><attscale Sync="TRUE">0</attscale></attr><attr><attrlabl Sync="TRUE">Nº</attrlabl><attalias Sync="TRUE">Nº</attalias><attrtype Sync="TRUE">String</attrtype><attwidth Sync="TRUE">254</attwidth><atprecis Sync="TRUE">0</atprecis><attscale Sync="TRUE">0</attscale></attr><attr><attrlabl Sync="TRUE">Complement</attrlabl><attalias Sync="TRUE">Complement</attalias><attrtype Sync="TRUE">String</attrtype><attwidth Sync="TRUE">254</attwidth><atprecis Sync="TRUE">0</atprecis><attscale Sync="TRUE">0</attscale></attr><attr><attrlabl Sync="TRUE">Bairro</attrlabl><attalias Sync="TRUE">Bairro</attalias><attrtype Sync="TRUE">String</attrtype><attwidth Sync="TRUE">254</attwidth><atprecis Sync="TRUE">0</atprecis><attscale Sync="TRUE">0</attscale></attr><attr><attrlabl Sync="TRUE">CEP</attrlabl><attalias Sync="TRUE">CEP</attalias><attrtype Sync="TRUE">String</attrtype><attwidth Sync="TRUE">254</attwidth><atprecis Sync="TRUE">0</atprecis><attscale Sync="TRUE">0</attscale></attr></detailed></eainfo><mdDateSt Sync="TRUE">20170927</mdDateSt></metadata>
