<metadata xml:lang="pt"><Esri><CreaDate>20180416</CreaDate><CreaTime>09133900</CreaTime><ArcGISFormat>1.0</ArcGISFormat><SyncOnce>FALSE</SyncOnce><DataProperties><lineage><Process ToolSource="c:\program files (x86)\arcgis\desktop10.6\ArcToolbox\Toolboxes\Data Management Tools.tbx\CalculateField" Date="20180416" Time="091339">CalculateField "Base Fiscal Txt\BF Nro Imovel" SETOR 1 VB #</Process><Process ToolSource="c:\program files (x86)\arcgis\desktop10.6\ArcToolbox\Toolboxes\Data Management Tools.tbx\CalculateField" Date="20180507" Time="153224">CalculateField "Base Fiscal Txt\BF Nro Imovel" SETOR 1 VB #</Process><Process ToolSource="c:\program files (x86)\arcgis\desktop10.6\ArcToolbox\Toolboxes\Data Management Tools.tbx\CalculateField" Date="20180507" Time="153544">CalculateField "Base Fiscal Txt\BF Nro Imovel" SETOR 2 VB #</Process><Process ToolSource="c:\program files (x86)\arcgis\desktop10.6\ArcToolbox\Toolboxes\Data Management Tools.tbx\CalculateField" Date="20180618" Time="172248">CalculateField "BF Txt\BF Nro Imovel" SETOR 3 VB #</Process><Process ToolSource="c:\program files (x86)\arcgis\desktop10.6\ArcToolbox\Toolboxes\Data Management Tools.tbx\CalculateField" Date="20180618" Time="172253">CalculateField "BF Txt\BF Nro Imovel" QUARTEIRAO 44 VB #</Process><Process ToolSource="c:\program files (x86)\arcgis\desktop10.6\ArcToolbox\Toolboxes\Data Management Tools.tbx\CalculateField" Date="20190828" Time="111115">CalculateField "BF Txt\BF Nro Imovel" QUARTEIRAO 1 VB #</Process><Process ToolSource="c:\program files (x86)\arcgis\desktop10.6\ArcToolbox\Toolboxes\Data Management Tools.tbx\CalculateField" Date="20190828" Time="111204">CalculateField "BF Txt\BF Nro Imovel" SETOR 2 VB #</Process><Process ToolSource="c:\program files (x86)\arcgis\desktop10.6\ArcToolbox\Toolboxes\Data Management Tools.tbx\CalculateField" Date="20190828" Time="111209">CalculateField "BF Txt\BF Nro Imovel" QUARTEIRAO 3 VB #</Process><Process ToolSource="c:\program files (x86)\arcgis\desktop10.6\ArcToolbox\Toolboxes\Data Management Tools.tbx\CalculateField" Date="20190828" Time="111348">CalculateField "BF Txt\BF Nro Imovel" SETOR 2 VB #</Process><Process ToolSource="c:\program files (x86)\arcgis\desktop10.6\ArcToolbox\Toolboxes\Data Management Tools.tbx\CalculateField" Date="20190828" Time="111354">CalculateField "BF Txt\BF Nro Imovel" QUARTEIRAO 6 VB #</Process><Process ToolSource="c:\program files (x86)\arcgis\desktop10.6\ArcToolbox\Toolboxes\Data Management Tools.tbx\CalculateField" Date="20190828" Time="111455">CalculateField "BF Txt\BF Nro Imovel" SETOR 2 VB #</Process><Process ToolSource="c:\program files (x86)\arcgis\desktop10.6\ArcToolbox\Toolboxes\Data Management Tools.tbx\CalculateField" Date="20190828" Time="111500">CalculateField "BF Txt\BF Nro Imovel" QUARTEIRAO 9 VB #</Process><Process ToolSource="c:\program files (x86)\arcgis\desktop10.6\ArcToolbox\Toolboxes\Conversion Tools.tbx\FeatureClassToFeatureClass" Date="20200714" Time="102640">FeatureClassToFeatureClass "Database Connections\GEOFLEX.sde\GEOSMFAGP.BASE_FISCAL_TXT\GEOSMFAGP.BF_NRO_IMOVEL" C:\Users\ricardo.scuiciato\Downloads\NUM_SMF NRO_IMOVEL.shp # "FEATUREID "FEATUREID" true true true 4 Long 0 10 ,First,#,Database Connections\GEOFLEX.sde\GEOSMFAGP.BASE_FISCAL_TXT\GEOSMFAGP.BF_NRO_IMOVEL,FEATUREID,-1,-1;ZORDER "ZORDER" true true true 4 Long 0 10 ,First,#,Database Connections\GEOFLEX.sde\GEOSMFAGP.BASE_FISCAL_TXT\GEOSMFAGP.BF_NRO_IMOVEL,ZORDER,-1,-1;ANNOTATION "ANNOTATION" true true true 4 Long 0 10 ,First,#,Database Connections\GEOFLEX.sde\GEOSMFAGP.BASE_FISCAL_TXT\GEOSMFAGP.BF_NRO_IMOVEL,ANNOTATIONCLASSID,-1,-1;ELEMENT "ELEMENT" true true true 0 Blob 0 0 ,First,#,Database Connections\GEOFLEX.sde\GEOSMFAGP.BASE_FISCAL_TXT\GEOSMFAGP.BF_NRO_IMOVEL,ELEMENT,-1,-1;SYMBOLID "SYMBOLID" true true true 4 Long 0 10 ,First,#,Database Connections\GEOFLEX.sde\GEOSMFAGP.BASE_FISCAL_TXT\GEOSMFAGP.BF_NRO_IMOVEL,SYMBOLID,-1,-1;STATUS "STATUS" true true true 2 Short 0 5 ,First,#,Database Connections\GEOFLEX.sde\GEOSMFAGP.BASE_FISCAL_TXT\GEOSMFAGP.BF_NRO_IMOVEL,STATUS,-1,-1;TEXTSTRING "TEXTSTRING" true true false 255 Text 0 0 ,First,#,Database Connections\GEOFLEX.sde\GEOSMFAGP.BASE_FISCAL_TXT\GEOSMFAGP.BF_NRO_IMOVEL,TEXTSTRING,-1,-1;FONTNAME "FONTNAME" true true false 255 Text 0 0 ,First,#,Database Connections\GEOFLEX.sde\GEOSMFAGP.BASE_FISCAL_TXT\GEOSMFAGP.BF_NRO_IMOVEL,FONTNAME,-1,-1;FONTSIZE "FONTSIZE" true true false 8 Double 8 38 ,First,#,Database Connections\GEOFLEX.sde\GEOSMFAGP.BASE_FISCAL_TXT\GEOSMFAGP.BF_NRO_IMOVEL,FONTSIZE,-1,-1;BOLD "BOLD" true true false 2 Short 0 5 ,First,#,Database Connections\GEOFLEX.sde\GEOSMFAGP.BASE_FISCAL_TXT\GEOSMFAGP.BF_NRO_IMOVEL,BOLD,-1,-1;ITALIC "ITALIC" true true false 2 Short 0 5 ,First,#,Database Connections\GEOFLEX.sde\GEOSMFAGP.BASE_FISCAL_TXT\GEOSMFAGP.BF_NRO_IMOVEL,ITALIC,-1,-1;UNDERLINE "UNDERLINE" true true false 2 Short 0 5 ,First,#,Database Connections\GEOFLEX.sde\GEOSMFAGP.BASE_FISCAL_TXT\GEOSMFAGP.BF_NRO_IMOVEL,UNDERLINE,-1,-1;VERTICALAL "VERTICALAL" true true false 2 Short 0 5 ,First,#,Database Connections\GEOFLEX.sde\GEOSMFAGP.BASE_FISCAL_TXT\GEOSMFAGP.BF_NRO_IMOVEL,VERTICALALIGNMENT,-1,-1;HORIZONTAL "HORIZONTAL" true true false 2 Short 0 5 ,First,#,Database Connections\GEOFLEX.sde\GEOSMFAGP.BASE_FISCAL_TXT\GEOSMFAGP.BF_NRO_IMOVEL,HORIZONTALALIGNMENT,-1,-1;XOFFSET "XOFFSET" true true false 8 Double 8 38 ,First,#,Database Connections\GEOFLEX.sde\GEOSMFAGP.BASE_FISCAL_TXT\GEOSMFAGP.BF_NRO_IMOVEL,XOFFSET,-1,-1;YOFFSET "YOFFSET" true true false 8 Double 8 38 ,First,#,Database Connections\GEOFLEX.sde\GEOSMFAGP.BASE_FISCAL_TXT\GEOSMFAGP.BF_NRO_IMOVEL,YOFFSET,-1,-1;ANGLE "ANGLE" true true false 8 Double 8 38 ,First,#,Database Connections\GEOFLEX.sde\GEOSMFAGP.BASE_FISCAL_TXT\GEOSMFAGP.BF_NRO_IMOVEL,ANGLE,-1,-1;FONTLEADIN "FONTLEADIN" true true false 8 Double 8 38 ,First,#,Database Connections\GEOFLEX.sde\GEOSMFAGP.BASE_FISCAL_TXT\GEOSMFAGP.BF_NRO_IMOVEL,FONTLEADING,-1,-1;WORDSPACIN "WORDSPACIN" true true false 8 Double 8 38 ,First,#,Database Connections\GEOFLEX.sde\GEOSMFAGP.BASE_FISCAL_TXT\GEOSMFAGP.BF_NRO_IMOVEL,WORDSPACING,-1,-1;CHARACTERW "CHARACTERW" true true false 8 Double 8 38 ,First,#,Database Connections\GEOFLEX.sde\GEOSMFAGP.BASE_FISCAL_TXT\GEOSMFAGP.BF_NRO_IMOVEL,CHARACTERWIDTH,-1,-1;CHARACTERS "CHARACTERS" true true false 8 Double 8 38 ,First,#,Database Connections\GEOFLEX.sde\GEOSMFAGP.BASE_FISCAL_TXT\GEOSMFAGP.BF_NRO_IMOVEL,CHARACTERSPACING,-1,-1;FLIPANGLE "FLIPANGLE" true true false 8 Double 8 38 ,First,#,Database Connections\GEOFLEX.sde\GEOSMFAGP.BASE_FISCAL_TXT\GEOSMFAGP.BF_NRO_IMOVEL,FLIPANGLE,-1,-1;OVERRIDE "OVERRIDE" false true false 4 Long 0 10 ,First,#,Database Connections\GEOFLEX.sde\GEOSMFAGP.BASE_FISCAL_TXT\GEOSMFAGP.BF_NRO_IMOVEL,OVERRIDE,-1,-1;SETOR "SETOR" true true false 4 Long 0 10 ,First,#,Database Connections\GEOFLEX.sde\GEOSMFAGP.BASE_FISCAL_TXT\GEOSMFAGP.BF_NRO_IMOVEL,SETOR,-1,-1;QUARTEIRAO "QUARTEIRAO" true true false 4 Long 0 10 ,First,#,Database Connections\GEOFLEX.sde\GEOSMFAGP.BASE_FISCAL_TXT\GEOSMFAGP.BF_NRO_IMOVEL,QUARTEIRAO,-1,-1;SE_ANNO_CA "SE_ANNO_CA" true true false 0 Blob 0 0 ,First,#,Database Connections\GEOFLEX.sde\GEOSMFAGP.BASE_FISCAL_TXT\GEOSMFAGP.BF_NRO_IMOVEL,SE_ANNO_CAD_DATA,-1,-1;CREATED_US "CREATED_US" false true false 255 Text 0 0 ,First,#,Database Connections\GEOFLEX.sde\GEOSMFAGP.BASE_FISCAL_TXT\GEOSMFAGP.BF_NRO_IMOVEL,CREATED_USER,-1,-1;CREATED_DA "CREATED_DA" false true false 8 Date 0 0 ,First,#,Database Connections\GEOFLEX.sde\GEOSMFAGP.BASE_FISCAL_TXT\GEOSMFAGP.BF_NRO_IMOVEL,CREATED_DATE,-1,-1;LAST_EDITE "LAST_EDITE" false true false 255 Text 0 0 ,First,#,Database Connections\GEOFLEX.sde\GEOSMFAGP.BASE_FISCAL_TXT\GEOSMFAGP.BF_NRO_IMOVEL,LAST_EDITED_USER,-1,-1;LAST_EDI_1 "LAST_EDI_1" false true false 8 Date 0 0 ,First,#,Database Connections\GEOFLEX.sde\GEOSMFAGP.BASE_FISCAL_TXT\GEOSMFAGP.BF_NRO_IMOVEL,LAST_EDITED_DATE,-1,-1;SHAPE_AREA "SHAPE_AREA" false false true 0 Double 0 0 ,First,#,Database Connections\GEOFLEX.sde\GEOSMFAGP.BASE_FISCAL_TXT\GEOSMFAGP.BF_NRO_IMOVEL,SHAPE.AREA,-1,-1;SHAPE_LEN "SHAPE_LEN" false false true 0 Double 0 0 ,First,#,Database Connections\GEOFLEX.sde\GEOSMFAGP.BASE_FISCAL_TXT\GEOSMFAGP.BF_NRO_IMOVEL,SHAPE.LEN,-1,-1" #</Process></lineage><itemProps><itemName Sync="TRUE">NRO_IMOVEL</itemName><imsContentType Sync="TRUE">002</imsContentType><itemSize Sync="TRUE">0.000</itemSize><itemLocation><linkage Sync="TRUE">file://\\SMURB-GEO_10\C$\Users\ricardo.scuiciato\Downloads\NUM_SMF\NRO_IMOVEL.shp</linkage><protocol Sync="TRUE">Local Area Network</protocol></itemLocation></itemProps><coordRef><type Sync="TRUE">Projected</type><geogcsn Sync="TRUE">GCS_SIRGAS_2000</geogcsn><csUnits Sync="TRUE">Linear Unit: Meter (1.000000)</csUnits><projcsn Sync="TRUE">TM-POA</projcsn><peXml Sync="TRUE">&lt;ProjectedCoordinateSystem xsi:type='typens:ProjectedCoordinateSystem' xmlns:xsi='http://www.w3.org/2001/XMLSchema-instance' xmlns:xs='http://www.w3.org/2001/XMLSchema' xmlns:typens='http://www.esri.com/schemas/ArcGIS/10.6'&gt;&lt;WKT&gt;PROJCS[&amp;quot;TM-POA&amp;quot;,GEOGCS[&amp;quot;GCS_SIRGAS_2000&amp;quot;,DATUM[&amp;quot;D_SIRGAS_2000&amp;quot;,SPHEROID[&amp;quot;GRS_1980&amp;quot;,6378137.0,298.257222101]],PRIMEM[&amp;quot;Greenwich&amp;quot;,0.0],UNIT[&amp;quot;Degree&amp;quot;,0.0174532925199433]],PROJECTION[&amp;quot;Transverse_Mercator&amp;quot;],PARAMETER[&amp;quot;False_Easting&amp;quot;,300000.0],PARAMETER[&amp;quot;False_Northing&amp;quot;,5000000.0],PARAMETER[&amp;quot;Central_Meridian&amp;quot;,-51.0],PARAMETER[&amp;quot;Scale_Factor&amp;quot;,0.999995],PARAMETER[&amp;quot;Latitude_Of_Origin&amp;quot;,0.0],UNIT[&amp;quot;Meter&amp;quot;,1.0]]&lt;/WKT&gt;&lt;XOrigin&gt;-5323100&lt;/XOrigin&gt;&lt;YOrigin&gt;-5002100&lt;/YOrigin&gt;&lt;XYScale&gt;450265407.00157917&lt;/XYScale&gt;&lt;ZOrigin&gt;-100000&lt;/ZOrigin&gt;&lt;ZScale&gt;10000&lt;/ZScale&gt;&lt;MOrigin&gt;-100000&lt;/MOrigin&gt;&lt;MScale&gt;10000&lt;/MScale&gt;&lt;XYTolerance&gt;0.001&lt;/XYTolerance&gt;&lt;ZTolerance&gt;0.001&lt;/ZTolerance&gt;&lt;MTolerance&gt;0.001&lt;/MTolerance&gt;&lt;HighPrecision&gt;true&lt;/HighPrecision&gt;&lt;/ProjectedCoordinateSystem&gt;</peXml></coordRef></DataProperties><SyncDate>20200714</SyncDate><SyncTime>10201400</SyncTime><ModDate>20200714</ModDate><ModTime>10201400</ModTime></Esri><dataIdInfo><envirDesc Sync="TRUE">Microsoft Windows 7 Version 6.1 (Build 7601) Service Pack 1; Esri ArcGIS 10.6.0.8321</envirDesc><dataLang><languageCode value="por" Sync="TRUE"></languageCode><countryCode value="BRA" Sync="TRUE"></countryCode></dataLang><idCitation><resTitle Sync="TRUE">NRO_IMOVEL</resTitle><presForm><PresFormCd value="005" Sync="TRUE"></PresFormCd></presForm></idCitation><spatRpType><SpatRepTypCd value="001" Sync="TRUE"></SpatRepTypCd></spatRpType></dataIdInfo><mdLang><languageCode value="por" Sync="TRUE"></languageCode><countryCode value="BRA" Sync="TRUE"></countryCode></mdLang><distInfo><distFormat><formatName Sync="TRUE">Shapefile</formatName></distFormat><distTranOps><transSize Sync="TRUE">0.000</transSize></distTranOps></distInfo><mdHrLv><ScopeCd value="005" Sync="TRUE"></ScopeCd></mdHrLv><mdHrLvName Sync="TRUE">dataset</mdHrLvName><refSysInfo><RefSystem><refSysID><identCode code="0" Sync="TRUE"></identCode></refSysID></RefSystem></refSysInfo><spatRepInfo><VectSpatRep><geometObjs Name="NRO_IMOVEL"><geoObjTyp><GeoObjTypCd value="002" Sync="TRUE"></GeoObjTypCd></geoObjTyp><geoObjCnt Sync="TRUE">0</geoObjCnt></geometObjs><topLvl><TopoLevCd value="001" Sync="TRUE"></TopoLevCd></topLvl></VectSpatRep></spatRepInfo><spdoinfo><ptvctinf><esriterm Name="NRO_IMOVEL"><efeatyp Sync="TRUE">Simple</efeatyp><efeageom code="4" Sync="TRUE"></efeageom><esritopo Sync="TRUE">FALSE</esritopo><efeacnt Sync="TRUE">0</efeacnt><spindex Sync="TRUE">FALSE</spindex><linrefer Sync="TRUE">FALSE</linrefer></esriterm></ptvctinf></spdoinfo><eainfo><detailed Name="NRO_IMOVEL"><enttyp><enttypl Sync="TRUE">NRO_IMOVEL</enttypl><enttypt Sync="TRUE">Feature Class</enttypt><enttypc Sync="TRUE">0</enttypc></enttyp><attr><attrlabl Sync="TRUE">FID</attrlabl><attalias Sync="TRUE">FID</attalias><attrtype Sync="TRUE">OID</attrtype><attwidth Sync="TRUE">4</attwidth><atprecis Sync="TRUE">0</atprecis><attscale Sync="TRUE">0</attscale><attrdef Sync="TRUE">Internal feature number.</attrdef><attrdefs Sync="TRUE">Esri</attrdefs><attrdomv><udom Sync="TRUE">Sequential unique whole numbers that are automatically generated.</udom></attrdomv></attr><attr><attrlabl Sync="TRUE">Shape</attrlabl><attalias Sync="TRUE">Shape</attalias><attrtype Sync="TRUE">Geometry</attrtype><attwidth Sync="TRUE">0</attwidth><atprecis Sync="TRUE">0</atprecis><attscale Sync="TRUE">0</attscale><attrdef Sync="TRUE">Feature geometry.</attrdef><attrdefs Sync="TRUE">Esri</attrdefs><attrdomv><udom Sync="TRUE">Coordinates defining the features.</udom></attrdomv></attr><attr><attrlabl Sync="TRUE">FEATUREID</attrlabl><attalias Sync="TRUE">FEATUREID</attalias><attrtype Sync="TRUE">Integer</attrtype><attwidth Sync="TRUE">10</attwidth><atprecis Sync="TRUE">10</atprecis><attscale Sync="TRUE">0</attscale></attr><attr><attrlabl Sync="TRUE">ZORDER</attrlabl><attalias Sync="TRUE">ZORDER</attalias><attrtype Sync="TRUE">Integer</attrtype><attwidth Sync="TRUE">10</attwidth><atprecis Sync="TRUE">10</atprecis><attscale Sync="TRUE">0</attscale></attr><attr><attrlabl Sync="TRUE">ANNOTATION</attrlabl><attalias Sync="TRUE">ANNOTATION</attalias><attrtype Sync="TRUE">Integer</attrtype><attwidth Sync="TRUE">10</attwidth><atprecis Sync="TRUE">10</atprecis><attscale Sync="TRUE">0</attscale></attr><attr><attrlabl Sync="TRUE">SYMBOLID</attrlabl><attalias Sync="TRUE">SYMBOLID</attalias><attrtype Sync="TRUE">Integer</attrtype><attwidth Sync="TRUE">10</attwidth><atprecis Sync="TRUE">10</atprecis><attscale Sync="TRUE">0</attscale></attr><attr><attrlabl Sync="TRUE">STATUS</attrlabl><attalias Sync="TRUE">STATUS</attalias><attrtype Sync="TRUE">Integer</attrtype><attwidth Sync="TRUE">5</attwidth><atprecis Sync="TRUE">5</atprecis><attscale Sync="TRUE">0</attscale></attr><attr><attrlabl Sync="TRUE">TEXTSTRING</attrlabl><attalias Sync="TRUE">TEXTSTRING</attalias><attrtype Sync="TRUE">String</attrtype><attwidth Sync="TRUE">254</attwidth><atprecis Sync="TRUE">0</atprecis><attscale Sync="TRUE">0</attscale></attr><attr><attrlabl Sync="TRUE">FONTNAME</attrlabl><attalias Sync="TRUE">FONTNAME</attalias><attrtype Sync="TRUE">String</attrtype><attwidth Sync="TRUE">254</attwidth><atprecis Sync="TRUE">0</atprecis><attscale Sync="TRUE">0</attscale></attr><attr><attrlabl Sync="TRUE">FONTSIZE</attrlabl><attalias Sync="TRUE">FONTSIZE</attalias><attrtype Sync="TRUE">Double</attrtype><attwidth Sync="TRUE">19</attwidth><atprecis Sync="TRUE">0</atprecis><attscale Sync="TRUE">0</attscale></attr><attr><attrlabl Sync="TRUE">BOLD</attrlabl><attalias Sync="TRUE">BOLD</attalias><attrtype Sync="TRUE">Integer</attrtype><attwidth Sync="TRUE">5</attwidth><atprecis Sync="TRUE">5</atprecis><attscale Sync="TRUE">0</attscale></attr><attr><attrlabl Sync="TRUE">ITALIC</attrlabl><attalias Sync="TRUE">ITALIC</attalias><attrtype Sync="TRUE">Integer</attrtype><attwidth Sync="TRUE">5</attwidth><atprecis Sync="TRUE">5</atprecis><attscale Sync="TRUE">0</attscale></attr><attr><attrlabl Sync="TRUE">UNDERLINE</attrlabl><attalias Sync="TRUE">UNDERLINE</attalias><attrtype Sync="TRUE">Integer</attrtype><attwidth Sync="TRUE">5</attwidth><atprecis Sync="TRUE">5</atprecis><attscale Sync="TRUE">0</attscale></attr><attr><attrlabl Sync="TRUE">VERTICALAL</attrlabl><attalias Sync="TRUE">VERTICALAL</attalias><attrtype Sync="TRUE">Integer</attrtype><attwidth Sync="TRUE">5</attwidth><atprecis Sync="TRUE">5</atprecis><attscale Sync="TRUE">0</attscale></attr><attr><attrlabl Sync="TRUE">HORIZONTAL</attrlabl><attalias Sync="TRUE">HORIZONTAL</attalias><attrtype Sync="TRUE">Integer</attrtype><attwidth Sync="TRUE">5</attwidth><atprecis Sync="TRUE">5</atprecis><attscale Sync="TRUE">0</attscale></attr><attr><attrlabl Sync="TRUE">XOFFSET</attrlabl><attalias Sync="TRUE">XOFFSET</attalias><attrtype Sync="TRUE">Double</attrtype><attwidth Sync="TRUE">19</attwidth><atprecis Sync="TRUE">0</atprecis><attscale Sync="TRUE">0</attscale></attr><attr><attrlabl Sync="TRUE">YOFFSET</attrlabl><attalias Sync="TRUE">YOFFSET</attalias><attrtype Sync="TRUE">Double</attrtype><attwidth Sync="TRUE">19</attwidth><atprecis Sync="TRUE">0</atprecis><attscale Sync="TRUE">0</attscale></attr><attr><attrlabl Sync="TRUE">ANGLE</attrlabl><attalias Sync="TRUE">ANGLE</attalias><attrtype Sync="TRUE">Double</attrtype><attwidth Sync="TRUE">19</attwidth><atprecis Sync="TRUE">0</atprecis><attscale Sync="TRUE">0</attscale></attr><attr><attrlabl Sync="TRUE">FONTLEADIN</attrlabl><attalias Sync="TRUE">FONTLEADIN</attalias><attrtype Sync="TRUE">Double</attrtype><attwidth Sync="TRUE">19</attwidth><atprecis Sync="TRUE">0</atprecis><attscale Sync="TRUE">0</attscale></attr><attr><attrlabl Sync="TRUE">WORDSPACIN</attrlabl><attalias Sync="TRUE">WORDSPACIN</attalias><attrtype Sync="TRUE">Double</attrtype><attwidth Sync="TRUE">19</attwidth><atprecis Sync="TRUE">0</atprecis><attscale Sync="TRUE">0</attscale></attr><attr><attrlabl Sync="TRUE">CHARACTERW</attrlabl><attalias Sync="TRUE">CHARACTERW</attalias><attrtype Sync="TRUE">Double</attrtype><attwidth Sync="TRUE">19</attwidth><atprecis Sync="TRUE">0</atprecis><attscale Sync="TRUE">0</attscale></attr><attr><attrlabl Sync="TRUE">CHARACTERS</attrlabl><attalias Sync="TRUE">CHARACTERS</attalias><attrtype Sync="TRUE">Double</attrtype><attwidth Sync="TRUE">19</attwidth><atprecis Sync="TRUE">0</atprecis><attscale Sync="TRUE">0</attscale></attr><attr><attrlabl Sync="TRUE">FLIPANGLE</attrlabl><attalias Sync="TRUE">FLIPANGLE</attalias><attrtype Sync="TRUE">Double</attrtype><attwidth Sync="TRUE">19</attwidth><atprecis Sync="TRUE">0</atprecis><attscale Sync="TRUE">0</attscale></attr><attr><attrlabl Sync="TRUE">OVERRIDE</attrlabl><attalias Sync="TRUE">OVERRIDE</attalias><attrtype Sync="TRUE">Integer</attrtype><attwidth Sync="TRUE">10</attwidth><atprecis Sync="TRUE">10</atprecis><attscale Sync="TRUE">0</attscale></attr><attr><attrlabl Sync="TRUE">SETOR</attrlabl><attalias Sync="TRUE">SETOR</attalias><attrtype Sync="TRUE">Integer</attrtype><attwidth Sync="TRUE">10</attwidth><atprecis Sync="TRUE">10</atprecis><attscale Sync="TRUE">0</attscale></attr><attr><attrlabl Sync="TRUE">QUARTEIRAO</attrlabl><attalias Sync="TRUE">QUARTEIRAO</attalias><attrtype Sync="TRUE">Integer</attrtype><attwidth Sync="TRUE">10</attwidth><atprecis Sync="TRUE">10</atprecis><attscale Sync="TRUE">0</attscale></attr><attr><attrlabl Sync="TRUE">CREATED_US</attrlabl><attalias Sync="TRUE">CREATED_US</attalias><attrtype Sync="TRUE">String</attrtype><attwidth Sync="TRUE">254</attwidth><atprecis Sync="TRUE">0</atprecis><attscale Sync="TRUE">0</attscale></attr><attr><attrlabl Sync="TRUE">CREATED_DA</attrlabl><attalias Sync="TRUE">CREATED_DA</attalias><attrtype Sync="TRUE">Date</attrtype><attwidth Sync="TRUE">8</attwidth><atprecis Sync="TRUE">0</atprecis><attscale Sync="TRUE">0</attscale></attr><attr><attrlabl Sync="TRUE">LAST_EDITE</attrlabl><attalias Sync="TRUE">LAST_EDITE</attalias><attrtype Sync="TRUE">String</attrtype><attwidth Sync="TRUE">254</attwidth><atprecis Sync="TRUE">0</atprecis><attscale Sync="TRUE">0</attscale></attr><attr><attrlabl Sync="TRUE">LAST_EDI_1</attrlabl><attalias Sync="TRUE">LAST_EDI_1</attalias><attrtype Sync="TRUE">Date</attrtype><attwidth Sync="TRUE">8</attwidth><atprecis Sync="TRUE">0</atprecis><attscale Sync="TRUE">0</attscale></attr><attr><attrlabl Sync="TRUE">SHAPE_AREA</attrlabl><attalias Sync="TRUE">SHAPE_AREA</attalias><attrtype Sync="TRUE">Double</attrtype><attwidth Sync="TRUE">19</attwidth><atprecis Sync="TRUE">0</atprecis><attscale Sync="TRUE">0</attscale><attrdef Sync="TRUE">Area of feature in internal units squared.</attrdef><attrdefs Sync="TRUE">Esri</attrdefs><attrdomv><udom Sync="TRUE">Positive real numbers that are automatically generated.</udom></attrdomv></attr><attr><attrlabl Sync="TRUE">SHAPE_LEN</attrlabl><attalias Sync="TRUE">SHAPE_LEN</attalias><attrtype Sync="TRUE">Double</attrtype><attwidth Sync="TRUE">19</attwidth><atprecis Sync="TRUE">0</atprecis><attscale Sync="TRUE">0</attscale></attr></detailed></eainfo><mdDateSt Sync="TRUE">20200714</mdDateSt></metadata>
