<?xml version="1.0" encoding="UTF-8"?>
<metadata xml:lang="pt"><Esri><CreaDate>20160331</CreaDate><CreaTime>13502200</CreaTime><ArcGISFormat>1.0</ArcGISFormat><SyncOnce>FALSE</SyncOnce><DataProperties><itemProps><itemName Sync="TRUE">Natal_Lotes1</itemName><imsContentType Sync="TRUE">002</imsContentType><itemSize Sync="TRUE">0.000</itemSize><itemLocation><linkage Sync="TRUE">file://\\10.95.0.18\arquivos-geo\geo\processos\SSG\SSG_SIRGAS 2000\PARCELAMENTO SHAPE\LOTES\Natal_Lotes1.shp</linkage><protocol Sync="TRUE">Local Area Network</protocol></itemLocation></itemProps><coordRef><type Sync="TRUE">Projected</type><geogcsn Sync="TRUE">GCS_Geographic Coordinate System</geogcsn><projcsn Sync="TRUE">UTM_Zone_25_Southern_Hemisphere</projcsn><peXml Sync="TRUE">&lt;ProjectedCoordinateSystem xsi:type='typens:ProjectedCoordinateSystem' xmlns:xsi='http://www.w3.org/2001/XMLSchema-instance' xmlns:xs='http://www.w3.org/2001/XMLSchema' xmlns:typens='http://www.esri.com/schemas/ArcGIS/10.0'&gt;&lt;WKT&gt;PROJCS[&amp;quot;UTM_Zone_25_Southern_Hemisphere&amp;quot;,GEOGCS[&amp;quot;GCS_Geographic Coordinate System&amp;quot;,DATUM[&amp;quot;D_SIRGAS_2000&amp;quot;,SPHEROID[&amp;quot;GRS_1980&amp;quot;,6378137.0,298.257222101]],PRIMEM[&amp;quot;Greenwich&amp;quot;,0.0],UNIT[&amp;quot;Degree&amp;quot;,0.0174532925199433]],PROJECTION[&amp;quot;Transverse_Mercator&amp;quot;],PARAMETER[&amp;quot;false_easting&amp;quot;,500000.0],PARAMETER[&amp;quot;false_northing&amp;quot;,10000000.0],PARAMETER[&amp;quot;central_meridian&amp;quot;,-33.0],PARAMETER[&amp;quot;scale_factor&amp;quot;,0.9996],PARAMETER[&amp;quot;latitude_of_origin&amp;quot;,0.0],UNIT[&amp;quot;Meter&amp;quot;,1.0]]&lt;/WKT&gt;&lt;XOrigin&gt;-5120900&lt;/XOrigin&gt;&lt;YOrigin&gt;1900&lt;/YOrigin&gt;&lt;XYScale&gt;450445547.3910538&lt;/XYScale&gt;&lt;ZOrigin&gt;-100000&lt;/ZOrigin&gt;&lt;ZScale&gt;10000&lt;/ZScale&gt;&lt;MOrigin&gt;-100000&lt;/MOrigin&gt;&lt;MScale&gt;10000&lt;/MScale&gt;&lt;XYTolerance&gt;0.001&lt;/XYTolerance&gt;&lt;ZTolerance&gt;0.001&lt;/ZTolerance&gt;&lt;MTolerance&gt;0.001&lt;/MTolerance&gt;&lt;HighPrecision&gt;true&lt;/HighPrecision&gt;&lt;/ProjectedCoordinateSystem&gt;</peXml><csUnits Sync="TRUE">Linear Unit: Meter (1.000000)</csUnits></coordRef><lineage><Process ToolSource="C:\Program Files (x86)\ArcGIS\Desktop10.0\ArcToolbox\Toolboxes\Analysis Tools.tbx\Clip" Date="20160331" Time="135026">Clip "reg_sul_lotes sirgas2000" Capim_Macio "C:\Users\SUC-02\Desktop\Inscrições_Bairro\Inscrições\Capim Macio.shp" #</Process><Process ToolSource="C:\Program Files (x86)\ArcGIS\Desktop10.0\ArcToolbox\Toolboxes\Data Management Tools.tbx\Merge" Date="20161011" Time="101836">Merge 'LOTES\ZONA SUL\Capim Macio';'LOTES\ZONA SUL\Lagoa Nova';'LOTES\ZONA SUL\Candelaria';'LOTES\ZONA SUL\Neopolis';'LOTES\ZONA SUL\Nova Descoberta';'LOTES\ZONA SUL\Ponta Negra';'LOTES\ZONA SUL\Pitimbu' "C:\Users\SPE-02\Desktop\PONTOS DA BASE EM SIRGAS\LOTES\Sul\Zona Sul.shp" "Bairro "Bairro" true true false 17 Text 0 0 ,First,#,LOTES\ZONA SUL\Capim Macio,Bairro,-1,-1,LOTES\ZONA SUL\Lagoa Nova,Bairro,-1,-1,LOTES\ZONA SUL\Candelaria,Bairro,-1,-1,LOTES\ZONA SUL\Neopolis,Bairro,-1,-1,LOTES\ZONA SUL\Nova Descoberta,Bairro,-1,-1,LOTES\ZONA SUL\Ponta Negra,Bairro,-1,-1,LOTES\ZONA SUL\Pitimbu,Bairro,-1,-1;Inscricao "Inscricao" true true false 254 Text 0 0 ,First,#,LOTES\ZONA SUL\Capim Macio,Inscricao,-1,-1,LOTES\ZONA SUL\Lagoa Nova,Inscricao,-1,-1,LOTES\ZONA SUL\Candelaria,Inscricao,-1,-1,LOTES\ZONA SUL\Neopolis,Inscricao,-1,-1,LOTES\ZONA SUL\Nova Descoberta,Inscricao,-1,-1,LOTES\ZONA SUL\Ponta Negra,Inscricao,-1,-1,LOTES\ZONA SUL\Pitimbu,Inscricao,-1,-1;AREA_LOTE "AREA_LOTE" true true false 19 Double 0 0 ,First,#,LOTES\ZONA SUL\Capim Macio,AREA_LOTE,-1,-1,LOTES\ZONA SUL\Lagoa Nova,AREA_LOTE,-1,-1,LOTES\ZONA SUL\Candelaria,AREA_LOTE,-1,-1,LOTES\ZONA SUL\Neopolis,AREA_LOTE,-1,-1,LOTES\ZONA SUL\Nova Descoberta,AREA_LOTE,-1,-1,LOTES\ZONA SUL\Ponta Negra,AREA_LOTE,-1,-1,LOTES\ZONA SUL\Pitimbu,AREA_LOTE,-1,-1"</Process><Process ToolSource="C:\Program Files (x86)\ArcGIS\Desktop10.0\ArcToolbox\Toolboxes\Data Management Tools.tbx\Merge" Date="20161011" Time="102229">Merge 'LOTES\ZONA SUL\Zona Sul';'LOTES\ZONA OESTE\Zona Oeste';'LOTES\ZONA LESTE\Zona Leste';'LOTES\ZONA NORTE\Zona Norte' "C:\Users\SPE-02\Desktop\PONTOS DA BASE EM SIRGAS\LOTES\Natal_Lotes.shp" "Bairro "Bairro" true true false 17 Text 0 0 ,First,#,LOTES\ZONA SUL\Zona Sul,Bairro,-1,-1,LOTES\ZONA OESTE\Zona Oeste,Bairro,-1,-1,LOTES\ZONA LESTE\Zona Leste,Bairro,-1,-1,LOTES\ZONA NORTE\Zona Norte,Bairro,-1,-1;Inscricao "Inscricao" true true false 254 Text 0 0 ,First,#,LOTES\ZONA SUL\Zona Sul,Inscricao,-1,-1,LOTES\ZONA OESTE\Zona Oeste,Inscricao,-1,-1,LOTES\ZONA LESTE\Zona Leste,Inscricao,-1,-1,LOTES\ZONA NORTE\Zona Norte,Inscricao,-1,-1;AREA_LOTE "AREA_LOTE" true true false 19 Double 0 0 ,First,#,LOTES\ZONA SUL\Zona Sul,AREA_LOTE,-1,-1,LOTES\ZONA OESTE\Zona Oeste,AREA_LOTE,-1,-1,LOTES\ZONA LESTE\Zona Leste,AREA_LOTE,-1,-1,LOTES\ZONA NORTE\Zona Norte,AREA_LOTE,-1,-1"</Process><Process ToolSource="C:\Program Files (x86)\ArcGIS\Desktop10.0\ArcToolbox\Toolboxes\Data Management Tools.tbx\Merge" Date="20170323" Time="091526">Merge Natal_Lotes;NSA_L "P:\SSG\SSG_SIRGAS 2000\PARCELAMENTO SHAPE\LOTES\Natal_Lotes1.shp" "Bairro "Bairro" true true false 17 Text 0 0 ,First,#,Natal_Lotes,Bairro,-1,-1,NSA_L,Bairro,-1,-1;Inscricao "Inscricao" true true false 254 Text 0 0 ,First,#,Natal_Lotes,Inscricao,-1,-1,NSA_L,Inscricao,-1,-1;AREA_LOTE "AREA_LOTE" true true false 19 Double 0 0 ,First,#,Natal_Lotes,AREA_LOTE,-1,-1,NSA_L,AREA_LOTE,-1,-1"</Process></lineage></DataProperties><SyncDate>20170323</SyncDate><SyncTime>09142800</SyncTime><ModDate>20170323</ModDate><ModTime>09142800</ModTime></Esri><dataIdInfo><envirDesc Sync="TRUE"> Version 6.2 (Build 9200) ; ESRI ArcGIS 10.0.5.4400</envirDesc><dataLang><languageCode value="por" country="BRA"></languageCode><countryCode value="BRA" Sync="TRUE"></countryCode></dataLang><idCitation><resTitle Sync="TRUE">Natal_Lotes1</resTitle><presForm><PresFormCd value="005"></PresFormCd></presForm></idCitation><descKeys><thesaName uuidref="723f6998-058e-11dc-8314-0800200c9a66"></thesaName><keyword Sync="TRUE">002</keyword></descKeys><spatRpType><SpatRepTypCd value="001"></SpatRepTypCd></spatRpType></dataIdInfo><mdLang><languageCode value="por"></languageCode><countryCode value="BRA" Sync="TRUE"></countryCode></mdLang><mdChar><CharSetCd value="004"></CharSetCd></mdChar><distInfo><distFormat><formatName Sync="TRUE">Shapefile</formatName></distFormat><distTranOps><transSize Sync="TRUE">0.000</transSize></distTranOps></distInfo><mdHrLv><ScopeCd value="005"></ScopeCd></mdHrLv><mdHrLvName Sync="TRUE">dataset</mdHrLvName><refSysInfo><RefSystem><refSysID><identCode code="0"></identCode></refSysID></RefSystem></refSysInfo><spdoinfo><ptvctinf><esriterm><efeatyp Sync="TRUE">Simple</efeatyp><efeageom code="4" Sync="TRUE"></efeageom><esritopo Sync="TRUE">FALSE</esritopo><efeacnt Sync="TRUE">0</efeacnt><spindex Sync="TRUE">TRUE</spindex><linrefer Sync="TRUE">TRUE</linrefer></esriterm></ptvctinf></spdoinfo><spatRepInfo><VectSpatRep><geometObjs Name="Natal_Lotes1"><geoObjTyp><GeoObjTypCd value="002" Sync="TRUE"></GeoObjTypCd></geoObjTyp><geoObjCnt Sync="TRUE">0</geoObjCnt></geometObjs><topLvl><TopoLevCd value="001" Sync="TRUE"></TopoLevCd></topLvl></VectSpatRep></spatRepInfo><eainfo><detailed Name="Natal_Lotes1"><enttyp><enttypl Sync="TRUE">Natal_Lotes1</enttypl><enttypt Sync="TRUE">Feature Class</enttypt><enttypc Sync="TRUE">0</enttypc></enttyp><attr><attrlabl Sync="TRUE">FID</attrlabl><attalias Sync="TRUE">FID</attalias><attrtype Sync="TRUE">OID</attrtype><attwidth Sync="TRUE">4</attwidth><atprecis Sync="TRUE">0</atprecis><attscale Sync="TRUE">0</attscale><attrdef Sync="TRUE">Internal feature number.</attrdef><attrdefs Sync="TRUE">ESRI</attrdefs><attrdomv><udom Sync="TRUE">Sequential unique whole numbers that are automatically generated.</udom></attrdomv></attr><attr><attrlabl Sync="TRUE">Shape</attrlabl><attalias Sync="TRUE">Shape</attalias><attrtype Sync="TRUE">Geometry</attrtype><attwidth Sync="TRUE">0</attwidth><atprecis Sync="TRUE">0</atprecis><attscale Sync="TRUE">0</attscale><attrdef Sync="TRUE">Feature geometry.</attrdef><attrdefs Sync="TRUE">ESRI</attrdefs><attrdomv><udom Sync="TRUE">Coordinates defining the features.</udom></attrdomv></attr><attr><attrlabl Sync="TRUE">Bairro</attrlabl><attalias Sync="TRUE">Bairro</attalias><attrtype Sync="TRUE">String</attrtype><attwidth Sync="TRUE">17</attwidth><atprecis Sync="TRUE">0</atprecis><attscale Sync="TRUE">0</attscale></attr><attr><attrlabl Sync="TRUE">Inscricao</attrlabl><attalias Sync="TRUE">Inscricao</attalias><attrtype Sync="TRUE">String</attrtype><attwidth Sync="TRUE">254</attwidth><atprecis Sync="TRUE">0</atprecis><attscale Sync="TRUE">0</attscale></attr><attr><attrlabl Sync="TRUE">AREA_LOTE</attrlabl><attalias Sync="TRUE">AREA_LOTE</attalias><attrtype Sync="TRUE">Double</attrtype><attwidth Sync="TRUE">19</attwidth><atprecis Sync="TRUE">0</atprecis><attscale Sync="TRUE">0</attscale></attr></detailed></eainfo><mdDateSt Sync="TRUE">20170323</mdDateSt></metadata>
