<metadata xml:lang="pt">
	<Esri>
		<CreaDate>20160509</CreaDate>
		<CreaTime>17564400</CreaTime>
		<ArcGISFormat>1.0</ArcGISFormat>
		<SyncOnce>FALSE</SyncOnce>
		<DataProperties>
			<lineage>
				<Process ToolSource="c:\program files (x86)\arcgis\desktop10.2\ArcToolbox\Toolboxes\Data Management Tools.tbx\CalculateField" Date="20160509" Time="175644">CalculateField lote codigoquadra 0 VB #</Process>
				<Process ToolSource="c:\program files (x86)\arcgis\desktop10.2\ArcToolbox\Toolboxes\Data Management Tools.tbx\CalculateField" Date="20160509" Time="180004">CalculateField lote codigoquadra 0 VB #</Process>
				<Process ToolSource="c:\program files (x86)\arcgis\desktop10.2\ArcToolbox\Toolboxes\Data Management Tools.tbx\CalculateField" Date="20160510" Time="095527">CalculateField lote codigoquadra 0 VB #</Process>
				<Process ToolSource="c:\program files (x86)\arcgis\desktop10.2\ArcToolbox\Toolboxes\Data Management Tools.tbx\CalculateField" Date="20160510" Time="095623">CalculateField lote codigoquadra 0 VB #</Process>
				<Process ToolSource="c:\program files (x86)\arcgis\desktop10.2\ArcToolbox\Toolboxes\Data Management Tools.tbx\CalculateField" Date="20160602" Time="153211">CalculateField lote inscricaoloteponto Left( [inscricaolote],2 ) VB #</Process>
				<Process ToolSource="c:\program files (x86)\arcgis\desktop10.2\ArcToolbox\Toolboxes\Data Management Tools.tbx\CalculateField" Date="20160602" Time="153304">CalculateField lote inscricaoloteponto Left( [inscricaolote],2 )&amp;"."&amp;Mid( [inscricaolote],3,5 ) VB #</Process>
				<Process ToolSource="c:\program files (x86)\arcgis\desktop10.2\ArcToolbox\Toolboxes\Data Management Tools.tbx\CalculateField" Date="20160602" Time="153349">CalculateField lote inscricaoloteponto Left( [inscricaolote],2 )&amp;"."&amp;Mid( [inscricaolote],3,2 ) VB #</Process>
				<Process ToolSource="c:\program files (x86)\arcgis\desktop10.2\ArcToolbox\Toolboxes\Data Management Tools.tbx\CalculateField" Date="20160602" Time="153450">CalculateField lote inscricaoloteponto Left( [inscricaolote],2 )&amp;"."&amp;Mid( [inscricaolote],3,2 )&amp;"."&amp;Mid( [inscricaolote],6,4) VB #</Process>
				<Process ToolSource="c:\program files (x86)\arcgis\desktop10.2\ArcToolbox\Toolboxes\Data Management Tools.tbx\CalculateField" Date="20160602" Time="153626">CalculateField lote inscricaoloteponto Left( [inscricaolote],2 )&amp;"."&amp;Mid( [inscricaolote],3,2 )&amp;"."&amp;Mid( [inscricaolote],6,4)&amp;"."&amp;Right( [inscricaolote],3 ) VB #</Process>
				<Process ToolSource="c:\program files (x86)\arcgis\desktop10.2\ArcToolbox\Toolboxes\Data Management Tools.tbx\CalculateField" Date="20160602" Time="153817">CalculateField lote inscricaoloteponto Left( [inscricaolote],2 )&amp;"."&amp;Mid( [inscricaolote],2,2 )&amp;"."&amp;Mid( [inscricaolote],6,4)&amp;"."&amp;Right( [inscricaolote],3 ) VB #</Process>
				<Process ToolSource="c:\program files (x86)\arcgis\desktop10.2\ArcToolbox\Toolboxes\Data Management Tools.tbx\CalculateField" Date="20160602" Time="153834">CalculateField lote inscricaoloteponto Left( [inscricaolote],2 )&amp;"."&amp;Mid( [inscricaolote],3,2 )&amp;"."&amp;Mid( [inscricaolote],7,4)&amp;"."&amp;Right( [inscricaolote],3 ) VB #</Process>
				<Process ToolSource="c:\program files (x86)\arcgis\desktop10.2\ArcToolbox\Toolboxes\Data Management Tools.tbx\CalculateField" Date="20160602" Time="153846">CalculateField lote inscricaoloteponto Left( [inscricaolote],2 )&amp;"."&amp;Mid( [inscricaolote],3,2 )&amp;"."&amp;Mid( [inscricaolote],5,4)&amp;"."&amp;Right( [inscricaolote],3 ) VB #</Process>
				<Process ToolSource="c:\program files (x86)\arcgis\desktop10.2\ArcToolbox\Toolboxes\Data Management Tools.tbx\CalculateField" Date="20160602" Time="163438">CalculateField lote inscricaoloteponto Left( [inscricaolote],2 )&amp;"."&amp;Mid( [inscricaolote],3,2 )&amp;"."&amp;Mid( [inscricaolote],5,4)&amp;"."&amp;Right( [inscricaolote],3 ) VB #</Process>
				<Process ToolSource="c:\program files (x86)\arcgis\desktop10.2\ArcToolbox\Toolboxes\Data Management Tools.tbx\CalculateField" Date="20160602" Time="170651">CalculateField lote inscricaoloteponto Left( [inscricaolote],2 )&amp;"."&amp;Mid( [inscricaolote],3,2 )&amp;"."&amp;Mid( [inscricaolote],5,4)&amp;"."&amp;Right( [inscricaolote],3 ) VB #</Process>
				<Process ToolSource="c:\program files (x86)\arcgis\desktop10.2\ArcToolbox\Toolboxes\Data Management Tools.tbx\CalculateField" Date="20160602" Time="171030">CalculateField lote inscricaoloteponto Left( [inscricaolote],2 )&amp;"."&amp;Mid( [inscricaolote],3,2 )&amp;"."&amp;Mid( [inscricaolote],5,4)&amp;"."&amp;Right( [inscricaolote],3 ) VB #</Process>
				<Process ToolSource="c:\program files (x86)\arcgis\desktop10.2\ArcToolbox\Toolboxes\Data Management Tools.tbx\CalculateField" Date="20160603" Time="084951">CalculateField lote inscricaoloteponto 0 VB #</Process>
				<Process ToolSource="c:\program files (x86)\arcgis\desktop10.2\ArcToolbox\Toolboxes\Data Management Tools.tbx\CalculateField" Date="20160603" Time="085020">CalculateField lote inscricaoloteponto "0" VB #</Process>
				<Process ToolSource="C:\Program Files (x86)\ArcGIS\Desktop10.0\ArcToolbox\Toolboxes\Data Management Tools.tbx\CalculateField" Date="20160622" Time="162952">CalculateField lote codigotrechologradouro 95303 VB #</Process>
				<Process ToolSource="c:\program files (x86)\arcgis\desktop10.2\ArcToolbox\Toolboxes\Data Management Tools.tbx\CalculateField" Date="20170119" Time="094034">CalculateField lote linkcroqui ""https://geofiles.caxias.rs.gov.br/lotes/" + !inscricaolote!" PYTHON_9.3 #</Process>
				<Process ToolSource="c:\program files (x86)\arcgis\desktop10.2\ArcToolbox\Toolboxes\Data Management Tools.tbx\CalculateField" Date="20170119" Time="101050">CalculateField lote linkcroqui ""https://geofiles.caxias.rs.gov.br/lotes/" +  !inscricaolote![0:3]" PYTHON_9.3 #</Process>
				<Process ToolSource="c:\program files (x86)\arcgis\desktop10.2\ArcToolbox\Toolboxes\Data Management Tools.tbx\CalculateField" Date="20170119" Time="101154">CalculateField lote linkcroqui ""https://geofiles.caxias.rs.gov.br/lotes/" +  !inscricaolote![0:2]" PYTHON_9.3 #</Process>
				<Process ToolSource="c:\program files (x86)\arcgis\desktop10.2\ArcToolbox\Toolboxes\Data Management Tools.tbx\CalculateField" Date="20170119" Time="102645">CalculateField lote linkcroqui ""https://geofiles.caxias.rs.gov.br/lotes/" +  !inscricaolote![0:2] +  !inscricaolote![2:4]" PYTHON_9.3 #</Process>
				<Process ToolSource="c:\program files (x86)\arcgis\desktop10.2\ArcToolbox\Toolboxes\Data Management Tools.tbx\CalculateField" Date="20170119" Time="102717">CalculateField lote linkcroqui ""https://geofiles.caxias.rs.gov.br/lotes/" +  !inscricaolote![0:2] + "/" +  !inscricaolote![2:4]" PYTHON_9.3 #</Process>
				<Process ToolSource="c:\program files (x86)\arcgis\desktop10.2\ArcToolbox\Toolboxes\Data Management Tools.tbx\CalculateField" Date="20170119" Time="102746">CalculateField lote linkcroqui ""https://geofiles.caxias.rs.gov.br/lotes/" +  !inscricaolote![0:2] + "/" +  !inscricaolote![2:4] + "/" +  !inscricaolote![4:4]" PYTHON_9.3 #</Process>
				<Process ToolSource="c:\program files (x86)\arcgis\desktop10.2\ArcToolbox\Toolboxes\Data Management Tools.tbx\CalculateField" Date="20170119" Time="102801">CalculateField lote linkcroqui ""https://geofiles.caxias.rs.gov.br/lotes/" +  !inscricaolote![0:2] + "/" +  !inscricaolote![2:4] + "/" +  !inscricaolote![4:8]" PYTHON_9.3 #</Process>
				<Process ToolSource="c:\program files (x86)\arcgis\desktop10.2\ArcToolbox\Toolboxes\Data Management Tools.tbx\CalculateField" Date="20170119" Time="102843">CalculateField lote linkcroqui ""https://geofiles.caxias.rs.gov.br/lotes/" +  !inscricaolote![0:2] + "/" +  !inscricaolote![2:4] + "/" +  !inscricaolote![4:8] + "/" +  !inscricaolote![8:11]" PYTHON_9.3 #</Process>
				<Process ToolSource="c:\program files (x86)\arcgis\desktop10.2\ArcToolbox\Toolboxes\Data Management Tools.tbx\CalculateField" Date="20170119" Time="104001">CalculateField lote linkcroqui ""https://geofiles.caxias.rs.gov.br/lotes/" +  !inscricaolote![0:2] + "/" +  !inscricaolote![2:4] + "/" +  !inscricaolote![4:8] + "/" +  !inscricaolote![8:11]" PYTHON_9.3 #</Process>
				<Process ToolSource="c:\program files (x86)\arcgis\desktop10.2\ArcToolbox\Toolboxes\Data Management Tools.tbx\CalculateField" Date="20170119" Time="105919">CalculateField lote linkcroqui ""https://geofiles.caxias.rs.gov.br/lotes/" +  !inscricaolote![0:2] + "/" +  !inscricaolote![2:4] + "/" +  !inscricaolote![4:8] + "/" +  !inscricaolote![8:11]" PYTHON_9.3 #</Process>
				<Process ToolSource="c:\program files (x86)\arcgis\desktop10.2\ArcToolbox\Toolboxes\Data Management Tools.tbx\CalculateField" Date="20170822" Time="091442">CalculateField lote linkcroqui ""https://geofiles.caxias.rs.gov.br/lotes/"&amp; Left([inscricaoloteponto],2)" VB #</Process>
				<Process ToolSource="c:\program files (x86)\arcgis\desktop10.2\ArcToolbox\Toolboxes\Data Management Tools.tbx\CalculateField" Date="20170822" Time="091541">CalculateField lote linkcroqui ""https://geofiles.caxias.rs.gov.br/lotes/"&amp; Left([inscricaoloteponto],2)&amp;"/"&amp;Mid( [inscricaoloteponto],3,2 )" VB #</Process>
				<Process ToolSource="c:\program files (x86)\arcgis\desktop10.2\ArcToolbox\Toolboxes\Data Management Tools.tbx\CalculateField" Date="20170822" Time="091551">CalculateField lote linkcroqui ""https://geofiles.caxias.rs.gov.br/lotes/"&amp; Left([inscricaoloteponto],2)&amp;"/"&amp;Mid( [inscricaoloteponto],3,3 )" VB #</Process>
				<Process ToolSource="c:\program files (x86)\arcgis\desktop10.2\ArcToolbox\Toolboxes\Data Management Tools.tbx\CalculateField" Date="20170822" Time="091632">CalculateField lote linkcroqui ""https://geofiles.caxias.rs.gov.br/lotes/"&amp; Left([inscricaoloteponto],2)&amp;"/"&amp;Mid( [inscricaoloteponto],2,3 )&amp;"/"&amp;Mid( [inscricaoloteponto],6,3 )" VB #</Process>
				<Process ToolSource="c:\program files (x86)\arcgis\desktop10.2\ArcToolbox\Toolboxes\Data Management Tools.tbx\CalculateField" Date="20170822" Time="091650">CalculateField lote linkcroqui ""https://geofiles.caxias.rs.gov.br/lotes/"&amp; Left([inscricaoloteponto],2)&amp;"/"&amp;Mid( [inscricaoloteponto],3,2 )&amp;"/"&amp;Mid( [inscricaoloteponto],6,3 )" VB #</Process>
				<Process ToolSource="c:\program files (x86)\arcgis\desktop10.2\ArcToolbox\Toolboxes\Data Management Tools.tbx\CalculateField" Date="20170822" Time="091701">CalculateField lote linkcroqui ""https://geofiles.caxias.rs.gov.br/lotes/"&amp; Left([inscricaoloteponto],2)&amp;"/"&amp;Mid( [inscricaoloteponto],2,3 )&amp;"/"&amp;Mid( [inscricaoloteponto],6,3 )" VB #</Process>
				<Process ToolSource="c:\program files (x86)\arcgis\desktop10.2\ArcToolbox\Toolboxes\Data Management Tools.tbx\CalculateField" Date="20170822" Time="091711">CalculateField lote linkcroqui ""https://geofiles.caxias.rs.gov.br/lotes/"&amp; Left([inscricaoloteponto],2)&amp;"/"&amp;Mid( [inscricaoloteponto],4,3 )&amp;"/"&amp;Mid( [inscricaoloteponto],6,3 )" VB #</Process>
				<Process ToolSource="c:\program files (x86)\arcgis\desktop10.2\ArcToolbox\Toolboxes\Data Management Tools.tbx\CalculateField" Date="20170822" Time="091749">CalculateField lote linkcroqui ""https://geofiles.caxias.rs.gov.br/lotes/"&amp; Left([inscricaoloteponto],2)&amp;"/"&amp;Mid( [inscricaoloteponto],4,2 )&amp;"/"&amp;Mid( [inscricaoloteponto],7,11 )" VB #</Process>
				<Process ToolSource="c:\program files (x86)\arcgis\desktop10.2\ArcToolbox\Toolboxes\Data Management Tools.tbx\CalculateField" Date="20170822" Time="091832">CalculateField lote linkcroqui ""https://geofiles.caxias.rs.gov.br/lotes/"&amp; Left([inscricaoloteponto],2)&amp;"/"&amp;Mid( [inscricaoloteponto],4,2 )&amp;"/"&amp;Mid( [inscricaoloteponto],7,11 )&amp;"/"&amp;Right( [inscricaoloteponto],3 )" VB #</Process>
				<Process Name="Join Field" ToolSource="c:\program files (x86)\arcgis\desktop10.2\ArcToolbox\Toolboxes\Data Management Tools.tbx\JoinField" Date="20171010" Time="105745">JoinField "Database Connections\webapp@arcgis@geodb.sde\arcgis.sigcaxias.Parcelamento\arcgis.sigcaxias.lote" inscricaoloteponto QueryTable arcgis_pmcs_sw_guia_itbi_cod_localizacao_completo_lote arcgis_pmcs_sw_guia_itbi_cod_localizacao_completo_lote;arcgis_pmcs_sw_guia_itbi_nr_guia;arcgis_pmcs_sw_guia_itbi_ano_exercicio_guia;arcgis_pmcs_sw_guia_itbi_vlr_avaliado;arcgis_pmcs_sw_guia_itbi_dt_avaliacao;arcgis_pmcs_sw_guia_itbi_txt_forma_transmissao;arcgis_pmcs_sw_guia_itbi_txt_criterio_avaliacao</Process>
				<Process ToolSource="C:\Program Files (x86)\ArcGIS\Desktop10.0\ArcToolbox\Toolboxes\Data Management Tools.tbx\CalculateField" Date="20180725" Time="161741">CalculateField Lotes codigoloteamento 1556 VB #</Process>
				<Process ToolSource="C:\Program Files (x86)\ArcGIS\Desktop10.0\ArcToolbox\Toolboxes\Data Management Tools.tbx\CalculateField" Date="20180725" Time="162229">CalculateField Lotes codigoloteamento 1238 VB #</Process>
				<Process ToolSource="C:\Program Files (x86)\ArcGIS\Desktop10.0\ArcToolbox\Toolboxes\Data Management Tools.tbx\CalculateField" Date="20180827" Time="154959">CalculateField Lotes codigoloteamento 9207 VB #</Process>
				<Process ToolSource="C:\Program Files (x86)\ArcGIS\Desktop10.0\ArcToolbox\Toolboxes\Data Management Tools.tbx\CalculateField" Date="20180903" Time="085648">CalculateField Lotes codigoloteamento 1431 VB #</Process>
				<Process ToolSource="C:\Program Files (x86)\ArcGIS\Desktop10.0\ArcToolbox\Toolboxes\Data Management Tools.tbx\CalculateField" Date="20180903" Time="085909">CalculateField Lotes codigoloteamento 1534 VB #</Process>
				<Process ToolSource="C:\Program Files (x86)\ArcGIS\Desktop10.0\ArcToolbox\Toolboxes\Data Management Tools.tbx\CalculateField" Date="20180903" Time="101657">CalculateField Lotes codigoloteamento 1534 VB #</Process>
				<Process ToolSource="C:\Program Files (x86)\ArcGIS\Desktop10.0\ArcToolbox\Toolboxes\Data Management Tools.tbx\CalculateField" Date="20180906" Time="170256">CalculateField Lotes codigoloteamento 7607 VB #</Process>
				<Process ToolSource="C:\Program Files (x86)\ArcGIS\Desktop10.0\ArcToolbox\Toolboxes\Data Management Tools.tbx\CalculateField" Date="20180906" Time="170514">CalculateField Lotes codigoloteamento 6406 VB #</Process>
				<Process ToolSource="C:\Program Files (x86)\ArcGIS\Desktop10.0\ArcToolbox\Toolboxes\Data Management Tools.tbx\CalculateField" Date="20180913" Time="111500">CalculateField Lotes codigoloteamento 1495 VB #</Process>
				<Process ToolSource="C:\Program Files (x86)\ArcGIS\Desktop10.0\ArcToolbox\Toolboxes\Data Management Tools.tbx\CalculateField" Date="20180913" Time="111608">CalculateField Lotes codigoloteamento 1495 VB #</Process>
				<Process ToolSource="C:\Program Files (x86)\ArcGIS\Desktop10.0\ArcToolbox\Toolboxes\Data Management Tools.tbx\CalculateField" Date="20180927" Time="134801">CalculateField Lotes codigoloteamento 10413 VB #</Process>
				<Process ToolSource="C:\Program Files (x86)\ArcGIS\Desktop10.0\ArcToolbox\Toolboxes\Data Management Tools.tbx\CalculateField" Date="20180927" Time="134948">CalculateField Lotes codigoloteamento 10411 VB #</Process>
				<Process ToolSource="C:\Program Files (x86)\ArcGIS\Desktop10.0\ArcToolbox\Toolboxes\Data Management Tools.tbx\CalculateField" Date="20180927" Time="135144">CalculateField Lotes codigoloteamento 10407 VB #</Process>
				<Process ToolSource="C:\Program Files (x86)\ArcGIS\Desktop10.0\ArcToolbox\Toolboxes\Data Management Tools.tbx\CalculateField" Date="20180927" Time="135507">CalculateField Lotes codigoloteamento 10409 VB #</Process>
				<Process ToolSource="C:\Program Files (x86)\ArcGIS\Desktop10.0\ArcToolbox\Toolboxes\Data Management Tools.tbx\CalculateField" Date="20180927" Time="135637">CalculateField Lotes codigoloteamento 10410 VB #</Process>
				<Process ToolSource="c:\program files (x86)\arcgis\desktop10.2\ArcToolbox\Toolboxes\Data Management Tools.tbx\CalculateField" Date="20181122" Time="151040">CalculateField "Camadas do Usuário\Lotes" codigoloteamento 12007 VB #</Process>
				<Process ToolSource="c:\program files (x86)\arcgis\desktop10.2\ArcToolbox\Toolboxes\Data Management Tools.tbx\CalculateField" Date="20181122" Time="151131">CalculateField "Camadas do Usuário\Lotes" codigobairro 64 VB #</Process>
				<Process ToolSource="C:\Program Files (x86)\ArcGIS\Desktop10.0\ArcToolbox\Toolboxes\Data Management Tools.tbx\CalculateField" Date="20181123" Time="103042">CalculateField Lotes codigobairro 58 VB #</Process>
				<Process ToolSource="C:\Program Files (x86)\ArcGIS\Desktop10.0\ArcToolbox\Toolboxes\Data Management Tools.tbx\CalculateField" Date="20181123" Time="103206">CalculateField Lotes codigobairro 56 VB #</Process>
				<Process ToolSource="C:\Program Files (x86)\ArcGIS\Desktop10.0\ArcToolbox\Toolboxes\Data Management Tools.tbx\CalculateField" Date="20181123" Time="103442">CalculateField Lotes codigoloteamento 11607 VB #</Process>
				<Process ToolSource="C:\Program Files (x86)\ArcGIS\Desktop10.0\ArcToolbox\Toolboxes\Data Management Tools.tbx\CalculateField" Date="20181123" Time="163009">CalculateField Lotes inscricoesanteriores 28226089002 VB #</Process>
				<Process ToolSource="c:\program files (x86)\arcgis\desktop10.6\ArcToolbox\Toolboxes\Data Management Tools.tbx\CalculateField" Date="20190913" Time="112138">CalculateField "Camadas do Usuário\Lotes" codigoloteamento 12807 VB #</Process>
				<Process ToolSource="c:\program files (x86)\arcgis\desktop10.6\ArcToolbox\Toolboxes\Data Management Tools.tbx\CalculateField" Date="20190913" Time="114620">CalculateField "Camadas do Usuário\Lotes" codigoloteamento 1425 VB #</Process>
				<Process ToolSource="c:\program files (x86)\arcgis\desktop10.6\ArcToolbox\Toolboxes\Data Management Tools.tbx\CalculateField" Date="20191105" Time="110728">CalculateField "Camadas do Usuário\lote" codigotrechologradouro 193497 VB #</Process>
				<Process ToolSource="c:\program files (x86)\arcgis\desktop10.6\ArcToolbox\Toolboxes\Data Management Tools.tbx\CalculateField" Date="20191105" Time="114435">CalculateField "Camadas do Usuário\lote" totalsublotes 0 VB #</Process>
				<Process ToolSource="c:\program files (x86)\arcgis\desktop10.6\ArcToolbox\Toolboxes\Data Management Tools.tbx\CalculateField" Date="20191105" Time="114852">CalculateField "Camadas do Usuário\lote" codigoquadradissolve 52126892 VB #</Process>
				<Process ToolSource="c:\program files (x86)\arcgis\desktop10.6\ArcToolbox\Toolboxes\Data Management Tools.tbx\CalculateField" Date="20191108" Time="094713">CalculateField "Camadas do Usuário\lote" codigoquadradissolve 52126891 VB #</Process>
				<Process ToolSource="c:\program files (x86)\arcgis\desktop10.6\ArcToolbox\Toolboxes\Data Management Tools.tbx\CalculateField" Date="20191111" Time="084256">CalculateField "Camadas do Usuário\lote" codigoquadradissolve 52126901 VB #</Process>
				<Process ToolSource="c:\program files (x86)\arcgis\desktop10.6\ArcToolbox\Toolboxes\Data Management Tools.tbx\CalculateField" Date="20191111" Time="085139">CalculateField "Camadas do Usuário\lote" totalsublotes 0 VB #</Process>
				<Process ToolSource="c:\program files (x86)\arcgis\desktop10.6\ArcToolbox\Toolboxes\Data Management Tools.tbx\CalculateField" Date="20191111" Time="090333">CalculateField "Camadas do Usuário\lote" codigoquadradissolve 52126903 VB #</Process>
				<Process ToolSource="c:\program files (x86)\arcgis\desktop10.6\ArcToolbox\Toolboxes\Data Management Tools.tbx\CalculateField" Date="20191111" Time="091010">CalculateField "Camadas do Usuário\lote" totalsublotes 0 VB #</Process>
				<Process ToolSource="c:\program files (x86)\arcgis\desktop10.6\ArcToolbox\Toolboxes\Data Management Tools.tbx\CalculateField" Date="20191111" Time="093232">CalculateField "Camadas do Usuário\lote" codigoquadradissolve 52126905 VB #</Process>
				<Process ToolSource="c:\program files (x86)\arcgis\desktop10.6\ArcToolbox\Toolboxes\Data Management Tools.tbx\CalculateField" Date="20191111" Time="093439">CalculateField "Camadas do Usuário\lote" totalsublotes 0 VB #</Process>
				<Process ToolSource="c:\program files (x86)\arcgis\desktop10.6\ArcToolbox\Toolboxes\Data Management Tools.tbx\CalculateField" Date="20191111" Time="095423">CalculateField "Camadas do Usuário\lote" codigoquadradissolve 52126893 VB #</Process>
				<Process ToolSource="c:\program files (x86)\arcgis\desktop10.6\ArcToolbox\Toolboxes\Data Management Tools.tbx\CalculateField" Date="20191111" Time="095913">CalculateField "Camadas do Usuário\lote" totalsublotes 0 VB #</Process>
				<Process ToolSource="c:\program files (x86)\arcgis\desktop10.6\ArcToolbox\Toolboxes\Data Management Tools.tbx\CalculateField" Date="20191111" Time="101109">CalculateField "Camadas do Usuário\lote" codigoquadradissolve 52126894 VB #</Process>
				<Process ToolSource="c:\program files (x86)\arcgis\desktop10.6\ArcToolbox\Toolboxes\Data Management Tools.tbx\CalculateField" Date="20191111" Time="101509">CalculateField "Camadas do Usuário\lote" totalsublotes 0 VB #</Process>
				<Process ToolSource="c:\program files (x86)\arcgis\desktop10.6\ArcToolbox\Toolboxes\Data Management Tools.tbx\CalculateField" Date="20191111" Time="103416">CalculateField "Camadas do Usuário\lote" codigoquadradissolve 52126896 VB #</Process>
				<Process ToolSource="c:\program files (x86)\arcgis\desktop10.6\ArcToolbox\Toolboxes\Data Management Tools.tbx\CalculateField" Date="20191111" Time="104144">CalculateField "Camadas do Usuário\lote" totalsublotes 0 VB #</Process>
				<Process ToolSource="c:\program files (x86)\arcgis\desktop10.6\ArcToolbox\Toolboxes\Data Management Tools.tbx\CalculateField" Date="20191111" Time="112536">CalculateField "Camadas do Usuário\lote" totalsublotes 0 VB #</Process>
				<Process ToolSource="c:\program files (x86)\arcgis\desktop10.6\ArcToolbox\Toolboxes\Data Management Tools.tbx\CalculateField" Date="20191111" Time="113053">CalculateField "Camadas do Usuário\lote" codigoquadradissolve 52126897 VB #</Process>
				<Process ToolSource="c:\program files (x86)\arcgis\desktop10.6\ArcToolbox\Toolboxes\Data Management Tools.tbx\CalculateField" Date="20191113" Time="085508">CalculateField "Camadas do Usuário\lote" codigoquadradissolve 52126908 VB #</Process>
				<Process ToolSource="c:\program files (x86)\arcgis\desktop10.6\ArcToolbox\Toolboxes\Data Management Tools.tbx\CalculateField" Date="20191113" Time="093132">CalculateField "Camadas do Usuário\lote" totalsublotes 0 VB #</Process>
				<Process ToolSource="c:\program files (x86)\arcgis\desktop10.6\ArcToolbox\Toolboxes\Data Management Tools.tbx\CalculateField" Date="20191113" Time="093717">CalculateField "Camadas do Usuário\lote" codigoquadradissolve 52126907 VB #</Process>
				<Process ToolSource="c:\program files (x86)\arcgis\desktop10.6\ArcToolbox\Toolboxes\Data Management Tools.tbx\CalculateField" Date="20191113" Time="095950">CalculateField "Camadas do Usuário\lote" totalsublotes 0 VB #</Process>
				<Process ToolSource="c:\program files (x86)\arcgis\desktop10.6\ArcToolbox\Toolboxes\Data Management Tools.tbx\CalculateField" Date="20191113" Time="100626">CalculateField "Camadas do Usuário\lote" totalsublotes 0 VB #</Process>
				<Process ToolSource="c:\program files (x86)\arcgis\desktop10.6\ArcToolbox\Toolboxes\Data Management Tools.tbx\CalculateField" Date="20191113" Time="100648">CalculateField "Camadas do Usuário\lote" codigoquadradissolve 52126906 VB #</Process>
				<Process ToolSource="c:\program files (x86)\arcgis\desktop10.6\ArcToolbox\Toolboxes\Data Management Tools.tbx\CalculateField" Date="20191113" Time="113144">CalculateField "Camadas do Usuário\lote" codigoquadradissolve 52126904 VB #</Process>
				<Process ToolSource="c:\program files (x86)\arcgis\desktop10.6\ArcToolbox\Toolboxes\Data Management Tools.tbx\CalculateField" Date="20191114" Time="104252">CalculateField "Camadas do Usuário\lote" codigoquadradissolve 52126902 VB #</Process>
				<Process ToolSource="c:\program files (x86)\arcgis\desktop10.6\ArcToolbox\Toolboxes\Data Management Tools.tbx\CalculateField" Date="20191114" Time="105739">CalculateField "Camadas do Usuário\lote" totalsublotes 0 VB #</Process>
				<Process ToolSource="c:\program files (x86)\arcgis\desktop10.6\ArcToolbox\Toolboxes\Data Management Tools.tbx\CalculateField" Date="20191114" Time="110341">CalculateField "Camadas do Usuário\lote" codigoquadradissolve 52125095 VB #</Process>
				<Process ToolSource="c:\program files (x86)\arcgis\desktop10.6\ArcToolbox\Toolboxes\Data Management Tools.tbx\CalculateField" Date="20191114" Time="111329">CalculateField "Camadas do Usuário\lote" totalsublotes 0 VB #</Process>
				<Process ToolSource="c:\program files (x86)\arcgis\desktop10.6\ArcToolbox\Toolboxes\Data Management Tools.tbx\CalculateField" Date="20191114" Time="112248">CalculateField "Camadas do Usuário\lote" codigoquadradissolve 52126899 VB #</Process>
				<Process ToolSource="c:\program files (x86)\arcgis\desktop10.6\ArcToolbox\Toolboxes\Data Management Tools.tbx\CalculateField" Date="20191114" Time="113915">CalculateField "Camadas do Usuário\lote" totalsublotes 0 VB #</Process>
				<Process ToolSource="c:\program files (x86)\arcgis\desktop10.6\ArcToolbox\Toolboxes\Data Management Tools.tbx\CalculateField" Date="20191118" Time="082506">CalculateField "Camadas do Usuário\lote" codigoquadradissolve 52126900 VB #</Process>
				<Process ToolSource="c:\program files (x86)\arcgis\desktop10.6\ArcToolbox\Toolboxes\Data Management Tools.tbx\CalculateField" Date="20191118" Time="084029">CalculateField "Camadas do Usuário\lote" totalsublotes 0 VB #</Process>
				<Process ToolSource="c:\program files (x86)\arcgis\desktop10.6\ArcToolbox\Toolboxes\Data Management Tools.tbx\CalculateField" Date="20200310" Time="082218">CalculateField "Camadas do Usuário\lote - augusto" codigoquadradissolve 43186757 VB #</Process>
				<Process ToolSource="c:\program files (x86)\arcgis\desktop10.6\ArcToolbox\Toolboxes\Data Management Tools.tbx\CalculateField" Date="20200310" Time="083238">CalculateField "Camadas do Usuário\lote - augusto" codigoquadradissolve 43186756 VB #</Process>
				<Process ToolSource="c:\program files (x86)\arcgis\desktop10.6\ArcToolbox\Toolboxes\Data Management Tools.tbx\CalculateField" Date="20200310" Time="095703">CalculateField "Camadas do Usuário\lote - augusto" codigoquadradissolve 43186755 VB #</Process>
				<Process ToolSource="c:\program files (x86)\arcgis\desktop10.6\ArcToolbox\Toolboxes\Data Management Tools.tbx\CalculateField" Date="20200310" Time="100236">CalculateField "Camadas do Usuário\lote - augusto" codigoquadradissolve 43186745 VB #</Process>
				<Process ToolSource="c:\program files (x86)\arcgis\desktop10.6\ArcToolbox\Toolboxes\Data Management Tools.tbx\CalculateField" Date="20200313" Time="113026">CalculateField "Camadas do Usuário\lote - augusto" codigoquadradissolve 43186746 VB #</Process>
				<Process ToolSource="c:\program files (x86)\arcgis\desktop10.6\ArcToolbox\Toolboxes\Data Management Tools.tbx\CalculateField" Date="20200313" Time="113345">CalculateField "Camadas do Usuário\lote - augusto" codigoquadradissolve 43186747
 VB #</Process>
				<Process ToolSource="c:\program files (x86)\arcgis\desktop10.6\ArcToolbox\Toolboxes\Data Management Tools.tbx\CalculateField" Date="20200313" Time="113719">CalculateField "Camadas do Usuário\lote - augusto" codigoquadradissolve 43186752 VB #</Process>
				<Process ToolSource="c:\program files (x86)\arcgis\desktop10.6\ArcToolbox\Toolboxes\Data Management Tools.tbx\CalculateField" Date="20200316" Time="092101">CalculateField "Camadas do Usuário\lote - augusto" codigoquadradissolve 43186743 VB #</Process>
				<Process ToolSource="c:\program files (x86)\arcgis\desktop10.6\ArcToolbox\Toolboxes\Data Management Tools.tbx\CalculateField" Date="20200316" Time="094709">CalculateField "Camadas do Usuário\lote - augusto" codigoquadradissolve 43186734 VB #</Process>
				<Process ToolSource="c:\program files (x86)\arcgis\desktop10.6\ArcToolbox\Toolboxes\Data Management Tools.tbx\CalculateField" Date="20200316" Time="102403">CalculateField "Camadas do Usuário\lote - pati" codigoquadradissolve 43186744 VB #</Process>
				<Process ToolSource="c:\program files (x86)\arcgis\desktop10.6\ArcToolbox\Toolboxes\Data Management Tools.tbx\CalculateField" Date="20200316" Time="103619">CalculateField "Camadas do Usuário\lote - pati" codigoquadradissolve 43176741 VB #</Process>
				<Process ToolSource="c:\program files (x86)\arcgis\desktop10.8\ArcToolbox\Toolboxes\Data Management Tools.tbx\EnableEditorTracking" Date="20200807" Time="131542">EnableEditorTracking "Database Connections\medeia@arcgis@sigcaxias.sde\arcgis.sigcaxias.lote" created_user created_date last_edited_user last_edited_date ADD_FIELDS DATABASE_TIME</Process>
			</lineage>
			<itemProps>
				<itemName Sync="TRUE">lotes</itemName>
				<imsContentType Sync="TRUE">002</imsContentType>
				<nativeExtBox>
					<westBL Sync="TRUE">461491.614663</westBL>
					<eastBL Sync="TRUE">521193.971366</eastBL>
					<southBL Sync="TRUE">6752427.414296</southBL>
					<northBL Sync="TRUE">6814788.031596</northBL>
					<exTypeCode Sync="TRUE">1</exTypeCode>
				</nativeExtBox>
				<relatedItems>
					<item>
						<itemName/>
					</item>
				</relatedItems>
				<itemLocation>
					<linkage Sync="TRUE">file://\\megara\Z\opt\arcgis\server\usr\directories\arcgismapas\jobs\camadastemp\lotes\lotes.shp</linkage>
					<protocol Sync="TRUE">Local Area Network</protocol>
				</itemLocation>
				<itemSize Sync="TRUE">0.000</itemSize>
			</itemProps>
			<coordRef>
				<type Sync="TRUE">Projected</type>
				<geogcsn Sync="TRUE">GCS_SIRGAS_2000</geogcsn>
				<csUnits Sync="TRUE">Linear Unit: Meter (1.000000)</csUnits>
				<projcsn Sync="TRUE">SIRGAS_2000_UTM_Zone_22S</projcsn>
				<peXml Sync="TRUE">&lt;ProjectedCoordinateSystem xsi:type='typens:ProjectedCoordinateSystem' xmlns:xsi='http://www.w3.org/2001/XMLSchema-instance' xmlns:xs='http://www.w3.org/2001/XMLSchema' xmlns:typens='http://www.esri.com/schemas/ArcGIS/10.7'&gt;&lt;WKT&gt;PROJCS[&amp;quot;SIRGAS_2000_UTM_Zone_22S&amp;quot;,GEOGCS[&amp;quot;GCS_SIRGAS_2000&amp;quot;,DATUM[&amp;quot;D_SIRGAS_2000&amp;quot;,SPHEROID[&amp;quot;GRS_1980&amp;quot;,6378137.0,298.257222101]],PRIMEM[&amp;quot;Greenwich&amp;quot;,0.0],UNIT[&amp;quot;Degree&amp;quot;,0.0174532925199433]],PROJECTION[&amp;quot;Transverse_Mercator&amp;quot;],PARAMETER[&amp;quot;False_Easting&amp;quot;,500000.0],PARAMETER[&amp;quot;False_Northing&amp;quot;,10000000.0],PARAMETER[&amp;quot;Central_Meridian&amp;quot;,-51.0],PARAMETER[&amp;quot;Scale_Factor&amp;quot;,0.9996],PARAMETER[&amp;quot;Latitude_Of_Origin&amp;quot;,0.0],UNIT[&amp;quot;Meter&amp;quot;,1.0],AUTHORITY[&amp;quot;EPSG&amp;quot;,31982]]&lt;/WKT&gt;&lt;XOrigin&gt;-5120900&lt;/XOrigin&gt;&lt;YOrigin&gt;1900&lt;/YOrigin&gt;&lt;XYScale&gt;450445547.3910538&lt;/XYScale&gt;&lt;ZOrigin&gt;-100000&lt;/ZOrigin&gt;&lt;ZScale&gt;10000&lt;/ZScale&gt;&lt;MOrigin&gt;-100000&lt;/MOrigin&gt;&lt;MScale&gt;10000&lt;/MScale&gt;&lt;XYTolerance&gt;0.001&lt;/XYTolerance&gt;&lt;ZTolerance&gt;0.001&lt;/ZTolerance&gt;&lt;MTolerance&gt;0.001&lt;/MTolerance&gt;&lt;HighPrecision&gt;true&lt;/HighPrecision&gt;&lt;WKID&gt;31982&lt;/WKID&gt;&lt;LatestWKID&gt;31982&lt;/LatestWKID&gt;&lt;/ProjectedCoordinateSystem&gt;</peXml>
			</coordRef>
		</DataProperties>
		<SyncDate>20210329</SyncDate>
		<SyncTime>07004100</SyncTime>
		<ModDate>20210329</ModDate>
		<ModTime>07004100</ModTime>
	</Esri>
	<dataIdInfo>
		<envirDesc Sync="TRUE">Microsoft Windows 7 Version 6.1 (Build 7601) Service Pack 1; Esri ArcGIS 10.7.1.11595</envirDesc>
		<dataLang>
			<languageCode value="" Sync="TRUE"/>
			<countryCode value="" Sync="TRUE"/>
		</dataLang>
		<idCitation>
			<resTitle Sync="TRUE">lotes</resTitle>
			<presForm>
				<PresFormCd value="005" Sync="TRUE"/>
			</presForm>
		</idCitation>
		<spatRpType>
			<SpatRepTypCd value="001" Sync="TRUE"/>
		</spatRpType>
		<dataExt>
			<geoEle>
				<GeoBndBox esriExtentType="search">
					<exTypeCode Sync="TRUE">1</exTypeCode>
					<westBL Sync="TRUE">-51.396732</westBL>
					<eastBL Sync="TRUE">-50.781648</eastBL>
					<northBL Sync="TRUE">-28.793866</northBL>
					<southBL Sync="TRUE">-29.357301</southBL>
				</GeoBndBox>
			</geoEle>
		</dataExt>
	</dataIdInfo>
	<mdLang>
		<languageCode value="" Sync="TRUE"/>
		<countryCode value="" Sync="TRUE"/>
	</mdLang>
	<distInfo>
		<distFormat>
			<formatName Sync="TRUE">Shapefile</formatName>
		</distFormat>
		<distTranOps>
			<transSize Sync="TRUE">0.000</transSize>
		</distTranOps>
	</distInfo>
	<mdHrLv>
		<ScopeCd value="005" Sync="TRUE"/>
	</mdHrLv>
	<mdHrLvName Sync="TRUE">dataset</mdHrLvName>
	<refSysInfo>
		<RefSystem>
			<refSysID>
				<identCode code="31982" Sync="TRUE"/>
				<idCodeSpace Sync="TRUE">EPSG</idCodeSpace>
				<idVersion Sync="TRUE">7.8.3(8.1.2)</idVersion>
			</refSysID>
		</RefSystem>
	</refSysInfo>
	<spatRepInfo>
		<VectSpatRep>
			<geometObjs Name="lotes">
				<geoObjTyp>
					<GeoObjTypCd value="002" Sync="TRUE"/>
				</geoObjTyp>
				<geoObjCnt Sync="TRUE">0</geoObjCnt>
			</geometObjs>
			<topLvl>
				<TopoLevCd value="001" Sync="TRUE"/>
			</topLvl>
		</VectSpatRep>
	</spatRepInfo>
	<spdoinfo>
		<ptvctinf>
			<esriterm Name="lotes">
				<efeatyp Sync="TRUE">Simple</efeatyp>
				<efeageom code="4" Sync="TRUE"/>
				<esritopo Sync="TRUE">FALSE</esritopo>
				<efeacnt Sync="TRUE">0</efeacnt>
				<spindex Sync="TRUE">FALSE</spindex>
				<linrefer Sync="TRUE">FALSE</linrefer>
			</esriterm>
		</ptvctinf>
	</spdoinfo>
	<eainfo>
		<detailed Name="lotes">
			<enttyp>
				<enttypl Sync="TRUE">lotes</enttypl>
				<enttypt Sync="TRUE">Feature Class</enttypt>
				<enttypc Sync="TRUE">0</enttypc>
			</enttyp>
			<attr>
				<attrlabl Sync="TRUE">FID</attrlabl>
				<attalias Sync="TRUE">FID</attalias>
				<attrtype Sync="TRUE">OID</attrtype>
				<attwidth Sync="TRUE">4</attwidth>
				<atprecis Sync="TRUE">0</atprecis>
				<attscale Sync="TRUE">0</attscale>
				<attrdef Sync="TRUE">Internal feature number.</attrdef>
				<attrdefs Sync="TRUE">Esri</attrdefs>
				<attrdomv>
					<udom Sync="TRUE">Sequential unique whole numbers that are automatically generated.</udom>
				</attrdomv>
			</attr>
			<attr>
				<attrlabl Sync="TRUE">codigolote</attrlabl>
				<attalias Sync="TRUE">codigolote</attalias>
				<attrtype Sync="TRUE">Integer</attrtype>
				<attwidth Sync="TRUE">10</attwidth>
				<atprecis Sync="TRUE">10</atprecis>
				<attscale Sync="TRUE">0</attscale>
				<attrdef Sync="TRUE">Internal feature number.</attrdef>
				<attrdefs Sync="TRUE">Esri</attrdefs>
				<attrdomv>
					<udom Sync="TRUE">Sequential unique whole numbers that are automatically generated.</udom>
				</attrdomv>
			</attr>
			<attr>
				<attrlabl Sync="TRUE">inscricaol</attrlabl>
				<attalias Sync="TRUE">inscricaol</attalias>
				<attrtype Sync="TRUE">String</attrtype>
				<attwidth Sync="TRUE">11</attwidth>
				<atprecis Sync="TRUE">0</atprecis>
				<attscale Sync="TRUE">0</attscale>
			</attr>
			<attr>
				<attrlabl Sync="TRUE">testada</attrlabl>
				<attalias Sync="TRUE">testada</attalias>
				<attrtype Sync="TRUE">Double</attrtype>
				<attwidth Sync="TRUE">19</attwidth>
				<atprecis Sync="TRUE">18</atprecis>
				<attscale Sync="TRUE">8</attscale>
			</attr>
			<attr>
				<attrlabl Sync="TRUE">profundida</attrlabl>
				<attalias Sync="TRUE">profundida</attalias>
				<attrtype Sync="TRUE">Double</attrtype>
				<attwidth Sync="TRUE">19</attwidth>
				<atprecis Sync="TRUE">18</atprecis>
				<attscale Sync="TRUE">8</attscale>
			</attr>
			<attr>
				<attrlabl Sync="TRUE">areatitula</attrlabl>
				<attalias Sync="TRUE">areatitula</attalias>
				<attrtype Sync="TRUE">Double</attrtype>
				<attwidth Sync="TRUE">19</attwidth>
				<atprecis Sync="TRUE">18</atprecis>
				<attscale Sync="TRUE">8</attscale>
			</attr>
			<attr>
				<attrlabl Sync="TRUE">arearestit</attrlabl>
				<attalias Sync="TRUE">arearestit</attalias>
				<attrtype Sync="TRUE">Double</attrtype>
				<attwidth Sync="TRUE">19</attwidth>
				<atprecis Sync="TRUE">18</atprecis>
				<attscale Sync="TRUE">8</attscale>
			</attr>
			<attr>
				<attrlabl Sync="TRUE">areaideal</attrlabl>
				<attalias Sync="TRUE">areaideal</attalias>
				<attrtype Sync="TRUE">Double</attrtype>
				<attwidth Sync="TRUE">19</attwidth>
				<atprecis Sync="TRUE">18</atprecis>
				<attscale Sync="TRUE">8</attscale>
			</attr>
			<attr>
				<attrlabl Sync="TRUE">areacorrig</attrlabl>
				<attalias Sync="TRUE">areacorrig</attalias>
				<attrtype Sync="TRUE">Double</attrtype>
				<attwidth Sync="TRUE">19</attwidth>
				<atprecis Sync="TRUE">18</atprecis>
				<attscale Sync="TRUE">8</attscale>
			</attr>
			<attr>
				<attrlabl Sync="TRUE">codigotrec</attrlabl>
				<attalias Sync="TRUE">codigotrec</attalias>
				<attrtype Sync="TRUE">Integer</attrtype>
				<attwidth Sync="TRUE">10</attwidth>
				<atprecis Sync="TRUE">10</atprecis>
				<attscale Sync="TRUE">0</attscale>
			</attr>
			<attr>
				<attrlabl Sync="TRUE">numeroende</attrlabl>
				<attalias Sync="TRUE">numeroende</attalias>
				<attrtype Sync="TRUE">String</attrtype>
				<attwidth Sync="TRUE">6</attwidth>
				<atprecis Sync="TRUE">0</atprecis>
				<attscale Sync="TRUE">0</attscale>
			</attr>
			<attr>
				<attrlabl Sync="TRUE">codigoquad</attrlabl>
				<attalias Sync="TRUE">codigoquad</attalias>
				<attrtype Sync="TRUE">Integer</attrtype>
				<attwidth Sync="TRUE">10</attwidth>
				<atprecis Sync="TRUE">10</atprecis>
				<attscale Sync="TRUE">0</attscale>
			</attr>
			<attr>
				<attrlabl Sync="TRUE">flag</attrlabl>
				<attalias Sync="TRUE">flag</attalias>
				<attrtype Sync="TRUE">Integer</attrtype>
				<attwidth Sync="TRUE">5</attwidth>
				<atprecis Sync="TRUE">5</atprecis>
				<attscale Sync="TRUE">0</attscale>
			</attr>
			<attr>
				<attrlabl Sync="TRUE">codigobair</attrlabl>
				<attalias Sync="TRUE">codigobair</attalias>
				<attrtype Sync="TRUE">Integer</attrtype>
				<attwidth Sync="TRUE">10</attwidth>
				<atprecis Sync="TRUE">10</atprecis>
				<attscale Sync="TRUE">0</attscale>
			</attr>
			<attr>
				<attrlabl Sync="TRUE">codigozona</attrlabl>
				<attalias Sync="TRUE">codigozona</attalias>
				<attrtype Sync="TRUE">Integer</attrtype>
				<attwidth Sync="TRUE">10</attwidth>
				<atprecis Sync="TRUE">10</atprecis>
				<attscale Sync="TRUE">0</attscale>
			</attr>
			<attr>
				<attrlabl Sync="TRUE">totalsublo</attrlabl>
				<attalias Sync="TRUE">totalsublo</attalias>
				<attrtype Sync="TRUE">Integer</attrtype>
				<attwidth Sync="TRUE">5</attwidth>
				<atprecis Sync="TRUE">5</atprecis>
				<attscale Sync="TRUE">0</attscale>
			</attr>
			<attr>
				<attrlabl Sync="TRUE">areaptl</attrlabl>
				<attalias Sync="TRUE">areaptl</attalias>
				<attrtype Sync="TRUE">Double</attrtype>
				<attwidth Sync="TRUE">19</attwidth>
				<atprecis Sync="TRUE">18</atprecis>
				<attscale Sync="TRUE">8</attscale>
			</attr>
			<attr>
				<attrlabl Sync="TRUE">areatribut</attrlabl>
				<attalias Sync="TRUE">areatribut</attalias>
				<attrtype Sync="TRUE">Double</attrtype>
				<attwidth Sync="TRUE">19</attwidth>
				<atprecis Sync="TRUE">18</atprecis>
				<attscale Sync="TRUE">8</attscale>
			</attr>
			<attr>
				<attrlabl Sync="TRUE">codigositu</attrlabl>
				<attalias Sync="TRUE">codigositu</attalias>
				<attrtype Sync="TRUE">Integer</attrtype>
				<attwidth Sync="TRUE">10</attwidth>
				<atprecis Sync="TRUE">10</atprecis>
				<attscale Sync="TRUE">0</attscale>
			</attr>
			<attr>
				<attrlabl Sync="TRUE">bacia</attrlabl>
				<attalias Sync="TRUE">bacia</attalias>
				<attrtype Sync="TRUE">Integer</attrtype>
				<attwidth Sync="TRUE">5</attwidth>
				<atprecis Sync="TRUE">5</atprecis>
				<attscale Sync="TRUE">0</attscale>
			</attr>
			<attr>
				<attrlabl Sync="TRUE">codigocorr</attrlabl>
				<attalias Sync="TRUE">codigocorr</attalias>
				<attrtype Sync="TRUE">Integer</attrtype>
				<attwidth Sync="TRUE">10</attwidth>
				<atprecis Sync="TRUE">10</atprecis>
				<attscale Sync="TRUE">0</attscale>
			</attr>
			<attr>
				<attrlabl Sync="TRUE">codigosi_1</attrlabl>
				<attalias Sync="TRUE">codigosi_1</attalias>
				<attrtype Sync="TRUE">Integer</attrtype>
				<attwidth Sync="TRUE">10</attwidth>
				<atprecis Sync="TRUE">10</atprecis>
				<attscale Sync="TRUE">0</attscale>
			</attr>
			<attr>
				<attrlabl Sync="TRUE">codigopedo</attrlabl>
				<attalias Sync="TRUE">codigopedo</attalias>
				<attrtype Sync="TRUE">Integer</attrtype>
				<attwidth Sync="TRUE">10</attwidth>
				<atprecis Sync="TRUE">10</atprecis>
				<attscale Sync="TRUE">0</attscale>
			</attr>
			<attr>
				<attrlabl Sync="TRUE">codigotopo</attrlabl>
				<attalias Sync="TRUE">codigotopo</attalias>
				<attrtype Sync="TRUE">Integer</attrtype>
				<attwidth Sync="TRUE">10</attwidth>
				<atprecis Sync="TRUE">10</atprecis>
				<attscale Sync="TRUE">0</attscale>
			</attr>
			<attr>
				<attrlabl Sync="TRUE">codigodist</attrlabl>
				<attalias Sync="TRUE">codigodist</attalias>
				<attrtype Sync="TRUE">Integer</attrtype>
				<attwidth Sync="TRUE">10</attwidth>
				<atprecis Sync="TRUE">10</atprecis>
				<attscale Sync="TRUE">0</attscale>
			</attr>
			<attr>
				<attrlabl Sync="TRUE">altatensao</attrlabl>
				<attalias Sync="TRUE">altatensao</attalias>
				<attrtype Sync="TRUE">Integer</attrtype>
				<attwidth Sync="TRUE">5</attwidth>
				<atprecis Sync="TRUE">5</atprecis>
				<attscale Sync="TRUE">0</attscale>
			</attr>
			<attr>
				<attrlabl Sync="TRUE">margemrodo</attrlabl>
				<attalias Sync="TRUE">margemrodo</attalias>
				<attrtype Sync="TRUE">Integer</attrtype>
				<attwidth Sync="TRUE">5</attwidth>
				<atprecis Sync="TRUE">5</atprecis>
				<attscale Sync="TRUE">0</attscale>
			</attr>
			<attr>
				<attrlabl Sync="TRUE">ativo</attrlabl>
				<attalias Sync="TRUE">ativo</attalias>
				<attrtype Sync="TRUE">Integer</attrtype>
				<attwidth Sync="TRUE">5</attwidth>
				<atprecis Sync="TRUE">5</atprecis>
				<attscale Sync="TRUE">0</attscale>
			</attr>
			<attr>
				<attrlabl Sync="TRUE">shape</attrlabl>
				<attalias Sync="TRUE">Shape</attalias>
				<attrtype Sync="TRUE">Geometry</attrtype>
				<attwidth Sync="TRUE">0</attwidth>
				<atprecis Sync="TRUE">0</atprecis>
				<attscale Sync="TRUE">0</attscale>
				<attrdef Sync="TRUE">Feature geometry.</attrdef>
				<attrdefs Sync="TRUE">Esri</attrdefs>
				<attrdomv>
					<udom Sync="TRUE">Coordinates defining the features.</udom>
				</attrdomv>
			</attr>
			<attr>
				<attrlabl Sync="TRUE">datacadast</attrlabl>
				<attalias Sync="TRUE">datacadast</attalias>
				<attrtype Sync="TRUE">Date</attrtype>
				<attwidth Sync="TRUE">8</attwidth>
				<atprecis Sync="TRUE">0</atprecis>
				<attscale Sync="TRUE">0</attscale>
			</attr>
			<attr>
				<attrlabl Sync="TRUE">dataultima</attrlabl>
				<attalias Sync="TRUE">dataultima</attalias>
				<attrtype Sync="TRUE">Date</attrtype>
				<attwidth Sync="TRUE">8</attwidth>
				<atprecis Sync="TRUE">0</atprecis>
				<attscale Sync="TRUE">0</attscale>
			</attr>
			<attr>
				<attrlabl Sync="TRUE">codigoqu_1</attrlabl>
				<attalias Sync="TRUE">codigoqu_1</attalias>
				<attrtype Sync="TRUE">String</attrtype>
				<attwidth Sync="TRUE">8</attwidth>
				<atprecis Sync="TRUE">0</atprecis>
				<attscale Sync="TRUE">0</attscale>
			</attr>
			<attr>
				<attrlabl Sync="TRUE">inscrica_1</attrlabl>
				<attalias Sync="TRUE">inscrica_1</attalias>
				<attrtype Sync="TRUE">String</attrtype>
				<attwidth Sync="TRUE">14</attwidth>
				<atprecis Sync="TRUE">0</atprecis>
				<attscale Sync="TRUE">0</attscale>
			</attr>
			<attr>
				<attrlabl Sync="TRUE">linkcroqui</attrlabl>
				<attalias Sync="TRUE">linkcroqui</attalias>
				<attrtype Sync="TRUE">String</attrtype>
				<attwidth Sync="TRUE">100</attwidth>
				<atprecis Sync="TRUE">0</atprecis>
				<attscale Sync="TRUE">0</attscale>
			</attr>
			<attr>
				<attrlabl Sync="TRUE">inscricoes</attrlabl>
				<attalias Sync="TRUE">inscricoes</attalias>
				<attrtype Sync="TRUE">String</attrtype>
				<attwidth Sync="TRUE">200</attwidth>
				<atprecis Sync="TRUE">0</atprecis>
				<attscale Sync="TRUE">0</attscale>
			</attr>
			<attr>
				<attrlabl Sync="TRUE">created_us</attrlabl>
				<attalias Sync="TRUE">created_us</attalias>
				<attrtype Sync="TRUE">String</attrtype>
				<attwidth Sync="TRUE">254</attwidth>
				<atprecis Sync="TRUE">0</atprecis>
				<attscale Sync="TRUE">0</attscale>
			</attr>
			<attr>
				<attrlabl Sync="TRUE">created_da</attrlabl>
				<attalias Sync="TRUE">created_da</attalias>
				<attrtype Sync="TRUE">Date</attrtype>
				<attwidth Sync="TRUE">8</attwidth>
				<atprecis Sync="TRUE">0</atprecis>
				<attscale Sync="TRUE">0</attscale>
			</attr>
			<attr>
				<attrlabl Sync="TRUE">last_edite</attrlabl>
				<attalias Sync="TRUE">last_edite</attalias>
				<attrtype Sync="TRUE">String</attrtype>
				<attwidth Sync="TRUE">254</attwidth>
				<atprecis Sync="TRUE">0</atprecis>
				<attscale Sync="TRUE">0</attscale>
			</attr>
			<attr>
				<attrlabl Sync="TRUE">last_edi_1</attrlabl>
				<attalias Sync="TRUE">last_edi_1</attalias>
				<attrtype Sync="TRUE">Date</attrtype>
				<attwidth Sync="TRUE">8</attwidth>
				<atprecis Sync="TRUE">0</atprecis>
				<attscale Sync="TRUE">0</attscale>
			</attr>
			<attr>
				<attrlabl Sync="TRUE">st_area_sh</attrlabl>
				<attalias Sync="TRUE">st_area_sh</attalias>
				<attrtype Sync="TRUE">Double</attrtype>
				<attwidth Sync="TRUE">19</attwidth>
				<atprecis Sync="TRUE">0</atprecis>
				<attscale Sync="TRUE">0</attscale>
			</attr>
			<attr>
				<attrlabl Sync="TRUE">st_length_</attrlabl>
				<attalias Sync="TRUE">st_length_</attalias>
				<attrtype Sync="TRUE">Double</attrtype>
				<attwidth Sync="TRUE">19</attwidth>
				<atprecis Sync="TRUE">0</atprecis>
				<attscale Sync="TRUE">0</attscale>
			</attr>
		</detailed>
	</eainfo>
	<mdDateSt Sync="TRUE">20210329</mdDateSt>
</metadata>
