<?xml version="1.0" encoding="UTF-8"?>
<metadata xml:lang="pt"><Esri><CreaDate>20190207</CreaDate><CreaTime>12372200</CreaTime><ArcGISFormat>1.0</ArcGISFormat><ArcGISstyle>North American Profile of ISO19115 2003</ArcGISstyle><SyncOnce>FALSE</SyncOnce><DataProperties><itemProps><itemName Sync="TRUE">simgeo.tematicos.Academias_melhor_idade</itemName><imsContentType Sync="FALSE" export="False">001</imsContentType><nativeExtBox><westBL Sync="TRUE">703449.493700</westBL><eastBL Sync="TRUE">722460.318100</eastBL><southBL Sync="TRUE">7080157.682700</southBL><northBL Sync="TRUE">7103660.266600</northBL><exTypeCode Sync="TRUE">1</exTypeCode></nativeExtBox><itemSize Sync="TRUE">0.002</itemSize><itemLocation><linkage Sync="TRUE">file://Service=sde:postgresql:pmj-bd04;pgport=5432; Database=simgeo; User=sde; Version=sde.DEFAULT</linkage><protocol Sync="TRUE">Local Area Network</protocol></itemLocation></itemProps><coordRef><type Sync="TRUE">Projected</type><geogcsn Sync="TRUE">GCS_SIRGAS_2000</geogcsn><csUnits Sync="TRUE">Linear Unit: Meter (1.000000)</csUnits><projcsn Sync="TRUE">SIRGAS_2000_UTM_Zone_22S</projcsn><peXml Sync="TRUE">&lt;ProjectedCoordinateSystem xsi:type='typens:ProjectedCoordinateSystem' xmlns:xsi='http://www.w3.org/2001/XMLSchema-instance' xmlns:xs='http://www.w3.org/2001/XMLSchema' xmlns:typens='http://www.esri.com/schemas/ArcGIS/10.0'&gt;&lt;WKT&gt;PROJCS[&amp;quot;SIRGAS_2000_UTM_Zone_22S&amp;quot;,GEOGCS[&amp;quot;GCS_SIRGAS_2000&amp;quot;,DATUM[&amp;quot;D_SIRGAS_2000&amp;quot;,SPHEROID[&amp;quot;GRS_1980&amp;quot;,6378137.0,298.257222101]],PRIMEM[&amp;quot;Greenwich&amp;quot;,0.0],UNIT[&amp;quot;Degree&amp;quot;,0.0174532925199433]],PROJECTION[&amp;quot;Transverse_Mercator&amp;quot;],PARAMETER[&amp;quot;False_Easting&amp;quot;,500000.0],PARAMETER[&amp;quot;False_Northing&amp;quot;,10000000.0],PARAMETER[&amp;quot;Central_Meridian&amp;quot;,-51.0],PARAMETER[&amp;quot;Scale_Factor&amp;quot;,0.9996],PARAMETER[&amp;quot;Latitude_Of_Origin&amp;quot;,0.0],UNIT[&amp;quot;Meter&amp;quot;,1.0],AUTHORITY[&amp;quot;EPSG&amp;quot;,31982]]&lt;/WKT&gt;&lt;XOrigin&gt;-5120900&lt;/XOrigin&gt;&lt;YOrigin&gt;1900&lt;/YOrigin&gt;&lt;XYScale&gt;10000&lt;/XYScale&gt;&lt;ZOrigin&gt;0&lt;/ZOrigin&gt;&lt;ZScale&gt;1&lt;/ZScale&gt;&lt;MOrigin&gt;0&lt;/MOrigin&gt;&lt;MScale&gt;1&lt;/MScale&gt;&lt;XYTolerance&gt;0.001&lt;/XYTolerance&gt;&lt;ZTolerance&gt;2&lt;/ZTolerance&gt;&lt;MTolerance&gt;2&lt;/MTolerance&gt;&lt;HighPrecision&gt;true&lt;/HighPrecision&gt;&lt;WKID&gt;31982&lt;/WKID&gt;&lt;/ProjectedCoordinateSystem&gt;</peXml></coordRef><lineage><Process ToolSource="C:\Program Files (x86)\ArcGIS\Desktop10.0\ArcToolbox\Toolboxes\Conversion Tools.tbx\FeatureClassToFeatureClass" Date="20170525" Time="112420" Name="" export="">FeatureClassToFeatureClass "M:\IPPUJ\UPD\Geral\GEOPROCESSAMENTO\GEO\2016\Academias da Melhor Idade\AMI_2017\AMI_2017.shp" "Database Connections\PROD tematicos.sde\simgeo.tematicos.tematicos" Academias_melhor_idade # "Id "Id" true true false 6 Long 0 6 ,First,#,M:\IPPUJ\UPD\Geral\GEOPROCESSAMENTO\GEO\2016\Academias da Melhor Idade\AMI_2017\AMI_2017.shp,Id,-1,-1;Nr "Nr" true true false 4 Short 0 4 ,First,#,M:\IPPUJ\UPD\Geral\GEOPROCESSAMENTO\GEO\2016\Academias da Melhor Idade\AMI_2017\AMI_2017.shp,Nr,-1,-1;Layer "Layer" true true false 254 Text 0 0 ,First,#,M:\IPPUJ\UPD\Geral\GEOPROCESSAMENTO\GEO\2016\Academias da Melhor Idade\AMI_2017\AMI_2017.shp,Layer,-1,-1;Tabela - A "Tabela - A" true true false 254 Text 0 0 ,First,#,M:\IPPUJ\UPD\Geral\GEOPROCESSAMENTO\GEO\2016\Academias da Melhor Idade\AMI_2017\AMI_2017.shp,Tabela - A,-1,-1;usuário_ad "usuário_ad" true true false 10 Text 0 0 ,First,#,M:\IPPUJ\UPD\Geral\GEOPROCESSAMENTO\GEO\2016\Academias da Melhor Idade\AMI_2017\AMI_2017.shp,usuário_ad,-1,-1;dt_inc "dt_inc" true true false 8 Date 0 0 ,First,#,M:\IPPUJ\UPD\Geral\GEOPROCESSAMENTO\GEO\2016\Academias da Melhor Idade\AMI_2017\AMI_2017.shp,dt_inc,-1,-1;dt_upd "dt_upd" true true false 8 Date 0 0 ,First,#,M:\IPPUJ\UPD\Geral\GEOPROCESSAMENTO\GEO\2016\Academias da Melhor Idade\AMI_2017\AMI_2017.shp,dt_upd,-1,-1" PG_GEOMETRY</Process></lineage></DataProperties><SyncDate>20170704</SyncDate><SyncTime>07333400</SyncTime><ModDate>20170704</ModDate><ModTime>07333400</ModTime><ArcGISProfile>NAP</ArcGISProfile></Esri><dataIdInfo><envirDesc Sync="TRUE">Microsoft Windows 7 Version 6.1 (Build 7601) Service Pack 1; ESRI ArcGIS 10.0.5.4400</envirDesc><dataLang><languageCode value="por" Sync="TRUE"/><countryCode value="BRA" Sync="TRUE"/></dataLang><idCitation xmlns=""><resTitle Sync="FALSE">Academias da Melhor Idade em Joinville</resTitle><presForm xmlns=""><PresFormCd value="005" Sync="TRUE"/></presForm><resAltTitle>Academia Melhor Idade - AMI</resAltTitle><date><createDate>2017-05-24T17:00:00</createDate><pubDate>2017-05-25T00:00:00</pubDate></date><citRespParty xmlns=""><rpIndName>Núcleo de Geoprocessamento - GEO; Secretaria de Esportes - SESPORTE; </rpIndName><rpOrgName>Prefeitura Municipal de Joinville - PMJ</rpOrgName><rpPosName>Autor</rpPosName><role><RoleCd value="001"/></role></citRespParty></idCitation><spatRpType><SpatRepTypCd value="001" Sync="TRUE"/></spatRpType><dataExt xmlns=""><geoEle xmlns=""><GeoBndBox esriExtentType="search"><exTypeCode Sync="TRUE">1</exTypeCode><westBL Sync="TRUE">-48.964372</westBL><eastBL Sync="TRUE">-48.770216</eastBL><northBL Sync="TRUE">-26.169305</northBL><southBL Sync="TRUE">-26.384202</southBL></GeoBndBox></geoEle></dataExt><idPurp>Localização das Academias da Melhor Idade em Joinville</idPurp><idAbs>&lt;DIV STYLE="text-align:Left;"&gt;&lt;DIV&gt;&lt;DIV&gt;&lt;P&gt;&lt;SPAN&gt;Aacdemia Melhor Idade no Município de Joinville&lt;/SPAN&gt;&lt;/P&gt;&lt;/DIV&gt;&lt;/DIV&gt;&lt;/DIV&gt;</idAbs><idCredit>Núcleo de Geoprocessamento - GEO; Secretaria de Esportes - SESPORTE; Prefeitura Municipal de Joinville - PMJ</idCredit><searchKeys><keyword>Academia Melhor Idade; Praças;</keyword></searchKeys><dataChar><CharSetCd value="004"/></dataChar><dataScale xmlns=""><equScale><rfDenom>10000</rfDenom></equScale></dataScale><idStatus><ProgCd value="004"/></idStatus><resMaint xmlns=""><maintFreq><MaintFreqCd value="001"/></maintFreq></resMaint><resConst><LegConsts xmlns=""><accessConsts><RestrictCd value="009"/></accessConsts><useConsts><RestrictCd value="006"/></useConsts></LegConsts></resConst><tpCat><TopicCatCd value="010"/></tpCat></dataIdInfo><mdLang><languageCode value="por" Sync="FALSE"/><countryCode value="BRA" Sync="TRUE"/></mdLang><mdChar><CharSetCd value="004" Sync="TRUE"/></mdChar><distInfo><distFormat><formatName Sync="TRUE">SDE Feature Class</formatName></distFormat><distTranOps><transSize Sync="TRUE">0.002</transSize></distTranOps></distInfo><mdHrLv><ScopeCd value="005" Sync="TRUE"/></mdHrLv><mdHrLvName Sync="TRUE">dataset</mdHrLvName><refSysInfo><RefSystem dimension=""><refSysID xmlns=""><identCode code="31982" Sync="TRUE" value="31982"/><idCodeSpace Sync="TRUE">EPSG</idCodeSpace><idVersion Sync="TRUE">7.4.1</idVersion></refSysID></RefSystem></refSysInfo><spatRepInfo><VectSpatRep><geometObjs Name="simgeo.tematicos.Academias_melhor_idade"><geoObjTyp><GeoObjTypCd value="004" Sync="TRUE"></GeoObjTypCd></geoObjTyp><geoObjCnt Sync="TRUE">69</geoObjCnt></geometObjs><topLvl><TopoLevCd value="001" Sync="TRUE"></TopoLevCd></topLvl></VectSpatRep></spatRepInfo><spdoinfo><ptvctinf><esriterm><efeatyp Sync="TRUE">Simple</efeatyp><efeageom code="1" Sync="TRUE"></efeageom><esritopo Sync="TRUE">FALSE</esritopo><efeacnt Sync="TRUE">69</efeacnt><spindex Sync="TRUE">TRUE</spindex><linrefer Sync="TRUE">FALSE</linrefer></esriterm></ptvctinf></spdoinfo><eainfo><detailed Name="simgeo.tematicos.Academias_melhor_idade" xmlns=""><enttyp><enttypl Sync="TRUE">simgeo.tematicos.Academias_melhor_idade</enttypl><enttypt Sync="TRUE">Feature Class</enttypt><enttypc Sync="TRUE">69</enttypc></enttyp><attr><attrlabl Sync="TRUE">objectid</attrlabl><attalias Sync="TRUE">objectid</attalias><attrtype Sync="TRUE">OID</attrtype><attwidth Sync="TRUE">4</attwidth><atprecis Sync="TRUE">10</atprecis><attscale Sync="TRUE">0</attscale><attrdef Sync="TRUE">Internal feature number.</attrdef><attrdefs Sync="TRUE">ESRI</attrdefs><attrdomv><udom Sync="TRUE">Sequential unique whole numbers that are automatically generated.</udom></attrdomv></attr><attr xmlns=""><attrlabl Sync="TRUE">Shape</attrlabl><attalias Sync="TRUE">shape</attalias><attrtype Sync="TRUE">Geometry</attrtype><attwidth Sync="TRUE">4</attwidth><atprecis Sync="TRUE">0</atprecis><attscale Sync="TRUE">0</attscale><attrdef Sync="TRUE">Feature geometry.</attrdef><attrdefs Sync="TRUE">ESRI</attrdefs><attrdomv><udom Sync="TRUE">Coordinates defining the features.</udom></attrdomv></attr><attr><attrlabl Sync="TRUE">tabela___a</attrlabl><attalias Sync="TRUE">tabela___a</attalias><attrtype Sync="TRUE">String</attrtype><attwidth Sync="TRUE">254</attwidth><atprecis Sync="TRUE">0</atprecis><attscale Sync="TRUE">0</attscale></attr><attr><attrlabl Sync="TRUE">usuário_ad</attrlabl><attalias Sync="TRUE">usuário_ad</attalias><attrtype Sync="TRUE">String</attrtype><attwidth Sync="TRUE">10</attwidth><atprecis Sync="TRUE">0</atprecis><attscale Sync="TRUE">0</attscale></attr><attr><attrlabl Sync="TRUE">dt_inc</attrlabl><attalias Sync="TRUE">dt_inc</attalias><attrtype Sync="TRUE">Date</attrtype><attwidth Sync="TRUE">36</attwidth><atprecis Sync="TRUE">0</atprecis><attscale Sync="TRUE">0</attscale></attr><attr><attrlabl Sync="TRUE">dt_upd</attrlabl><attalias Sync="TRUE">dt_upd</attalias><attrtype Sync="TRUE">Date</attrtype><attwidth Sync="TRUE">36</attwidth><atprecis Sync="TRUE">0</atprecis><attscale Sync="TRUE">0</attscale></attr><attr xmlns=""><attrlabl Sync="TRUE">Layer</attrlabl><attalias Sync="TRUE">layer</attalias><attrtype Sync="TRUE">String</attrtype><attwidth Sync="TRUE">254</attwidth><atprecis Sync="TRUE">0</atprecis><attscale Sync="TRUE">0</attscale></attr></detailed></eainfo><mdDateSt Sync="TRUE">20170704</mdDateSt><mdFileID>BFF2E329-CB12-4164-A110-D8ECA97DB04A</mdFileID><mdContact xmlns=""><rpIndName>Núcleo de Geoprocessamento - GEO/SEPUD</rpIndName><rpOrgName>Prefeitura Municipal de Joinville - PMJ</rpOrgName><rpPosName>Autor</rpPosName><role><RoleCd value="011"/></role></mdContact><mdMaint xmlns=""><maintFreq><MaintFreqCd value="001"/></maintFreq></mdMaint><dqInfo xmlns=""><dqScope><scpLvl><ScopeCd value="009"/></scpLvl></dqScope><dataLineage><statement>Academias da Melhor Idade gerada a partir dos dados fornecidos pela Secretaria de Esportes - SESPORTE.</statement></dataLineage></dqInfo></metadata>
