<?xml version="1.0" encoding="UTF-8"?>
<metadata xml:lang="pt"><Esri><CreaDate>20190207</CreaDate><CreaTime>11323000</CreaTime><ArcGISFormat>1.0</ArcGISFormat><SyncOnce>FALSE</SyncOnce><DataProperties><lineage><Process ToolSource="C:\Arquivos de programas\ArcGIS\Desktop10.0\ArcToolbox\Toolboxes\Data Management Tools.tbx\CalculateField" Date="20141126" Time="150724">CalculateField Rede_Lazer Legenda [nome] VB #</Process><Process ToolSource="C:\Arquivos de programas\ArcGIS\Desktop10.0\ArcToolbox\Toolboxes\Data Management Tools.tbx\CalculateField" Date="20141126" Time="150800">CalculateField Rede_Lazer Legenda ""Praça" +" " + [nome]" VB #</Process><Process ToolSource="C:\Arquivos de programas\ArcGIS\Desktop10.0\ArcToolbox\Toolboxes\Data Management Tools.tbx\CalculateField" Date="20141126" Time="150855">CalculateField Rede_Lazer Legenda [nome] VB #</Process><Process ToolSource="C:\Arquivos de programas\ArcGIS\Desktop10.0\ArcToolbox\Toolboxes\Data Management Tools.tbx\CalculateField" Date="20141126" Time="150935">CalculateField Rede_Lazer Legenda [nome] VB #</Process><Process ToolSource="C:\Arquivos de programas\ArcGIS\Desktop10.0\ArcToolbox\Toolboxes\Data Management Tools.tbx\CalculateField" Date="20141126" Time="151007">CalculateField Rede_Lazer ARQ "LAZER" VB #</Process><Process ToolSource="C:\Arquivos de programas\ArcGIS\Desktop10.0\ArcToolbox\Toolboxes\Data Management Tools.tbx\CalculateField" Date="20141126" Time="153554">CalculateField Rede_Lazer Legenda [nome] VB #</Process><Process ToolSource="C:\Arquivos de programas\ArcGIS\Desktop10.0\ArcToolbox\Toolboxes\Data Management Tools.tbx\CalculateField" Date="20141126" Time="153704">CalculateField Rede_Lazer Legenda ""Praça" + " " + [nome]" VB #</Process><Process ToolSource="C:\Arquivos de programas\ArcGIS\Desktop10.0\ArcToolbox\Toolboxes\Data Management Tools.tbx\CalculateField" Date="20150128" Time="132347">CalculateField Rede_Lazer bairro "BOA VISTA" VB #</Process><Process ToolSource="C:\Arquivos de programas\ArcGIS\Desktop10.0\ArcToolbox\Toolboxes\Data Management Tools.tbx\CalculateField" Date="20150128" Time="132452">CalculateField Rede_Lazer bairro "ZONA INDUSTRIAL NORTE" VB #</Process><Process ToolSource="C:\Arquivos de programas\ArcGIS\Desktop10.0\ArcToolbox\Toolboxes\Data Management Tools.tbx\CalculateField" Date="20150128" Time="132543">CalculateField Rede_Lazer bairro "PARANAGUAMIRIM" VB #</Process><Process ToolSource="C:\Arquivos de programas\ArcGIS\Desktop10.0\ArcToolbox\Toolboxes\Data Management Tools.tbx\CalculateField" Date="20150128" Time="134422">CalculateField Rede_Lazer Legenda [nome] VB #</Process><Process ToolSource="C:\Arquivos de programas\ArcGIS\Desktop10.0\ArcToolbox\Toolboxes\Data Management Tools.tbx\CalculateField" Date="20150128" Time="134453">CalculateField Rede_Lazer Legenda ""Praça"+ [nome]" VB #</Process><Process ToolSource="C:\Arquivos de programas\ArcGIS\Desktop10.0\ArcToolbox\Toolboxes\Data Management Tools.tbx\CalculateField" Date="20150128" Time="134531">CalculateField Rede_Lazer Legenda [nome] VB #</Process><Process ToolSource="C:\Arquivos de programas\ArcGIS\Desktop10.0\ArcToolbox\Toolboxes\Data Management Tools.tbx\CalculateField" Date="20150128" Time="134558">CalculateField Rede_Lazer Legenda "Praça"+" "+[nome] VB #</Process><Process ToolSource="C:\Arquivos de programas\ArcGIS\Desktop10.0\ArcToolbox\Toolboxes\Data Management Tools.tbx\CalculateField" Date="20150128" Time="134615">CalculateField Rede_Lazer Legenda "Praça"+" "+"da"+[nome] VB #</Process><Process ToolSource="C:\Arquivos de programas\ArcGIS\Desktop10.0\ArcToolbox\Toolboxes\Data Management Tools.tbx\CalculateField" Date="20150128" Time="134631">CalculateField Rede_Lazer Legenda "Praça"+" "+[nome] VB #</Process><Process ToolSource="C:\Arquivos de programas\ArcGIS\Desktop10.0\ArcToolbox\Toolboxes\Data Management Tools.tbx\CalculateField" Date="20150128" Time="134647">CalculateField Rede_Lazer Legenda "Praça"+" "+"da"+[nome] VB #</Process><Process ToolSource="C:\Arquivos de programas\ArcGIS\Desktop10.0\ArcToolbox\Toolboxes\Data Management Tools.tbx\CalculateField" Date="20150128" Time="134739">CalculateField Rede_Lazer Legenda [nome] VB #</Process><Process ToolSource="c:\program files (x86)\arcgis\desktop10.0\ArcToolbox\Toolboxes\Data Management Tools.tbx\CalculateField" Date="20170626" Time="072959">CalculateField areas_de_lazer nome_2 "PRAÇA" VB #</Process><Process ToolSource="c:\program files (x86)\arcgis\desktop10.0\ArcToolbox\Toolboxes\Data Management Tools.tbx\CalculateField" Date="20170626" Time="073112">CalculateField areas_de_lazer endereço "Praia da Vigorelli" VB #</Process><Process ToolSource="C:\Program Files (x86)\ArcGIS\Desktop10.0\ArcToolbox\Toolboxes\Conversion Tools.tbx\FeatureClassToFeatureClass" Date="20170626" Time="073414">FeatureClassToFeatureClass M:\IPPUJ\UPD\Geral\GEOPROCESSAMENTO\GEO\2017\SHP\eq_de_lazer\areas_de_lazer.shp "Database Connections\PROD tematicos.sde\simgeo.tematicos.tematicos" equipamentos_de_lazer # "nome "nome" true true false 254 Text 0 0 ,First,#,M:\IPPUJ\UPD\Geral\GEOPROCESSAMENTO\GEO\2017\SHP\eq_de_lazer\areas_de_lazer.shp,nome,-1,-1;endereço "endereço" true true false 254 Text 0 0 ,First,#,M:\IPPUJ\UPD\Geral\GEOPROCESSAMENTO\GEO\2017\SHP\eq_de_lazer\areas_de_lazer.shp,endereço,-1,-1;bairro "bairro" true true false 254 Text 0 0 ,First,#,M:\IPPUJ\UPD\Geral\GEOPROCESSAMENTO\GEO\2017\SHP\eq_de_lazer\areas_de_lazer.shp,bairro,-1,-1;shape_leng "shape_leng" true true false 19 Double 0 0 ,First,#,M:\IPPUJ\UPD\Geral\GEOPROCESSAMENTO\GEO\2017\SHP\eq_de_lazer\areas_de_lazer.shp,shape_leng,-1,-1;nome_2 "nome_2" true true false 50 Text 0 0 ,First,#,M:\IPPUJ\UPD\Geral\GEOPROCESSAMENTO\GEO\2017\SHP\eq_de_lazer\areas_de_lazer.shp,nome_2,-1,-1;sec__regio "sec__regio" true true false 254 Text 0 0 ,First,#,M:\IPPUJ\UPD\Geral\GEOPROCESSAMENTO\GEO\2017\SHP\eq_de_lazer\areas_de_lazer.shp,sec__regio,-1,-1;lei "lei" true true false 254 Text 0 0 ,First,#,M:\IPPUJ\UPD\Geral\GEOPROCESSAMENTO\GEO\2017\SHP\eq_de_lazer\areas_de_lazer.shp,lei,-1,-1;bancos "bancos" true true false 19 Double 0 0 ,First,#,M:\IPPUJ\UPD\Geral\GEOPROCESSAMENTO\GEO\2017\SHP\eq_de_lazer\areas_de_lazer.shp,bancos,-1,-1;notabanco "notabanco" true true false 19 Double 0 0 ,First,#,M:\IPPUJ\UPD\Geral\GEOPROCESSAMENTO\GEO\2017\SHP\eq_de_lazer\areas_de_lazer.shp,notabanco,-1,-1;iluminacao "iluminacao" true true false 19 Double 0 0 ,First,#,M:\IPPUJ\UPD\Geral\GEOPROCESSAMENTO\GEO\2017\SHP\eq_de_lazer\areas_de_lazer.shp,iluminacao,-1,-1;notailum "notailum" true true false 19 Double 0 0 ,First,#,M:\IPPUJ\UPD\Geral\GEOPROCESSAMENTO\GEO\2017\SHP\eq_de_lazer\areas_de_lazer.shp,notailum,-1,-1;lixeiras "lixeiras" true true false 19 Double 0 0 ,First,#,M:\IPPUJ\UPD\Geral\GEOPROCESSAMENTO\GEO\2017\SHP\eq_de_lazer\areas_de_lazer.shp,lixeiras,-1,-1;notalix "notalix" true true false 19 Double 0 0 ,First,#,M:\IPPUJ\UPD\Geral\GEOPROCESSAMENTO\GEO\2017\SHP\eq_de_lazer\areas_de_lazer.shp,notalix,-1,-1;sanitarios "sanitarios" true true false 19 Double 0 0 ,First,#,M:\IPPUJ\UPD\Geral\GEOPROCESSAMENTO\GEO\2017\SHP\eq_de_lazer\areas_de_lazer.shp,sanitarios,-1,-1;notasan "notasan" true true false 19 Double 0 0 ,First,#,M:\IPPUJ\UPD\Geral\GEOPROCESSAMENTO\GEO\2017\SHP\eq_de_lazer\areas_de_lazer.shp,notasan,-1,-1;tel__publi "tel__publi" true true false 19 Double 0 0 ,First,#,M:\IPPUJ\UPD\Geral\GEOPROCESSAMENTO\GEO\2017\SHP\eq_de_lazer\areas_de_lazer.shp,tel__publi,-1,-1;bebedouros "bebedouros" true true false 19 Double 0 0 ,First,#,M:\IPPUJ\UPD\Geral\GEOPROCESSAMENTO\GEO\2017\SHP\eq_de_lazer\areas_de_lazer.shp,bebedouros,-1,-1;notabeb "notabeb" true true false 19 Double 0 0 ,First,#,M:\IPPUJ\UPD\Geral\GEOPROCESSAMENTO\GEO\2017\SHP\eq_de_lazer\areas_de_lazer.shp,notabeb,-1,-1;caminhos_i "caminhos_i" true true false 19 Double 0 0 ,First,#,M:\IPPUJ\UPD\Geral\GEOPROCESSAMENTO\GEO\2017\SHP\eq_de_lazer\areas_de_lazer.shp,caminhos_i,-1,-1;notacam "notacam" true true false 19 Double 0 0 ,First,#,M:\IPPUJ\UPD\Geral\GEOPROCESSAMENTO\GEO\2017\SHP\eq_de_lazer\areas_de_lazer.shp,notacam,-1,-1;caminhos_e "caminhos_e" true true false 19 Double 0 0 ,First,#,M:\IPPUJ\UPD\Geral\GEOPROCESSAMENTO\GEO\2017\SHP\eq_de_lazer\areas_de_lazer.shp,caminhos_e,-1,-1;notacamex "notacamex" true true false 19 Double 0 0 ,First,#,M:\IPPUJ\UPD\Geral\GEOPROCESSAMENTO\GEO\2017\SHP\eq_de_lazer\areas_de_lazer.shp,notacamex,-1,-1;palco_core "palco_core" true true false 19 Double 0 0 ,First,#,M:\IPPUJ\UPD\Geral\GEOPROCESSAMENTO\GEO\2017\SHP\eq_de_lazer\areas_de_lazer.shp,palco_core,-1,-1;monumento "monumento" true true false 19 Double 0 0 ,First,#,M:\IPPUJ\UPD\Geral\GEOPROCESSAMENTO\GEO\2017\SHP\eq_de_lazer\areas_de_lazer.shp,monumento,-1,-1;espelho_d_ "espelho_d_" true true false 19 Double 0 0 ,First,#,M:\IPPUJ\UPD\Geral\GEOPROCESSAMENTO\GEO\2017\SHP\eq_de_lazer\areas_de_lazer.shp,espelho_d_,-1,-1;estacionam "estacionam" true true false 19 Double 0 0 ,First,#,M:\IPPUJ\UPD\Geral\GEOPROCESSAMENTO\GEO\2017\SHP\eq_de_lazer\areas_de_lazer.shp,estacionam,-1,-1;ponto_de_o "ponto_de_o" true true false 19 Double 0 0 ,First,#,M:\IPPUJ\UPD\Geral\GEOPROCESSAMENTO\GEO\2017\SHP\eq_de_lazer\areas_de_lazer.shp,ponto_de_o,-1,-1;ponto_de_t "ponto_de_t" true true false 19 Double 0 0 ,First,#,M:\IPPUJ\UPD\Geral\GEOPROCESSAMENTO\GEO\2017\SHP\eq_de_lazer\areas_de_lazer.shp,ponto_de_t,-1,-1;quadra_esp "quadra_esp" true true false 19 Double 0 0 ,First,#,M:\IPPUJ\UPD\Geral\GEOPROCESSAMENTO\GEO\2017\SHP\eq_de_lazer\areas_de_lazer.shp,quadra_esp,-1,-1;notaqua "notaqua" true true false 19 Double 0 0 ,First,#,M:\IPPUJ\UPD\Geral\GEOPROCESSAMENTO\GEO\2017\SHP\eq_de_lazer\areas_de_lazer.shp,notaqua,-1,-1;eqpto__par "eqpto__par" true true false 19 Double 0 0 ,First,#,M:\IPPUJ\UPD\Geral\GEOPROCESSAMENTO\GEO\2017\SHP\eq_de_lazer\areas_de_lazer.shp,eqpto__par,-1,-1;notaeqfis "notaeqfis" true true false 19 Double 0 0 ,First,#,M:\IPPUJ\UPD\Geral\GEOPROCESSAMENTO\GEO\2017\SHP\eq_de_lazer\areas_de_lazer.shp,notaeqfis,-1,-1;eqpto__ter "eqpto__ter" true true false 19 Double 0 0 ,First,#,M:\IPPUJ\UPD\Geral\GEOPROCESSAMENTO\GEO\2017\SHP\eq_de_lazer\areas_de_lazer.shp,eqpto__ter,-1,-1;notaeqter "notaeqter" true true false 19 Double 0 0 ,First,#,M:\IPPUJ\UPD\Geral\GEOPROCESSAMENTO\GEO\2017\SHP\eq_de_lazer\areas_de_lazer.shp,notaeqter,-1,-1;eqpto__inf "eqpto__inf" true true false 19 Double 0 0 ,First,#,M:\IPPUJ\UPD\Geral\GEOPROCESSAMENTO\GEO\2017\SHP\eq_de_lazer\areas_de_lazer.shp,eqpto__inf,-1,-1;notaeqinf "notaeqinf" true true false 19 Double 0 0 ,First,#,M:\IPPUJ\UPD\Geral\GEOPROCESSAMENTO\GEO\2017\SHP\eq_de_lazer\areas_de_lazer.shp,notaeqinf,-1,-1;quiosque_a "quiosque_a" true true false 19 Double 0 0 ,First,#,M:\IPPUJ\UPD\Geral\GEOPROCESSAMENTO\GEO\2017\SHP\eq_de_lazer\areas_de_lazer.shp,quiosque_a,-1,-1;identifica "identifica" true true false 19 Double 0 0 ,First,#,M:\IPPUJ\UPD\Geral\GEOPROCESSAMENTO\GEO\2017\SHP\eq_de_lazer\areas_de_lazer.shp,identifica,-1,-1;rampa_aces "rampa_aces" true true false 19 Double 0 0 ,First,#,M:\IPPUJ\UPD\Geral\GEOPROCESSAMENTO\GEO\2017\SHP\eq_de_lazer\areas_de_lazer.shp,rampa_aces,-1,-1;notarampa "notarampa" true true false 19 Double 0 0 ,First,#,M:\IPPUJ\UPD\Geral\GEOPROCESSAMENTO\GEO\2017\SHP\eq_de_lazer\areas_de_lazer.shp,notarampa,-1,-1;bicicletar "bicicletar" true true false 19 Double 0 0 ,First,#,M:\IPPUJ\UPD\Geral\GEOPROCESSAMENTO\GEO\2017\SHP\eq_de_lazer\areas_de_lazer.shp,bicicletar,-1,-1;paisagismo "paisagismo" true true false 19 Double 0 0 ,First,#,M:\IPPUJ\UPD\Geral\GEOPROCESSAMENTO\GEO\2017\SHP\eq_de_lazer\areas_de_lazer.shp,paisagismo,-1,-1;notapaisa "notapaisa" true true false 19 Double 0 0 ,First,#,M:\IPPUJ\UPD\Geral\GEOPROCESSAMENTO\GEO\2017\SHP\eq_de_lazer\areas_de_lazer.shp,notapaisa,-1,-1;localizaca "localizaca" true true false 19 Double 0 0 ,First,#,M:\IPPUJ\UPD\Geral\GEOPROCESSAMENTO\GEO\2017\SHP\eq_de_lazer\areas_de_lazer.shp,localizaca,-1,-1;notalocal "notalocal" true true false 19 Double 0 0 ,First,#,M:\IPPUJ\UPD\Geral\GEOPROCESSAMENTO\GEO\2017\SHP\eq_de_lazer\areas_de_lazer.shp,notalocal,-1,-1;conservaca "conservaca" true true false 19 Double 0 0 ,First,#,M:\IPPUJ\UPD\Geral\GEOPROCESSAMENTO\GEO\2017\SHP\eq_de_lazer\areas_de_lazer.shp,conservaca,-1,-1;notacons "notacons" true true false 19 Double 0 0 ,First,#,M:\IPPUJ\UPD\Geral\GEOPROCESSAMENTO\GEO\2017\SHP\eq_de_lazer\areas_de_lazer.shp,notacons,-1,-1;seguranca "seguranca" true true false 19 Double 0 0 ,First,#,M:\IPPUJ\UPD\Geral\GEOPROCESSAMENTO\GEO\2017\SHP\eq_de_lazer\areas_de_lazer.shp,seguranca,-1,-1;notasegur "notasegur" true true false 19 Double 0 0 ,First,#,M:\IPPUJ\UPD\Geral\GEOPROCESSAMENTO\GEO\2017\SHP\eq_de_lazer\areas_de_lazer.shp,notasegur,-1,-1;conforto_a "conforto_a" true true false 19 Double 0 0 ,First,#,M:\IPPUJ\UPD\Geral\GEOPROCESSAMENTO\GEO\2017\SHP\eq_de_lazer\areas_de_lazer.shp,conforto_a,-1,-1;notaconfor "notaconfor" true true false 19 Double 0 0 ,First,#,M:\IPPUJ\UPD\Geral\GEOPROCESSAMENTO\GEO\2017\SHP\eq_de_lazer\areas_de_lazer.shp,notaconfor,-1,-1;nota_final "nota_final" true true false 19 Double 0 0 ,First,#,M:\IPPUJ\UPD\Geral\GEOPROCESSAMENTO\GEO\2017\SHP\eq_de_lazer\areas_de_lazer.shp,nota_final,-1,-1;funcões_us "funcões_us" true true false 254 Text 0 0 ,First,#,M:\IPPUJ\UPD\Geral\GEOPROCESSAMENTO\GEO\2017\SHP\eq_de_lazer\areas_de_lazer.shp,funcões_us,-1,-1;bancos1 "bancos1" true true false 19 Double 0 0 ,First,#,M:\IPPUJ\UPD\Geral\GEOPROCESSAMENTO\GEO\2017\SHP\eq_de_lazer\areas_de_lazer.shp,bancos1,-1,-1;iluminac_1 "iluminac_1" true true false 19 Double 0 0 ,First,#,M:\IPPUJ\UPD\Geral\GEOPROCESSAMENTO\GEO\2017\SHP\eq_de_lazer\areas_de_lazer.shp,iluminac_1,-1,-1;lixeiras1 "lixeiras1" true true false 19 Double 0 0 ,First,#,M:\IPPUJ\UPD\Geral\GEOPROCESSAMENTO\GEO\2017\SHP\eq_de_lazer\areas_de_lazer.shp,lixeiras1,-1,-1;sanitari_1 "sanitari_1" true true false 19 Double 0 0 ,First,#,M:\IPPUJ\UPD\Geral\GEOPROCESSAMENTO\GEO\2017\SHP\eq_de_lazer\areas_de_lazer.shp,sanitari_1,-1,-1;tel__pub_1 "tel__pub_1" true true false 19 Double 0 0 ,First,#,M:\IPPUJ\UPD\Geral\GEOPROCESSAMENTO\GEO\2017\SHP\eq_de_lazer\areas_de_lazer.shp,tel__pub_1,-1,-1;bebedour_1 "bebedour_1" true true false 19 Double 0 0 ,First,#,M:\IPPUJ\UPD\Geral\GEOPROCESSAMENTO\GEO\2017\SHP\eq_de_lazer\areas_de_lazer.shp,bebedour_1,-1,-1;palco_co_1 "palco_co_1" true true false 19 Double 0 0 ,First,#,M:\IPPUJ\UPD\Geral\GEOPROCESSAMENTO\GEO\2017\SHP\eq_de_lazer\areas_de_lazer.shp,palco_co_1,-1,-1;monumento1 "monumento1" true true false 19 Double 0 0 ,First,#,M:\IPPUJ\UPD\Geral\GEOPROCESSAMENTO\GEO\2017\SHP\eq_de_lazer\areas_de_lazer.shp,monumento1,-1,-1;espelho_d1 "espelho_d1" true true false 19 Double 0 0 ,First,#,M:\IPPUJ\UPD\Geral\GEOPROCESSAMENTO\GEO\2017\SHP\eq_de_lazer\areas_de_lazer.shp,espelho_d1,-1,-1;estacion_1 "estacion_1" true true false 19 Double 0 0 ,First,#,M:\IPPUJ\UPD\Geral\GEOPROCESSAMENTO\GEO\2017\SHP\eq_de_lazer\areas_de_lazer.shp,estacion_1,-1,-1;ponto_de_1 "ponto_de_1" true true false 19 Double 0 0 ,First,#,M:\IPPUJ\UPD\Geral\GEOPROCESSAMENTO\GEO\2017\SHP\eq_de_lazer\areas_de_lazer.shp,ponto_de_1,-1,-1;ponto_de_2 "ponto_de_2" true true false 19 Double 0 0 ,First,#,M:\IPPUJ\UPD\Geral\GEOPROCESSAMENTO\GEO\2017\SHP\eq_de_lazer\areas_de_lazer.shp,ponto_de_2,-1,-1;quadra_e_1 "quadra_e_1" true true false 19 Double 0 0 ,First,#,M:\IPPUJ\UPD\Geral\GEOPROCESSAMENTO\GEO\2017\SHP\eq_de_lazer\areas_de_lazer.shp,quadra_e_1,-1,-1;para_exerc "para_exerc" true true false 19 Double 0 0 ,First,#,M:\IPPUJ\UPD\Geral\GEOPROCESSAMENTO\GEO\2017\SHP\eq_de_lazer\areas_de_lazer.shp,para_exerc,-1,-1;terceira_i "terceira_i" true true false 19 Double 0 0 ,First,#,M:\IPPUJ\UPD\Geral\GEOPROCESSAMENTO\GEO\2017\SHP\eq_de_lazer\areas_de_lazer.shp,terceira_i,-1,-1;infantil "infantil" true true false 19 Double 0 0 ,First,#,M:\IPPUJ\UPD\Geral\GEOPROCESSAMENTO\GEO\2017\SHP\eq_de_lazer\areas_de_lazer.shp,infantil,-1,-1;quiosque_1 "quiosque_1" true true false 19 Double 0 0 ,First,#,M:\IPPUJ\UPD\Geral\GEOPROCESSAMENTO\GEO\2017\SHP\eq_de_lazer\areas_de_lazer.shp,quiosque_1,-1,-1;identifi_1 "identifi_1" true true false 19 Double 0 0 ,First,#,M:\IPPUJ\UPD\Geral\GEOPROCESSAMENTO\GEO\2017\SHP\eq_de_lazer\areas_de_lazer.shp,identifi_1,-1,-1;rampa_ac_1 "rampa_ac_1" true true false 19 Double 0 0 ,First,#,M:\IPPUJ\UPD\Geral\GEOPROCESSAMENTO\GEO\2017\SHP\eq_de_lazer\areas_de_lazer.shp,rampa_ac_1,-1,-1;edificacao "edificacao" true true false 19 Double 0 0 ,First,#,M:\IPPUJ\UPD\Geral\GEOPROCESSAMENTO\GEO\2017\SHP\eq_de_lazer\areas_de_lazer.shp,edificacao,-1,-1;biciclet_1 "biciclet_1" true true false 19 Double 0 0 ,First,#,M:\IPPUJ\UPD\Geral\GEOPROCESSAMENTO\GEO\2017\SHP\eq_de_lazer\areas_de_lazer.shp,biciclet_1,-1,-1;ciclovia "ciclovia" true true false 19 Double 0 0 ,First,#,M:\IPPUJ\UPD\Geral\GEOPROCESSAMENTO\GEO\2017\SHP\eq_de_lazer\areas_de_lazer.shp,ciclovia,-1,-1;soma_mobil "soma_mobil" true true false 9 Long 0 9 ,First,#,M:\IPPUJ\UPD\Geral\GEOPROCESSAMENTO\GEO\2017\SHP\eq_de_lazer\areas_de_lazer.shp,soma_mobil,-1,-1;ARQ "ARQ" true true false 50 Text 0 0 ,First,#,M:\IPPUJ\UPD\Geral\GEOPROCESSAMENTO\GEO\2017\SHP\eq_de_lazer\areas_de_lazer.shp,ARQ,-1,-1;usuario_ad "usuario_ad" true true false 10 Text 0 0 ,First,#,M:\IPPUJ\UPD\Geral\GEOPROCESSAMENTO\GEO\2017\SHP\eq_de_lazer\areas_de_lazer.shp,usuario_ad,-1,-1;dt_inc "dt_inc" true true false 8 Date 0 0 ,First,#,M:\IPPUJ\UPD\Geral\GEOPROCESSAMENTO\GEO\2017\SHP\eq_de_lazer\areas_de_lazer.shp,dt_inc,-1,-1;dt_upd "dt_upd" true true false 8 Date 0 0 ,First,#,M:\IPPUJ\UPD\Geral\GEOPROCESSAMENTO\GEO\2017\SHP\eq_de_lazer\areas_de_lazer.shp,dt_upd,-1,-1" PG_GEOMETRY</Process><Process ToolSource="c:\program files\arcgis\desktop10.0\ArcToolbox\Toolboxes\Data Management Tools.tbx\CalculateField" Date="20170809" Time="093735">CalculateField simgeo.tematicos.equipamentos_de_lazer Categoria "Área de Lazer" VB #</Process><Process ToolSource="c:\program files\arcgis\desktop10.0\ArcToolbox\Toolboxes\Data Management Tools.tbx\CalculateField" Date="20170809" Time="093901">CalculateField simgeo.tematicos.equipamentos_de_lazer Categoria "Ginasio" VB #</Process><Process ToolSource="c:\program files\arcgis\desktop10.0\ArcToolbox\Toolboxes\Data Management Tools.tbx\CalculateField" Date="20170809" Time="093952">CalculateField simgeo.tematicos.equipamentos_de_lazer Categoria "Parque" VB #</Process><Process ToolSource="c:\program files\arcgis\desktop10.0\ArcToolbox\Toolboxes\Data Management Tools.tbx\CalculateField" Date="20170809" Time="095339">CalculateField simgeo.tematicos.equipamentos_de_lazer Categoria "Praça" VB #</Process><Process ToolSource="c:\program files\arcgis\desktop10.0\ArcToolbox\Toolboxes\Data Management Tools.tbx\CalculateField" Date="20170809" Time="095735">CalculateField simgeo.tematicos.equipamentos_de_lazer Categoria "Praça" VB #</Process><Process ToolSource="c:\program files\arcgis\desktop10.0\ArcToolbox\Toolboxes\Data Management Tools.tbx\CalculateField" Date="20170809" Time="100429">CalculateField simgeo.tematicos.equipamentos_de_lazer Categoria "Praça" VB #</Process></lineage><itemProps><itemLocation><linkage Sync="TRUE">file://Service=sde:postgresql:pmj-bd04; Database=simgeo; User=tematicos; Version=sde.DEFAULT</linkage><protocol Sync="TRUE">Local Area Network</protocol></itemLocation><itemName Sync="TRUE">simgeo.tematicos.equipamentos_de_lazer</itemName><imsContentType Sync="TRUE">002</imsContentType></itemProps><coordRef><type Sync="TRUE">Projected</type><geogcsn Sync="TRUE">GCS_SIRGAS_2000</geogcsn><csUnits Sync="TRUE">Linear Unit: Meter (1.000000)</csUnits><projcsn Sync="TRUE">SIRGAS_2000_UTM_Zone_22S</projcsn><peXml Sync="TRUE">&lt;ProjectedCoordinateSystem xsi:type='typens:ProjectedCoordinateSystem' xmlns:xsi='http://www.w3.org/2001/XMLSchema-instance' xmlns:xs='http://www.w3.org/2001/XMLSchema' xmlns:typens='http://www.esri.com/schemas/ArcGIS/10.0'&gt;&lt;WKT&gt;PROJCS[&amp;quot;SIRGAS_2000_UTM_Zone_22S&amp;quot;,GEOGCS[&amp;quot;GCS_SIRGAS_2000&amp;quot;,DATUM[&amp;quot;D_SIRGAS_2000&amp;quot;,SPHEROID[&amp;quot;GRS_1980&amp;quot;,6378137.0,298.257222101]],PRIMEM[&amp;quot;Greenwich&amp;quot;,0.0],UNIT[&amp;quot;Degree&amp;quot;,0.0174532925199433]],PROJECTION[&amp;quot;Transverse_Mercator&amp;quot;],PARAMETER[&amp;quot;False_Easting&amp;quot;,500000.0],PARAMETER[&amp;quot;False_Northing&amp;quot;,10000000.0],PARAMETER[&amp;quot;Central_Meridian&amp;quot;,-51.0],PARAMETER[&amp;quot;Scale_Factor&amp;quot;,0.9996],PARAMETER[&amp;quot;Latitude_Of_Origin&amp;quot;,0.0],UNIT[&amp;quot;Meter&amp;quot;,1.0],AUTHORITY[&amp;quot;EPSG&amp;quot;,31982]]&lt;/WKT&gt;&lt;XOrigin&gt;-5120900&lt;/XOrigin&gt;&lt;YOrigin&gt;1900&lt;/YOrigin&gt;&lt;XYScale&gt;10000&lt;/XYScale&gt;&lt;ZOrigin&gt;0&lt;/ZOrigin&gt;&lt;ZScale&gt;1&lt;/ZScale&gt;&lt;MOrigin&gt;0&lt;/MOrigin&gt;&lt;MScale&gt;1&lt;/MScale&gt;&lt;XYTolerance&gt;0.001&lt;/XYTolerance&gt;&lt;ZTolerance&gt;2&lt;/ZTolerance&gt;&lt;MTolerance&gt;2&lt;/MTolerance&gt;&lt;HighPrecision&gt;true&lt;/HighPrecision&gt;&lt;WKID&gt;31982&lt;/WKID&gt;&lt;/ProjectedCoordinateSystem&gt;</peXml></coordRef></DataProperties><ArcGISstyle>North American Profile of ISO19115 2003</ArcGISstyle><SyncDate>20170626</SyncDate><SyncTime>07340500</SyncTime><ModDate>20170626</ModDate><ModTime>07340500</ModTime></Esri><dataIdInfo><envirDesc Sync="TRUE">Microsoft Windows 7 Version 6.1 (Build 7601) Service Pack 1; ESRI ArcGIS 10.0.5.4400</envirDesc><dataLang><languageCode value="por" Sync="TRUE"></languageCode><countryCode value="BRA" Sync="TRUE"></countryCode></dataLang><idCitation><resTitle Sync="TRUE">simgeo.tematicos.equipamentos_de_lazer</resTitle><presForm><PresFormCd value="005" Sync="TRUE"></PresFormCd></presForm></idCitation><spatRpType><SpatRepTypCd value="001" Sync="TRUE"></SpatRepTypCd></spatRpType></dataIdInfo><mdLang><languageCode value="por" Sync="TRUE"></languageCode><countryCode value="BRA" Sync="TRUE"></countryCode></mdLang><distInfo><distFormat><formatName Sync="TRUE">SDE Feature Class</formatName></distFormat></distInfo><mdHrLv><ScopeCd value="005" Sync="TRUE"></ScopeCd></mdHrLv><mdHrLvName Sync="TRUE">dataset</mdHrLvName><refSysInfo><RefSystem><refSysID><identCode code="31982" Sync="TRUE"></identCode><idCodeSpace Sync="TRUE">EPSG</idCodeSpace><idVersion Sync="TRUE">7.4.1</idVersion></refSysID></RefSystem></refSysInfo><spatRepInfo><VectSpatRep><geometObjs Name="simgeo.tematicos.equipamentos_de_lazer"><geoObjTyp><GeoObjTypCd value="004" Sync="TRUE"></GeoObjTypCd></geoObjTyp><geoObjCnt Sync="TRUE">0</geoObjCnt></geometObjs><topLvl><TopoLevCd value="001" Sync="TRUE"></TopoLevCd></topLvl></VectSpatRep></spatRepInfo><spdoinfo><ptvctinf><esriterm><efeatyp Sync="TRUE">Simple</efeatyp><efeageom code="1" Sync="TRUE"></efeageom><esritopo Sync="TRUE">FALSE</esritopo><efeacnt Sync="TRUE">0</efeacnt><spindex Sync="TRUE">TRUE</spindex><linrefer Sync="TRUE">FALSE</linrefer></esriterm></ptvctinf></spdoinfo><eainfo><detailed Name="simgeo.tematicos.equipamentos_de_lazer"><enttyp><enttypl Sync="TRUE">simgeo.tematicos.equipamentos_de_lazer</enttypl><enttypt Sync="TRUE">Feature Class</enttypt><enttypc Sync="TRUE">0</enttypc></enttyp><attr><attrlabl Sync="TRUE">objectid</attrlabl><attalias Sync="TRUE">objectid</attalias><attrtype Sync="TRUE">OID</attrtype><attwidth Sync="TRUE">4</attwidth><atprecis Sync="TRUE">10</atprecis><attscale Sync="TRUE">0</attscale><attrdef Sync="TRUE">Internal feature number.</attrdef><attrdefs Sync="TRUE">ESRI</attrdefs><attrdomv><udom Sync="TRUE">Sequential unique whole numbers that are automatically generated.</udom></attrdomv></attr><attr><attrlabl Sync="TRUE">nome</attrlabl><attalias Sync="TRUE">nome</attalias><attrtype Sync="TRUE">String</attrtype><attwidth Sync="TRUE">254</attwidth><atprecis Sync="TRUE">0</atprecis><attscale Sync="TRUE">0</attscale></attr><attr><attrlabl Sync="TRUE">endereço</attrlabl><attalias Sync="TRUE">endereço</attalias><attrtype Sync="TRUE">String</attrtype><attwidth Sync="TRUE">254</attwidth><atprecis Sync="TRUE">0</atprecis><attscale Sync="TRUE">0</attscale></attr><attr><attrlabl Sync="TRUE">bairro</attrlabl><attalias Sync="TRUE">bairro</attalias><attrtype Sync="TRUE">String</attrtype><attwidth Sync="TRUE">254</attwidth><atprecis Sync="TRUE">0</atprecis><attscale Sync="TRUE">0</attscale></attr><attr><attrlabl Sync="TRUE">shape_leng</attrlabl><attalias Sync="TRUE">shape_leng</attalias><attrtype Sync="TRUE">Double</attrtype><attwidth Sync="TRUE">8</attwidth><atprecis Sync="TRUE">38</atprecis><attscale Sync="TRUE">8</attscale></attr><attr><attrlabl Sync="TRUE">nome_2</attrlabl><attalias Sync="TRUE">nome_2</attalias><attrtype Sync="TRUE">String</attrtype><attwidth Sync="TRUE">50</attwidth><atprecis Sync="TRUE">0</atprecis><attscale Sync="TRUE">0</attscale></attr><attr><attrlabl Sync="TRUE">sec__regio</attrlabl><attalias Sync="TRUE">sec__regio</attalias><attrtype Sync="TRUE">String</attrtype><attwidth Sync="TRUE">254</attwidth><atprecis Sync="TRUE">0</atprecis><attscale Sync="TRUE">0</attscale></attr><attr><attrlabl Sync="TRUE">lei</attrlabl><attalias Sync="TRUE">lei</attalias><attrtype Sync="TRUE">String</attrtype><attwidth Sync="TRUE">254</attwidth><atprecis Sync="TRUE">0</atprecis><attscale Sync="TRUE">0</attscale></attr><attr><attrlabl Sync="TRUE">bancos</attrlabl><attalias Sync="TRUE">bancos</attalias><attrtype Sync="TRUE">Double</attrtype><attwidth Sync="TRUE">8</attwidth><atprecis Sync="TRUE">38</atprecis><attscale Sync="TRUE">8</attscale></attr><attr><attrlabl Sync="TRUE">notabanco</attrlabl><attalias Sync="TRUE">notabanco</attalias><attrtype Sync="TRUE">Double</attrtype><attwidth Sync="TRUE">8</attwidth><atprecis Sync="TRUE">38</atprecis><attscale Sync="TRUE">8</attscale></attr><attr><attrlabl Sync="TRUE">iluminacao</attrlabl><attalias Sync="TRUE">iluminacao</attalias><attrtype Sync="TRUE">Double</attrtype><attwidth Sync="TRUE">8</attwidth><atprecis Sync="TRUE">38</atprecis><attscale Sync="TRUE">8</attscale></attr><attr><attrlabl Sync="TRUE">notailum</attrlabl><attalias Sync="TRUE">notailum</attalias><attrtype Sync="TRUE">Double</attrtype><attwidth Sync="TRUE">8</attwidth><atprecis Sync="TRUE">38</atprecis><attscale Sync="TRUE">8</attscale></attr><attr><attrlabl Sync="TRUE">lixeiras</attrlabl><attalias Sync="TRUE">lixeiras</attalias><attrtype Sync="TRUE">Double</attrtype><attwidth Sync="TRUE">8</attwidth><atprecis Sync="TRUE">38</atprecis><attscale Sync="TRUE">8</attscale></attr><attr><attrlabl Sync="TRUE">notalix</attrlabl><attalias Sync="TRUE">notalix</attalias><attrtype Sync="TRUE">Double</attrtype><attwidth Sync="TRUE">8</attwidth><atprecis Sync="TRUE">38</atprecis><attscale Sync="TRUE">8</attscale></attr><attr><attrlabl Sync="TRUE">sanitarios</attrlabl><attalias Sync="TRUE">sanitarios</attalias><attrtype Sync="TRUE">Double</attrtype><attwidth Sync="TRUE">8</attwidth><atprecis Sync="TRUE">38</atprecis><attscale Sync="TRUE">8</attscale></attr><attr><attrlabl Sync="TRUE">notasan</attrlabl><attalias Sync="TRUE">notasan</attalias><attrtype Sync="TRUE">Double</attrtype><attwidth Sync="TRUE">8</attwidth><atprecis Sync="TRUE">38</atprecis><attscale Sync="TRUE">8</attscale></attr><attr><attrlabl Sync="TRUE">tel__publi</attrlabl><attalias Sync="TRUE">tel__publi</attalias><attrtype Sync="TRUE">Double</attrtype><attwidth Sync="TRUE">8</attwidth><atprecis Sync="TRUE">38</atprecis><attscale Sync="TRUE">8</attscale></attr><attr><attrlabl Sync="TRUE">bebedouros</attrlabl><attalias Sync="TRUE">bebedouros</attalias><attrtype Sync="TRUE">Double</attrtype><attwidth Sync="TRUE">8</attwidth><atprecis Sync="TRUE">38</atprecis><attscale Sync="TRUE">8</attscale></attr><attr><attrlabl Sync="TRUE">notabeb</attrlabl><attalias Sync="TRUE">notabeb</attalias><attrtype Sync="TRUE">Double</attrtype><attwidth Sync="TRUE">8</attwidth><atprecis Sync="TRUE">38</atprecis><attscale Sync="TRUE">8</attscale></attr><attr><attrlabl Sync="TRUE">caminhos_i</attrlabl><attalias Sync="TRUE">caminhos_i</attalias><attrtype Sync="TRUE">Double</attrtype><attwidth Sync="TRUE">8</attwidth><atprecis Sync="TRUE">38</atprecis><attscale Sync="TRUE">8</attscale></attr><attr><attrlabl Sync="TRUE">notacam</attrlabl><attalias Sync="TRUE">notacam</attalias><attrtype Sync="TRUE">Double</attrtype><attwidth Sync="TRUE">8</attwidth><atprecis Sync="TRUE">38</atprecis><attscale Sync="TRUE">8</attscale></attr><attr><attrlabl Sync="TRUE">caminhos_e</attrlabl><attalias Sync="TRUE">caminhos_e</attalias><attrtype Sync="TRUE">Double</attrtype><attwidth Sync="TRUE">8</attwidth><atprecis Sync="TRUE">38</atprecis><attscale Sync="TRUE">8</attscale></attr><attr><attrlabl Sync="TRUE">notacamex</attrlabl><attalias Sync="TRUE">notacamex</attalias><attrtype Sync="TRUE">Double</attrtype><attwidth Sync="TRUE">8</attwidth><atprecis Sync="TRUE">38</atprecis><attscale Sync="TRUE">8</attscale></attr><attr><attrlabl Sync="TRUE">palco_core</attrlabl><attalias Sync="TRUE">palco_core</attalias><attrtype Sync="TRUE">Double</attrtype><attwidth Sync="TRUE">8</attwidth><atprecis Sync="TRUE">38</atprecis><attscale Sync="TRUE">8</attscale></attr><attr><attrlabl Sync="TRUE">monumento</attrlabl><attalias Sync="TRUE">monumento</attalias><attrtype Sync="TRUE">Double</attrtype><attwidth Sync="TRUE">8</attwidth><atprecis Sync="TRUE">38</atprecis><attscale Sync="TRUE">8</attscale></attr><attr><attrlabl Sync="TRUE">espelho_d_</attrlabl><attalias Sync="TRUE">espelho_d_</attalias><attrtype Sync="TRUE">Double</attrtype><attwidth Sync="TRUE">8</attwidth><atprecis Sync="TRUE">38</atprecis><attscale Sync="TRUE">8</attscale></attr><attr><attrlabl Sync="TRUE">estacionam</attrlabl><attalias Sync="TRUE">estacionam</attalias><attrtype Sync="TRUE">Double</attrtype><attwidth Sync="TRUE">8</attwidth><atprecis Sync="TRUE">38</atprecis><attscale Sync="TRUE">8</attscale></attr><attr><attrlabl Sync="TRUE">ponto_de_o</attrlabl><attalias Sync="TRUE">ponto_de_o</attalias><attrtype Sync="TRUE">Double</attrtype><attwidth Sync="TRUE">8</attwidth><atprecis Sync="TRUE">38</atprecis><attscale Sync="TRUE">8</attscale></attr><attr><attrlabl Sync="TRUE">ponto_de_t</attrlabl><attalias Sync="TRUE">ponto_de_t</attalias><attrtype Sync="TRUE">Double</attrtype><attwidth Sync="TRUE">8</attwidth><atprecis Sync="TRUE">38</atprecis><attscale Sync="TRUE">8</attscale></attr><attr><attrlabl Sync="TRUE">quadra_esp</attrlabl><attalias Sync="TRUE">quadra_esp</attalias><attrtype Sync="TRUE">Double</attrtype><attwidth Sync="TRUE">8</attwidth><atprecis Sync="TRUE">38</atprecis><attscale Sync="TRUE">8</attscale></attr><attr><attrlabl Sync="TRUE">notaqua</attrlabl><attalias Sync="TRUE">notaqua</attalias><attrtype Sync="TRUE">Double</attrtype><attwidth Sync="TRUE">8</attwidth><atprecis Sync="TRUE">38</atprecis><attscale Sync="TRUE">8</attscale></attr><attr><attrlabl Sync="TRUE">eqpto__par</attrlabl><attalias Sync="TRUE">eqpto__par</attalias><attrtype Sync="TRUE">Double</attrtype><attwidth Sync="TRUE">8</attwidth><atprecis Sync="TRUE">38</atprecis><attscale Sync="TRUE">8</attscale></attr><attr><attrlabl Sync="TRUE">notaeqfis</attrlabl><attalias Sync="TRUE">notaeqfis</attalias><attrtype Sync="TRUE">Double</attrtype><attwidth Sync="TRUE">8</attwidth><atprecis Sync="TRUE">38</atprecis><attscale Sync="TRUE">8</attscale></attr><attr><attrlabl Sync="TRUE">eqpto__ter</attrlabl><attalias Sync="TRUE">eqpto__ter</attalias><attrtype Sync="TRUE">Double</attrtype><attwidth Sync="TRUE">8</attwidth><atprecis Sync="TRUE">38</atprecis><attscale Sync="TRUE">8</attscale></attr><attr><attrlabl Sync="TRUE">notaeqter</attrlabl><attalias Sync="TRUE">notaeqter</attalias><attrtype Sync="TRUE">Double</attrtype><attwidth Sync="TRUE">8</attwidth><atprecis Sync="TRUE">38</atprecis><attscale Sync="TRUE">8</attscale></attr><attr><attrlabl Sync="TRUE">eqpto__inf</attrlabl><attalias Sync="TRUE">eqpto__inf</attalias><attrtype Sync="TRUE">Double</attrtype><attwidth Sync="TRUE">8</attwidth><atprecis Sync="TRUE">38</atprecis><attscale Sync="TRUE">8</attscale></attr><attr><attrlabl Sync="TRUE">notaeqinf</attrlabl><attalias Sync="TRUE">notaeqinf</attalias><attrtype Sync="TRUE">Double</attrtype><attwidth Sync="TRUE">8</attwidth><atprecis Sync="TRUE">38</atprecis><attscale Sync="TRUE">8</attscale></attr><attr><attrlabl Sync="TRUE">quiosque_a</attrlabl><attalias Sync="TRUE">quiosque_a</attalias><attrtype Sync="TRUE">Double</attrtype><attwidth Sync="TRUE">8</attwidth><atprecis Sync="TRUE">38</atprecis><attscale Sync="TRUE">8</attscale></attr><attr><attrlabl Sync="TRUE">identifica</attrlabl><attalias Sync="TRUE">identifica</attalias><attrtype Sync="TRUE">Double</attrtype><attwidth Sync="TRUE">8</attwidth><atprecis Sync="TRUE">38</atprecis><attscale Sync="TRUE">8</attscale></attr><attr><attrlabl Sync="TRUE">rampa_aces</attrlabl><attalias Sync="TRUE">rampa_aces</attalias><attrtype Sync="TRUE">Double</attrtype><attwidth Sync="TRUE">8</attwidth><atprecis Sync="TRUE">38</atprecis><attscale Sync="TRUE">8</attscale></attr><attr><attrlabl Sync="TRUE">notarampa</attrlabl><attalias Sync="TRUE">notarampa</attalias><attrtype Sync="TRUE">Double</attrtype><attwidth Sync="TRUE">8</attwidth><atprecis Sync="TRUE">38</atprecis><attscale Sync="TRUE">8</attscale></attr><attr><attrlabl Sync="TRUE">bicicletar</attrlabl><attalias Sync="TRUE">bicicletar</attalias><attrtype Sync="TRUE">Double</attrtype><attwidth Sync="TRUE">8</attwidth><atprecis Sync="TRUE">38</atprecis><attscale Sync="TRUE">8</attscale></attr><attr><attrlabl Sync="TRUE">paisagismo</attrlabl><attalias Sync="TRUE">paisagismo</attalias><attrtype Sync="TRUE">Double</attrtype><attwidth Sync="TRUE">8</attwidth><atprecis Sync="TRUE">38</atprecis><attscale Sync="TRUE">8</attscale></attr><attr><attrlabl Sync="TRUE">notapaisa</attrlabl><attalias Sync="TRUE">notapaisa</attalias><attrtype Sync="TRUE">Double</attrtype><attwidth Sync="TRUE">8</attwidth><atprecis Sync="TRUE">38</atprecis><attscale Sync="TRUE">8</attscale></attr><attr><attrlabl Sync="TRUE">localizaca</attrlabl><attalias Sync="TRUE">localizaca</attalias><attrtype Sync="TRUE">Double</attrtype><attwidth Sync="TRUE">8</attwidth><atprecis Sync="TRUE">38</atprecis><attscale Sync="TRUE">8</attscale></attr><attr><attrlabl Sync="TRUE">notalocal</attrlabl><attalias Sync="TRUE">notalocal</attalias><attrtype Sync="TRUE">Double</attrtype><attwidth Sync="TRUE">8</attwidth><atprecis Sync="TRUE">38</atprecis><attscale Sync="TRUE">8</attscale></attr><attr><attrlabl Sync="TRUE">conservaca</attrlabl><attalias Sync="TRUE">conservaca</attalias><attrtype Sync="TRUE">Double</attrtype><attwidth Sync="TRUE">8</attwidth><atprecis Sync="TRUE">38</atprecis><attscale Sync="TRUE">8</attscale></attr><attr><attrlabl Sync="TRUE">notacons</attrlabl><attalias Sync="TRUE">notacons</attalias><attrtype Sync="TRUE">Double</attrtype><attwidth Sync="TRUE">8</attwidth><atprecis Sync="TRUE">38</atprecis><attscale Sync="TRUE">8</attscale></attr><attr><attrlabl Sync="TRUE">seguranca</attrlabl><attalias Sync="TRUE">seguranca</attalias><attrtype Sync="TRUE">Double</attrtype><attwidth Sync="TRUE">8</attwidth><atprecis Sync="TRUE">38</atprecis><attscale Sync="TRUE">8</attscale></attr><attr><attrlabl Sync="TRUE">notasegur</attrlabl><attalias Sync="TRUE">notasegur</attalias><attrtype Sync="TRUE">Double</attrtype><attwidth Sync="TRUE">8</attwidth><atprecis Sync="TRUE">38</atprecis><attscale Sync="TRUE">8</attscale></attr><attr><attrlabl Sync="TRUE">conforto_a</attrlabl><attalias Sync="TRUE">conforto_a</attalias><attrtype Sync="TRUE">Double</attrtype><attwidth Sync="TRUE">8</attwidth><atprecis Sync="TRUE">38</atprecis><attscale Sync="TRUE">8</attscale></attr><attr><attrlabl Sync="TRUE">notaconfor</attrlabl><attalias Sync="TRUE">notaconfor</attalias><attrtype Sync="TRUE">Double</attrtype><attwidth Sync="TRUE">8</attwidth><atprecis Sync="TRUE">38</atprecis><attscale Sync="TRUE">8</attscale></attr><attr><attrlabl Sync="TRUE">nota_final</attrlabl><attalias Sync="TRUE">nota_final</attalias><attrtype Sync="TRUE">Double</attrtype><attwidth Sync="TRUE">8</attwidth><atprecis Sync="TRUE">38</atprecis><attscale Sync="TRUE">8</attscale></attr><attr><attrlabl Sync="TRUE">funcões_us</attrlabl><attalias Sync="TRUE">funcões_us</attalias><attrtype Sync="TRUE">String</attrtype><attwidth Sync="TRUE">254</attwidth><atprecis Sync="TRUE">0</atprecis><attscale Sync="TRUE">0</attscale></attr><attr><attrlabl Sync="TRUE">bancos1</attrlabl><attalias Sync="TRUE">bancos1</attalias><attrtype Sync="TRUE">Double</attrtype><attwidth Sync="TRUE">8</attwidth><atprecis Sync="TRUE">38</atprecis><attscale Sync="TRUE">8</attscale></attr><attr><attrlabl Sync="TRUE">iluminac_1</attrlabl><attalias Sync="TRUE">iluminac_1</attalias><attrtype Sync="TRUE">Double</attrtype><attwidth Sync="TRUE">8</attwidth><atprecis Sync="TRUE">38</atprecis><attscale Sync="TRUE">8</attscale></attr><attr><attrlabl Sync="TRUE">lixeiras1</attrlabl><attalias Sync="TRUE">lixeiras1</attalias><attrtype Sync="TRUE">Double</attrtype><attwidth Sync="TRUE">8</attwidth><atprecis Sync="TRUE">38</atprecis><attscale Sync="TRUE">8</attscale></attr><attr><attrlabl Sync="TRUE">sanitari_1</attrlabl><attalias Sync="TRUE">sanitari_1</attalias><attrtype Sync="TRUE">Double</attrtype><attwidth Sync="TRUE">8</attwidth><atprecis Sync="TRUE">38</atprecis><attscale Sync="TRUE">8</attscale></attr><attr><attrlabl Sync="TRUE">tel__pub_1</attrlabl><attalias Sync="TRUE">tel__pub_1</attalias><attrtype Sync="TRUE">Double</attrtype><attwidth Sync="TRUE">8</attwidth><atprecis Sync="TRUE">38</atprecis><attscale Sync="TRUE">8</attscale></attr><attr><attrlabl Sync="TRUE">bebedour_1</attrlabl><attalias Sync="TRUE">bebedour_1</attalias><attrtype Sync="TRUE">Double</attrtype><attwidth Sync="TRUE">8</attwidth><atprecis Sync="TRUE">38</atprecis><attscale Sync="TRUE">8</attscale></attr><attr><attrlabl Sync="TRUE">palco_co_1</attrlabl><attalias Sync="TRUE">palco_co_1</attalias><attrtype Sync="TRUE">Double</attrtype><attwidth Sync="TRUE">8</attwidth><atprecis Sync="TRUE">38</atprecis><attscale Sync="TRUE">8</attscale></attr><attr><attrlabl Sync="TRUE">monumento1</attrlabl><attalias Sync="TRUE">monumento1</attalias><attrtype Sync="TRUE">Double</attrtype><attwidth Sync="TRUE">8</attwidth><atprecis Sync="TRUE">38</atprecis><attscale Sync="TRUE">8</attscale></attr><attr><attrlabl Sync="TRUE">espelho_d1</attrlabl><attalias Sync="TRUE">espelho_d1</attalias><attrtype Sync="TRUE">Double</attrtype><attwidth Sync="TRUE">8</attwidth><atprecis Sync="TRUE">38</atprecis><attscale Sync="TRUE">8</attscale></attr><attr><attrlabl Sync="TRUE">estacion_1</attrlabl><attalias Sync="TRUE">estacion_1</attalias><attrtype Sync="TRUE">Double</attrtype><attwidth Sync="TRUE">8</attwidth><atprecis Sync="TRUE">38</atprecis><attscale Sync="TRUE">8</attscale></attr><attr><attrlabl Sync="TRUE">ponto_de_1</attrlabl><attalias Sync="TRUE">ponto_de_1</attalias><attrtype Sync="TRUE">Double</attrtype><attwidth Sync="TRUE">8</attwidth><atprecis Sync="TRUE">38</atprecis><attscale Sync="TRUE">8</attscale></attr><attr><attrlabl Sync="TRUE">ponto_de_2</attrlabl><attalias Sync="TRUE">ponto_de_2</attalias><attrtype Sync="TRUE">Double</attrtype><attwidth Sync="TRUE">8</attwidth><atprecis Sync="TRUE">38</atprecis><attscale Sync="TRUE">8</attscale></attr><attr><attrlabl Sync="TRUE">quadra_e_1</attrlabl><attalias Sync="TRUE">quadra_e_1</attalias><attrtype Sync="TRUE">Double</attrtype><attwidth Sync="TRUE">8</attwidth><atprecis Sync="TRUE">38</atprecis><attscale Sync="TRUE">8</attscale></attr><attr><attrlabl Sync="TRUE">para_exerc</attrlabl><attalias Sync="TRUE">para_exerc</attalias><attrtype Sync="TRUE">Double</attrtype><attwidth Sync="TRUE">8</attwidth><atprecis Sync="TRUE">38</atprecis><attscale Sync="TRUE">8</attscale></attr><attr><attrlabl Sync="TRUE">terceira_i</attrlabl><attalias Sync="TRUE">terceira_i</attalias><attrtype Sync="TRUE">Double</attrtype><attwidth Sync="TRUE">8</attwidth><atprecis Sync="TRUE">38</atprecis><attscale Sync="TRUE">8</attscale></attr><attr><attrlabl Sync="TRUE">infantil</attrlabl><attalias Sync="TRUE">infantil</attalias><attrtype Sync="TRUE">Double</attrtype><attwidth Sync="TRUE">8</attwidth><atprecis Sync="TRUE">38</atprecis><attscale Sync="TRUE">8</attscale></attr><attr><attrlabl Sync="TRUE">quiosque_1</attrlabl><attalias Sync="TRUE">quiosque_1</attalias><attrtype Sync="TRUE">Double</attrtype><attwidth Sync="TRUE">8</attwidth><atprecis Sync="TRUE">38</atprecis><attscale Sync="TRUE">8</attscale></attr><attr><attrlabl Sync="TRUE">identifi_1</attrlabl><attalias Sync="TRUE">identifi_1</attalias><attrtype Sync="TRUE">Double</attrtype><attwidth Sync="TRUE">8</attwidth><atprecis Sync="TRUE">38</atprecis><attscale Sync="TRUE">8</attscale></attr><attr><attrlabl Sync="TRUE">rampa_ac_1</attrlabl><attalias Sync="TRUE">rampa_ac_1</attalias><attrtype Sync="TRUE">Double</attrtype><attwidth Sync="TRUE">8</attwidth><atprecis Sync="TRUE">38</atprecis><attscale Sync="TRUE">8</attscale></attr><attr><attrlabl Sync="TRUE">edificacao</attrlabl><attalias Sync="TRUE">edificacao</attalias><attrtype Sync="TRUE">Double</attrtype><attwidth Sync="TRUE">8</attwidth><atprecis Sync="TRUE">38</atprecis><attscale Sync="TRUE">8</attscale></attr><attr><attrlabl Sync="TRUE">biciclet_1</attrlabl><attalias Sync="TRUE">biciclet_1</attalias><attrtype Sync="TRUE">Double</attrtype><attwidth Sync="TRUE">8</attwidth><atprecis Sync="TRUE">38</atprecis><attscale Sync="TRUE">8</attscale></attr><attr><attrlabl Sync="TRUE">ciclovia</attrlabl><attalias Sync="TRUE">ciclovia</attalias><attrtype Sync="TRUE">Double</attrtype><attwidth Sync="TRUE">8</attwidth><atprecis Sync="TRUE">38</atprecis><attscale Sync="TRUE">8</attscale></attr><attr><attrlabl Sync="TRUE">soma_mobil</attrlabl><attalias Sync="TRUE">soma_mobil</attalias><attrtype Sync="TRUE">Integer</attrtype><attwidth Sync="TRUE">4</attwidth><atprecis Sync="TRUE">10</atprecis><attscale Sync="TRUE">0</attscale></attr><attr><attrlabl Sync="TRUE">arq</attrlabl><attalias Sync="TRUE">arq</attalias><attrtype Sync="TRUE">String</attrtype><attwidth Sync="TRUE">50</attwidth><atprecis Sync="TRUE">0</atprecis><attscale Sync="TRUE">0</attscale></attr><attr><attrlabl Sync="TRUE">usuario_ad</attrlabl><attalias Sync="TRUE">usuario_ad</attalias><attrtype Sync="TRUE">String</attrtype><attwidth Sync="TRUE">10</attwidth><atprecis Sync="TRUE">0</atprecis><attscale Sync="TRUE">0</attscale></attr><attr><attrlabl Sync="TRUE">dt_inc</attrlabl><attalias Sync="TRUE">dt_inc</attalias><attrtype Sync="TRUE">Date</attrtype><attwidth Sync="TRUE">36</attwidth><atprecis Sync="TRUE">0</atprecis><attscale Sync="TRUE">0</attscale></attr><attr><attrlabl Sync="TRUE">dt_upd</attrlabl><attalias Sync="TRUE">dt_upd</attalias><attrtype Sync="TRUE">Date</attrtype><attwidth Sync="TRUE">36</attwidth><atprecis Sync="TRUE">0</atprecis><attscale Sync="TRUE">0</attscale></attr><attr><attrlabl Sync="TRUE">shape</attrlabl><attalias Sync="TRUE">shape</attalias><attrtype Sync="TRUE">Geometry</attrtype><attwidth Sync="TRUE">4</attwidth><atprecis Sync="TRUE">0</atprecis><attscale Sync="TRUE">0</attscale><attrdef Sync="TRUE">Feature geometry.</attrdef><attrdefs Sync="TRUE">ESRI</attrdefs><attrdomv><udom Sync="TRUE">Coordinates defining the features.</udom></attrdomv></attr></detailed></eainfo><mdDateSt Sync="TRUE">20170626</mdDateSt></metadata>
