<?xml version="1.0" encoding="UTF-8"?>
<metadata xml:lang="pt"><Esri><CreaDate>20190207</CreaDate><CreaTime>09124800</CreaTime><ArcGISFormat>1.0</ArcGISFormat><SyncOnce>FALSE</SyncOnce><DataProperties><lineage><Process ToolSource="C:\Program Files (x86)\ArcGIS\Desktop10.0\ArcToolbox\Toolboxes\Data Management Tools.tbx\UnregisterAsVersioned" Date="20140821" Time="084633" Name="" export="">UnregisterAsVersioned "Database Connections\saude-web05.sde\simgeo.saude.saude\simgeo.saude.Unidades_Servicos_de_Referencia" NO_KEEP_EDIT NO_COMPRESS_DEFAULT</Process><Process ToolSource="c:\program files (x86)\arcgis\desktop10.0\ArcToolbox\Toolboxes\Data Management Tools.tbx\CopyFeatures" Date="20160513" Time="153917" Name="" export="">CopyFeatures "Database Connections\SAP.sde\simgeo.saude.saude\simgeo.saude.Unidades_Servicos_de_Referencia" "Database Connections\Novo Geo.sde\simgeo.saude.saude\simgeo.saude.Unidades_Servicos_de_Referencia" PG_GEOMETRY 0 0 0</Process></lineage><itemProps><itemName Sync="TRUE">simgeo.saude.Unidades_Servicos_de_Referencia</itemName><imsContentType Sync="TRUE">002</imsContentType><itemLocation><linkage Sync="TRUE">file://Service=sde:postgresql:pmj-bd04;pgport=5432; Database=simgeo; User=u27505; Version=sde.DEFAULT</linkage><protocol Sync="TRUE">Local Area Network</protocol></itemLocation><nativeExtBox><westBL Sync="TRUE">713164.954600</westBL><eastBL Sync="TRUE">718063.272700</eastBL><southBL Sync="TRUE">7084728.286400</southBL><northBL Sync="TRUE">7095295.262500</northBL><exTypeCode Sync="TRUE">1</exTypeCode></nativeExtBox></itemProps><coordRef><type Sync="TRUE">Projected</type><geogcsn Sync="TRUE">GCS_SIRGAS_2000</geogcsn><csUnits Sync="TRUE">Linear Unit: Meter (1.000000)</csUnits><projcsn Sync="TRUE">SIRGAS_2000_UTM_Zone_22S</projcsn><peXml Sync="TRUE">&lt;ProjectedCoordinateSystem xsi:type='typens:ProjectedCoordinateSystem' xmlns:xsi='http://www.w3.org/2001/XMLSchema-instance' xmlns:xs='http://www.w3.org/2001/XMLSchema' xmlns:typens='http://www.esri.com/schemas/ArcGIS/10.0'&gt;&lt;WKT&gt;PROJCS[&amp;quot;SIRGAS_2000_UTM_Zone_22S&amp;quot;,GEOGCS[&amp;quot;GCS_SIRGAS_2000&amp;quot;,DATUM[&amp;quot;D_SIRGAS_2000&amp;quot;,SPHEROID[&amp;quot;GRS_1980&amp;quot;,6378137.0,298.257222101]],PRIMEM[&amp;quot;Greenwich&amp;quot;,0.0],UNIT[&amp;quot;Degree&amp;quot;,0.0174532925199433]],PROJECTION[&amp;quot;Transverse_Mercator&amp;quot;],PARAMETER[&amp;quot;False_Easting&amp;quot;,500000.0],PARAMETER[&amp;quot;False_Northing&amp;quot;,10000000.0],PARAMETER[&amp;quot;Central_Meridian&amp;quot;,-51.0],PARAMETER[&amp;quot;Scale_Factor&amp;quot;,0.9996],PARAMETER[&amp;quot;Latitude_Of_Origin&amp;quot;,0.0],UNIT[&amp;quot;Meter&amp;quot;,1.0],AUTHORITY[&amp;quot;EPSG&amp;quot;,31982]]&lt;/WKT&gt;&lt;XOrigin&gt;-5120900&lt;/XOrigin&gt;&lt;YOrigin&gt;1900&lt;/YOrigin&gt;&lt;XYScale&gt;10000&lt;/XYScale&gt;&lt;ZOrigin&gt;0&lt;/ZOrigin&gt;&lt;ZScale&gt;1&lt;/ZScale&gt;&lt;MOrigin&gt;0&lt;/MOrigin&gt;&lt;MScale&gt;1&lt;/MScale&gt;&lt;XYTolerance&gt;0.001&lt;/XYTolerance&gt;&lt;ZTolerance&gt;2&lt;/ZTolerance&gt;&lt;MTolerance&gt;2&lt;/MTolerance&gt;&lt;HighPrecision&gt;true&lt;/HighPrecision&gt;&lt;WKID&gt;31982&lt;/WKID&gt;&lt;/ProjectedCoordinateSystem&gt;</peXml></coordRef></DataProperties><SyncDate>20171025</SyncDate><SyncTime>10303200</SyncTime><ModDate>20171025</ModDate><ModTime>10303200</ModTime><ArcGISProfile>NAP</ArcGISProfile></Esri><dataIdInfo><envirDesc Sync="TRUE">Microsoft Windows 7 Version 6.1 (Build 7601) Service Pack 1; ESRI ArcGIS 10.0.3.3600</envirDesc><dataLang><languageCode value="por" Sync="TRUE"/><countryCode value="BRA" Sync="TRUE"/></dataLang><idCitation><resTitle Sync="TRUE">simgeo.saude.Unidades_Servicos_de_Referencia</resTitle><presForm><PresFormCd value="005" Sync="TRUE"/></presForm><citRespParty xmlns=""><rpIndName>Núcleo de Gestão da Informação / NGI - Secretaria Municipal da Saúde de Joinville</rpIndName><rpOrgName>Prefeitura Municipal de Joinville</rpOrgName><rpPosName>Autor</rpPosName><role><RoleCd value="001"/></role><rpCntInfo xmlns=""><cntPhone><voiceNum tddtty="">47 3481-5171</voiceNum></cntPhone></rpCntInfo></citRespParty></idCitation><spatRpType><SpatRepTypCd value="001" Sync="TRUE"/></spatRpType><dataExt><geoEle><GeoBndBox esriExtentType="search"><exTypeCode Sync="TRUE">1</exTypeCode><westBL Sync="TRUE">-48.865839</westBL><eastBL Sync="TRUE">-48.815039</eastBL><northBL Sync="TRUE">-26.245456</northBL><southBL Sync="TRUE">-26.341540</southBL></GeoBndBox></geoEle></dataExt><idPurp>Localização dos serviços de referência em saúde</idPurp><idAbs>&lt;DIV STYLE="text-align:Left;"&gt;&lt;DIV&gt;&lt;DIV&gt;&lt;P&gt;&lt;SPAN&gt;S&lt;/SPAN&gt;&lt;SPAN&gt;erviços de referência em saúde&lt;/SPAN&gt;&lt;SPAN&gt;tais como centrinho, PAs, NAIPE, CAPS entre outros.&lt;/SPAN&gt;&lt;/P&gt;&lt;/DIV&gt;&lt;/DIV&gt;&lt;/DIV&gt;</idAbs><idCredit>Núcleo de Gestão da Informação / NGI - Secretaria Municipal da Saúde de Joinville</idCredit><searchKeys><keyword>unidades de saúde</keyword><keyword>serviços de referência</keyword><keyword>caps</keyword><keyword>centrinho</keyword><keyword>pa 24h</keyword><keyword>sois</keyword><keyword>naipe</keyword><keyword>pam boa vista</keyword></searchKeys><dataChar><CharSetCd value="004"/></dataChar><idStatus><ProgCd value="004"/></idStatus><resMaint xmlns=""><maintFreq><MaintFreqCd value="009"/></maintFreq></resMaint><resConst xmlns=""><LegConsts xmlns=""><accessConsts><RestrictCd value="009"/></accessConsts><useConsts><RestrictCd value="006"/></useConsts></LegConsts><SecConsts xmlns=""><class><ClasscationCd value="001"/></class><classSys>Dados Públicos</classSys></SecConsts></resConst></dataIdInfo><mdLang><languageCode value="por" Sync="TRUE"/><countryCode value="BRA" Sync="TRUE"/></mdLang><distInfo><distFormat><formatName Sync="TRUE">SDE Feature Class</formatName></distFormat></distInfo><mdHrLv><ScopeCd value="005" Sync="TRUE"/></mdHrLv><mdHrLvName Sync="TRUE">dataset</mdHrLvName><refSysInfo><RefSystem><refSysID><identCode code="31982" Sync="TRUE" value="31982"/><idCodeSpace Sync="TRUE">EPSG</idCodeSpace><idVersion Sync="TRUE">7.4.1</idVersion></refSysID></RefSystem></refSysInfo><spatRepInfo><VectSpatRep><geometObjs Name="simgeo.saude.Unidades_Servicos_de_Referencia"><geoObjTyp><GeoObjTypCd value="004" Sync="TRUE"></GeoObjTypCd></geoObjTyp><geoObjCnt Sync="TRUE">16</geoObjCnt></geometObjs><topLvl><TopoLevCd value="001" Sync="TRUE"></TopoLevCd></topLvl></VectSpatRep></spatRepInfo><spdoinfo><ptvctinf><esriterm><efeatyp Sync="TRUE">Simple</efeatyp><efeageom code="1" Sync="TRUE"></efeageom><esritopo Sync="TRUE">FALSE</esritopo><efeacnt Sync="TRUE">16</efeacnt><spindex Sync="TRUE">TRUE</spindex><linrefer Sync="TRUE">FALSE</linrefer></esriterm></ptvctinf></spdoinfo><eainfo><detailed Name="simgeo.saude.Unidades_Servicos_de_Referencia"><enttyp><enttypl Sync="TRUE">simgeo.saude.Unidades_Servicos_de_Referencia</enttypl><enttypt Sync="TRUE">Feature Class</enttypt><enttypc Sync="TRUE">16</enttypc></enttyp><attr><attrlabl Sync="TRUE">objectid</attrlabl><attalias Sync="TRUE">OBJECTID</attalias><attrtype Sync="TRUE">OID</attrtype><attwidth Sync="TRUE">4</attwidth><atprecis Sync="TRUE">10</atprecis><attscale Sync="TRUE">0</attscale><attrdef Sync="TRUE">Internal feature number.</attrdef><attrdefs Sync="TRUE">ESRI</attrdefs><attrdomv><udom Sync="TRUE">Sequential unique whole numbers that are automatically generated.</udom></attrdomv></attr><attr><attrlabl Sync="TRUE">servico</attrlabl><attalias Sync="TRUE">servico</attalias><attrtype Sync="TRUE">String</attrtype><attwidth Sync="TRUE">100</attwidth><atprecis Sync="TRUE">0</atprecis><attscale Sync="TRUE">0</attscale></attr><attr><attrlabl Sync="TRUE">iq</attrlabl><attalias Sync="TRUE">iq</attalias><attrtype Sync="TRUE">String</attrtype><attwidth Sync="TRUE">30</attwidth><atprecis Sync="TRUE">0</atprecis><attscale Sync="TRUE">0</attscale></attr><attr><attrlabl Sync="TRUE">cnes</attrlabl><attalias Sync="TRUE">cnes</attalias><attrtype Sync="TRUE">Integer</attrtype><attwidth Sync="TRUE">4</attwidth><atprecis Sync="TRUE">10</atprecis><attscale Sync="TRUE">0</attscale></attr><attr><attrlabl Sync="TRUE">shape</attrlabl><attalias Sync="TRUE">SHAPE</attalias><attrtype Sync="TRUE">Geometry</attrtype><attwidth Sync="TRUE">4</attwidth><atprecis Sync="TRUE">0</atprecis><attscale Sync="TRUE">0</attscale><attrdef Sync="TRUE">Feature geometry.</attrdef><attrdefs Sync="TRUE">ESRI</attrdefs><attrdomv><udom Sync="TRUE">Coordinates defining the features.</udom></attrdomv></attr><attr><attrlabl Sync="TRUE">usuario_ad</attrlabl><attalias Sync="TRUE">usuario_ad</attalias><attrtype Sync="TRUE">String</attrtype><attwidth Sync="TRUE">50</attwidth><atprecis Sync="TRUE">0</atprecis><attscale Sync="TRUE">0</attscale></attr><attr><attrlabl Sync="TRUE">dt_inc</attrlabl><attalias Sync="TRUE">dt_inc</attalias><attrtype Sync="TRUE">Date</attrtype><attwidth Sync="TRUE">36</attwidth><atprecis Sync="TRUE">0</atprecis><attscale Sync="TRUE">0</attscale></attr><attr><attrlabl Sync="TRUE">dt_upd</attrlabl><attalias Sync="TRUE">dt_upd</attalias><attrtype Sync="TRUE">Date</attrtype><attwidth Sync="TRUE">36</attwidth><atprecis Sync="TRUE">0</atprecis><attscale Sync="TRUE">0</attscale></attr></detailed></eainfo><mdDateSt Sync="TRUE">20171025</mdDateSt><mdFileID>CC362529-3E54-4276-9300-6FF42D189D5D</mdFileID><mdChar><CharSetCd value="004"/></mdChar><dataSetFn><OnFunctCd value="001"/></dataSetFn><dqInfo><dataLineage><statement>Localização das Unidades de referência em Saúde do município de Joinville feita através da ortofoto de 2010 primeiramente por André Lima em uma única camada.
A partir de 2012 mantida por Rodrigo Ponick do antigo setor de Cadastramento e Acompanhamento do Usuário SUS da Secretaria Municipal da Saúde de Joinville.
Em 2013 foi criado uma nova camada, desmembrando da camada única onde constavam hospitais, serviços de referência e unidades básicas de saúde.
Em 2017 ainda mantida por Rodrigo Ponick, porém agora no Núcleo de Gestão da Informação - NGI.</statement></dataLineage></dqInfo></metadata>
