<?xml version="1.0" encoding="UTF-8"?>
<metadata xml:lang="pt"><Esri><CreaDate>20190207</CreaDate><CreaTime>09120800</CreaTime><SyncOnce>FALSE</SyncOnce><SyncDate>20171025</SyncDate><SyncTime>10301300</SyncTime><ModDate>20171025</ModDate><ModTime>10301300</ModTime><DataProperties><lineage><Process ToolSource="C:\Arquivos de programas\ArcGIS\ArcToolbox\Toolboxes\Conversion Tools.tbx\FeatureClassToFeatureClass" Date="20100721" Time="100825" Name="" export="">FeatureClassToFeatureClass "M:\SEPLAN\UG\GEO\SIG\Perímetro Urbano - 2007\Equipamentos Urbanos\Unidades_Básicas_de_Saúde.shp" M:\SEPLAN\UG\GEO\SIG\SAÚDE.gdb\Equipamentos_Urbanos Unidades_Básicas_de_Saúde # "Text 'Text' true true false 254 Text 0 0 ,First,#,M:\SEPLAN\UG\GEO\SIG\Perímetro Urbano - 2007\Equipamentos Urbanos\Unidades_Básicas_de_Saúde.shp,Text,-1,-1;SIGLA 'SIGLA' true true false 10 Text 0 0 ,First,#,M:\SEPLAN\UG\GEO\SIG\Perímetro Urbano - 2007\Equipamentos Urbanos\Unidades_Básicas_de_Saúde.shp,SIGLA,-1,-1;Unidade 'Unidade' true true false 150 Text 0 0 ,First,#,M:\SEPLAN\UG\GEO\SIG\Perímetro Urbano - 2007\Equipamentos Urbanos\Unidades_Básicas_de_Saúde.shp,Unidade,-1,-1;Contato 'Contato' true true false 50 Text 0 0 ,First,#,M:\SEPLAN\UG\GEO\SIG\Perímetro Urbano - 2007\Equipamentos Urbanos\Unidades_Básicas_de_Saúde.shp,Contato,-1,-1" # M:\SEPLAN\UG\GEO\SIG\SAÚDE.gdb\Equipamentos_Urbanos\Unidades_Básicas_de_Saúde</Process><Process ToolSource="C:\Program Files (x86)\ArcGIS\Desktop10.0\ArcToolbox\Toolboxes\Data Management Tools.tbx\UnregisterAsVersioned" Date="20140821" Time="084628" Name="" export="">UnregisterAsVersioned "Database Connections\saude-web05.sde\simgeo.saude.saude\simgeo.saude.Unidades_Basicas_de_Saude" NO_KEEP_EDIT NO_COMPRESS_DEFAULT</Process><Process ToolSource="c:\program files (x86)\arcgis\desktop10.0\ArcToolbox\Toolboxes\Data Management Tools.tbx\CopyFeatures" Date="20160513" Time="153855" Name="" export="">CopyFeatures "Database Connections\SAP.sde\simgeo.saude.saude\simgeo.saude.Unidades_Basicas_de_Saude" "Database Connections\Novo Geo.sde\simgeo.saude.saude\simgeo.saude.Unidades_Basicas_de_Saude" PG_GEOMETRY 0 0 0</Process></lineage><itemProps><itemLocation><linkage Sync="TRUE">file://Service=sde:postgresql:pmj-bd04;pgport=5432; Database=simgeo; User=u27505; Version=sde.DEFAULT</linkage><protocol Sync="TRUE">Local Area Network</protocol></itemLocation><itemName Sync="TRUE">simgeo.saude.Unidades_Basicas_de_Saude</itemName><imsContentType Sync="TRUE">002</imsContentType><nativeExtBox><westBL Sync="TRUE">703448.396200</westBL><eastBL Sync="TRUE">723295.920600</eastBL><southBL Sync="TRUE">7080120.885100</southBL><northBL Sync="TRUE">7106903.579600</northBL><exTypeCode Sync="TRUE">1</exTypeCode></nativeExtBox></itemProps><coordRef><type Sync="TRUE">Projected</type><geogcsn Sync="TRUE">GCS_SIRGAS_2000</geogcsn><csUnits Sync="TRUE">Linear Unit: Meter (1.000000)</csUnits><projcsn Sync="TRUE">SIRGAS_2000_UTM_Zone_22S</projcsn><peXml Sync="TRUE">&lt;ProjectedCoordinateSystem xsi:type='typens:ProjectedCoordinateSystem' xmlns:xsi='http://www.w3.org/2001/XMLSchema-instance' xmlns:xs='http://www.w3.org/2001/XMLSchema' xmlns:typens='http://www.esri.com/schemas/ArcGIS/10.0'&gt;&lt;WKT&gt;PROJCS[&amp;quot;SIRGAS_2000_UTM_Zone_22S&amp;quot;,GEOGCS[&amp;quot;GCS_SIRGAS_2000&amp;quot;,DATUM[&amp;quot;D_SIRGAS_2000&amp;quot;,SPHEROID[&amp;quot;GRS_1980&amp;quot;,6378137.0,298.257222101]],PRIMEM[&amp;quot;Greenwich&amp;quot;,0.0],UNIT[&amp;quot;Degree&amp;quot;,0.0174532925199433]],PROJECTION[&amp;quot;Transverse_Mercator&amp;quot;],PARAMETER[&amp;quot;False_Easting&amp;quot;,500000.0],PARAMETER[&amp;quot;False_Northing&amp;quot;,10000000.0],PARAMETER[&amp;quot;Central_Meridian&amp;quot;,-51.0],PARAMETER[&amp;quot;Scale_Factor&amp;quot;,0.9996],PARAMETER[&amp;quot;Latitude_Of_Origin&amp;quot;,0.0],UNIT[&amp;quot;Meter&amp;quot;,1.0],AUTHORITY[&amp;quot;EPSG&amp;quot;,31982]]&lt;/WKT&gt;&lt;XOrigin&gt;-5120900&lt;/XOrigin&gt;&lt;YOrigin&gt;1900&lt;/YOrigin&gt;&lt;XYScale&gt;10000&lt;/XYScale&gt;&lt;ZOrigin&gt;0&lt;/ZOrigin&gt;&lt;ZScale&gt;1&lt;/ZScale&gt;&lt;MOrigin&gt;0&lt;/MOrigin&gt;&lt;MScale&gt;1&lt;/MScale&gt;&lt;XYTolerance&gt;0.001&lt;/XYTolerance&gt;&lt;ZTolerance&gt;2&lt;/ZTolerance&gt;&lt;MTolerance&gt;2&lt;/MTolerance&gt;&lt;HighPrecision&gt;true&lt;/HighPrecision&gt;&lt;WKID&gt;31982&lt;/WKID&gt;&lt;/ProjectedCoordinateSystem&gt;</peXml></coordRef></DataProperties><ArcGISFormat>1.0</ArcGISFormat><ArcGISProfile>NAP</ArcGISProfile></Esri><idinfo><native Sync="TRUE">Microsoft Windows XP Version 5.1 (Build 2600) Service Pack 3; ESRI ArcCatalog 9.3.1.3000</native><descript><langdata Sync="TRUE">pt</langdata><abstract>REQUIRED: A brief narrative summary of the data set.</abstract><purpose>REQUIRED: A summary of the intentions with which the data set was developed.</purpose></descript><citation><citeinfo><origin>REQUIRED: The name of an organization or individual that developed the data set.</origin><pubdate>REQUIRED: The date when the data set is published or otherwise made available for release.</pubdate><title Sync="TRUE">Unidades_Básicas_de_Saúde</title><ftname Sync="TRUE">Unidades_Básicas_de_Saúde</ftname><geoform Sync="TRUE">vector digital data</geoform><onlink Sync="TRUE">\\pmjlle.joinville.sc.gov.br\Documents\SEPLAN\UG\GEO\SIG\SAÚDE.gdb</onlink></citeinfo></citation><timeperd><current>REQUIRED: The basis on which the time period of content information is determined.</current><timeinfo><sngdate><caldate>REQUIRED: The year (and optionally month, or month and day) for which the data set corresponds to the ground.</caldate></sngdate></timeinfo></timeperd><status><progress>REQUIRED: The state of the data set.</progress><update>REQUIRED: The frequency with which changes and additions are made to the data set after the initial data set is completed.</update></status><spdom><bounding><westbc Sync="TRUE">REQUIRED: Western-most coordinate of the limit of coverage expressed in longitude.</westbc><eastbc Sync="TRUE">REQUIRED: Eastern-most coordinate of the limit of coverage expressed in longitude.</eastbc><northbc Sync="TRUE">REQUIRED: Northern-most coordinate of the limit of coverage expressed in latitude.</northbc><southbc Sync="TRUE">REQUIRED: Southern-most coordinate of the limit of coverage expressed in latitude.</southbc></bounding></spdom><keywords><theme><themekt>REQUIRED: Reference to a formally registered thesaurus or a similar authoritative source of theme keywords.</themekt><themekey>REQUIRED: Common-use word or phrase used to describe the subject of the data set.</themekey></theme></keywords><accconst>REQUIRED: Restrictions and legal prerequisites for accessing the data set.</accconst><useconst>REQUIRED: Restrictions and legal prerequisites for using the data set after access is granted.</useconst><natvform Sync="TRUE">File Geodatabase Feature Class</natvform></idinfo><dataIdInfo><envirDesc Sync="TRUE">Microsoft Windows 7 Version 6.1 (Build 7601) Service Pack 1; ESRI ArcGIS 10.0.3.3600</envirDesc><dataLang><languageCode Sync="TRUE" value="por"/><countryCode value="BRA" Sync="TRUE"/></dataLang><idCitation><resTitle Sync="TRUE">simgeo.saude.Unidades_Basicas_de_Saude</resTitle><presForm><PresFormCd value="005" Sync="TRUE"/></presForm><citRespParty xmlns=""><rpIndName>Núcleo de Gestão da Informação / NGI - Secretaria Municipal da Saúde de Joinville</rpIndName><rpOrgName>Prefeitura Municipal de Joinville</rpOrgName><rpPosName>Autor</rpPosName><role><RoleCd value="001"/></role><rpCntInfo xmlns=""><cntPhone><voiceNum tddtty="">47 3481-5171</voiceNum></cntPhone></rpCntInfo></citRespParty></idCitation><spatRpType><SpatRepTypCd value="001" Sync="TRUE"/></spatRpType><dataExt><geoEle><GeoBndBox esriExtentType="search"><exTypeCode Sync="TRUE">1</exTypeCode><westBL Sync="TRUE">-48.964891</westBL><eastBL Sync="TRUE">-48.761840</eastBL><northBL Sync="TRUE">-26.139912</northBL><southBL Sync="TRUE">-26.384534</southBL></GeoBndBox></geoEle></dataExt><idPurp>Localização das Unidades Básicas de Saúde no município de Joinville.</idPurp><idAbs>&lt;DIV STYLE="text-align:Left;"&gt;&lt;DIV&gt;&lt;DIV&gt;&lt;P&gt;&lt;SPAN&gt;Unidades Básicas de Saúde no município de Joinville&lt;/SPAN&gt;&lt;/P&gt;&lt;/DIV&gt;&lt;/DIV&gt;&lt;/DIV&gt;</idAbs><idCredit>Núcleo de Gestão da Informação / NGI - Secretaria Municipal da Saúde de Joinville</idCredit><searchKeys><keyword>saúde</keyword><keyword>unidades</keyword><keyword>ubs</keyword><keyword>postos de saúde</keyword><keyword>unidades básicas</keyword></searchKeys><dataChar><CharSetCd value="004"/></dataChar><idStatus><ProgCd value="004"/></idStatus><resMaint xmlns=""><maintFreq><MaintFreqCd value="009"/></maintFreq></resMaint><resConst xmlns=""><LegConsts xmlns=""><accessConsts><RestrictCd value="009"/></accessConsts><useConsts><RestrictCd value="006"/></useConsts></LegConsts><SecConsts xmlns=""><class><ClasscationCd value="001"/></class><classSys>Dados Públicos</classSys></SecConsts></resConst></dataIdInfo><metainfo><langmeta Sync="TRUE">pt</langmeta><metstdn Sync="TRUE">FGDC Content Standards for Digital Geospatial Metadata</metstdn><metstdv Sync="TRUE">FGDC-STD-001-1998</metstdv><mettc Sync="TRUE">local time</mettc><metc><cntinfo><cntorgp><cntper>REQUIRED: The person responsible for the metadata information.</cntper><cntorg>REQUIRED: The organization responsible for the metadata information.</cntorg></cntorgp><cntaddr><addrtype>REQUIRED: The mailing and/or physical address for the organization or individual.</addrtype><city>REQUIRED: The city of the address.</city><state>REQUIRED: The state or province of the address.</state><postal>REQUIRED: The ZIP or other postal code of the address.</postal></cntaddr><cntvoice>REQUIRED: The telephone number by which individuals can speak to the organization or individual.</cntvoice></cntinfo></metc><metd Sync="TRUE">20100721</metd></metainfo><mdLang><languageCode Sync="TRUE" value="por"/><countryCode value="BRA" Sync="TRUE"/></mdLang><mdStanName Sync="TRUE">ISO 19115 Geographic Information - Metadata</mdStanName><mdStanVer Sync="TRUE">DIS_ESRI1.0</mdStanVer><mdChar><CharSetCd Sync="TRUE" value="004"/></mdChar><mdHrLv><ScopeCd Sync="TRUE" value="005"/></mdHrLv><mdHrLvName Sync="TRUE">dataset</mdHrLvName><distinfo><resdesc Sync="TRUE">Downloadable Data</resdesc></distinfo><distInfo><distributor><distorTran><onLineSrc><orDesc Sync="TRUE">002</orDesc><linkage Sync="TRUE">file://\\pmjlle.joinville.sc.gov.br\Documents\SEPLAN\UG\GEO\SIG\SAÚDE.gdb</linkage><protocol Sync="TRUE">Local Area Network</protocol></onLineSrc></distorTran><distorFormat><formatName Sync="TRUE">File Geodatabase Feature Class</formatName></distorFormat></distributor><distFormat><formatName Sync="TRUE">SDE Feature Class</formatName></distFormat></distInfo><spdoinfo><direct Sync="TRUE">Vector</direct><ptvctinf><esriterm><efeatyp Sync="TRUE">Simple</efeatyp><efeageom code="1" Sync="TRUE"></efeageom><esritopo Sync="TRUE">FALSE</esritopo><efeacnt Sync="TRUE">57</efeacnt><spindex Sync="TRUE">TRUE</spindex><linrefer Sync="TRUE">FALSE</linrefer></esriterm></ptvctinf></spdoinfo><spref><horizsys><cordsysn><geogcsn Sync="TRUE">GCS_SIRGAS_2000</geogcsn><projcsn Sync="TRUE">SIRGAS_2000_UTM_Zone_22S</projcsn></cordsysn><planar><planci><plance Sync="TRUE">coordinate pair</plance><plandu Sync="TRUE">meters</plandu><coordrep><absres Sync="TRUE">0.000100</absres><ordres Sync="TRUE">0.000100</ordres></coordrep></planci></planar><geodetic><horizdn Sync="TRUE">D_SIRGAS_2000</horizdn><ellips Sync="TRUE">Geodetic Reference System 80</ellips><semiaxis Sync="TRUE">6378137.000000</semiaxis><denflat Sync="TRUE">298.257222</denflat></geodetic></horizsys><vertdef><altsys><altenc Sync="TRUE">Explicit elevation coordinate included with horizontal coordinates</altenc><altres Sync="TRUE">0.000100</altres></altsys></vertdef></spref><refSysInfo><RefSystem><refSysID><identCode Sync="TRUE" value="31982">SIRGAS_2000_UTM_Zone_22S</identCode><idCodeSpace Sync="TRUE">EPSG</idCodeSpace><idVersion Sync="TRUE">7.4.1</idVersion></refSysID></RefSystem></refSysInfo><spatRepInfo><VectSpatRep><geometObjs Name="simgeo.saude.Unidades_Basicas_de_Saude"><geoObjTyp><GeoObjTypCd value="004" Sync="TRUE"></GeoObjTypCd></geoObjTyp><geoObjCnt Sync="TRUE">57</geoObjCnt></geometObjs><topLvl><TopoLevCd value="001" Sync="TRUE"></TopoLevCd></topLvl></VectSpatRep></spatRepInfo><eainfo><detailed Name="simgeo.saude.Unidades_Basicas_de_Saude"><enttyp><enttypl Sync="TRUE">simgeo.saude.Unidades_Basicas_de_Saude</enttypl><enttypt Sync="TRUE">Feature Class</enttypt><enttypc Sync="TRUE">57</enttypc></enttyp><attr><attrlabl Sync="TRUE">OBJECTID</attrlabl><attalias Sync="TRUE">OBJECTID</attalias><attrtype Sync="TRUE">OID</attrtype><attwidth Sync="TRUE">4</attwidth><atprecis Sync="TRUE">10</atprecis><attscale Sync="TRUE">0</attscale><attrdef Sync="TRUE">Internal feature number.</attrdef><attrdefs Sync="TRUE">ESRI</attrdefs><attrdomv><udom Sync="TRUE">Sequential unique whole numbers that are automatically generated.</udom></attrdomv></attr><attr><attrlabl Sync="TRUE">Shape</attrlabl><attalias Sync="TRUE">Shape</attalias><attrtype Sync="TRUE">Geometry</attrtype><attwidth Sync="TRUE">4</attwidth><atprecis Sync="TRUE">0</atprecis><attscale Sync="TRUE">0</attscale><attrdef Sync="TRUE">Feature geometry.</attrdef><attrdefs Sync="TRUE">ESRI</attrdefs><attrdomv><udom Sync="TRUE">Coordinates defining the features.</udom></attrdomv></attr><attr><attrlabl Sync="TRUE">cnes</attrlabl><attalias Sync="TRUE">cnes</attalias><attrtype Sync="TRUE">Integer</attrtype><attwidth Sync="TRUE">4</attwidth><atprecis Sync="TRUE">10</atprecis><attscale Sync="TRUE">0</attscale></attr><attr><attrlabl Sync="TRUE">modelo</attrlabl><attalias Sync="TRUE">modelo</attalias><attrtype Sync="TRUE">String</attrtype><attwidth Sync="TRUE">10</attwidth><atprecis Sync="TRUE">0</atprecis><attscale Sync="TRUE">0</attscale></attr><attr><attrlabl Sync="TRUE">iq</attrlabl><attalias Sync="TRUE">iq</attalias><attrtype Sync="TRUE">String</attrtype><attwidth Sync="TRUE">16</attwidth><atprecis Sync="TRUE">0</atprecis><attscale Sync="TRUE">0</attscale></attr><attr><attrlabl Sync="TRUE">Text</attrlabl><attalias Sync="TRUE">text</attalias><attrtype Sync="TRUE">String</attrtype><attwidth Sync="TRUE">254</attwidth><atprecis Sync="TRUE">0</atprecis><attscale Sync="TRUE">0</attscale></attr><attr><attrlabl Sync="TRUE">usuario_ad</attrlabl><attalias Sync="TRUE">usuario_ad</attalias><attrtype Sync="TRUE">String</attrtype><attwidth Sync="TRUE">50</attwidth><atprecis Sync="TRUE">0</atprecis><attscale Sync="TRUE">0</attscale></attr><attr><attrlabl Sync="TRUE">dt_inc</attrlabl><attalias Sync="TRUE">dt_inc</attalias><attrtype Sync="TRUE">Date</attrtype><attwidth Sync="TRUE">36</attwidth><atprecis Sync="TRUE">0</atprecis><attscale Sync="TRUE">0</attscale></attr><attr><attrlabl Sync="TRUE">dt_upd</attrlabl><attalias Sync="TRUE">dt_upd</attalias><attrtype Sync="TRUE">Date</attrtype><attwidth Sync="TRUE">36</attwidth><atprecis Sync="TRUE">0</atprecis><attscale Sync="TRUE">0</attscale></attr></detailed></eainfo><mdDateSt Sync="TRUE">20171025</mdDateSt><mdFileID>9D170315-2AE6-4B2E-B634-6BC868C2947B</mdFileID><dataSetFn><OnFunctCd value="001"/></dataSetFn><dqInfo><dataLineage><statement>Localização das Unidades de Básicas de Saúde (UBS) do município de Joinville feita através da ortofoto de 2010 primeiramente por André Lima em uma única camada.
A partir de 2012 mantida por Rodrigo Ponick do antigo setor de Cadastramento e Acompanhamento do Usuário SUS da Secretaria Municipal da Saúde de Joinville.
Em 2013 foi criado uma nova camada, desmembrando da camada única onde constavam hospitais, serviços de referência e unidades básicas de saúde.
Em 2017 ainda mantida por Rodrigo Ponick, porém agora no Núcleo de Gestão da Informação - NGI.</statement></dataLineage></dqInfo></metadata>
