<?xml version="1.0" encoding="UTF-8"?>
<metadata xml:lang="pt"><Esri><CreaDate>20190207</CreaDate><CreaTime>09113800</CreaTime><ArcGISFormat>1.0</ArcGISFormat><ArcGISstyle>North American Profile of ISO19115 2003</ArcGISstyle><SyncOnce>FALSE</SyncOnce><DataProperties><lineage><Process ToolSource="C:\Program Files (x86)\ArcGIS\Desktop10.0\ArcToolbox\Toolboxes\Data Management Tools.tbx\CalculateField" Date="20160505" Time="085749" Name="" export="">CalculateField "unidades_escolares_2016 selection" UNIDADE "EEB SENADOR RODRIGO LOBO" VB #</Process><Process ToolSource="C:\Program Files (x86)\ArcGIS\Desktop10.0\ArcToolbox\Toolboxes\Data Management Tools.tbx\CalculateField" Date="20160505" Time="085959" Name="" export="">CalculateField "unidades_escolares_2016 selection" UNIDADE "EEB PROF ANTONIA ALPAIDES C DOS SANTOS" VB #</Process><Process ToolSource="C:\Program Files (x86)\ArcGIS\Desktop10.0\ArcToolbox\Toolboxes\Data Management Tools.tbx\CalculateField" Date="20160506" Time="075431" Name="" export="">CalculateField unidades_escolares_2016 SIGLA [UNIDADE] VB #</Process><Process ToolSource="C:\Program Files (x86)\ArcGIS\Desktop10.0\ArcToolbox\Toolboxes\Data Management Tools.tbx\CalculateField" Date="20160509" Time="122543" Name="" export="">CalculateField unidades_escolares ENDEREÇO [ENDERECO] VB #</Process><Process ToolSource="C:\Program Files (x86)\ArcGIS\Desktop10.0\ArcToolbox\Toolboxes\Data Management Tools.tbx\CalculateField" Date="20160509" Time="122628" Name="" export="">CalculateField unidades_escolares ENDEREÇO [ENDERECO] VB #</Process><Process ToolSource="C:\Program Files (x86)\ArcGIS\Desktop10.0\ArcToolbox\Toolboxes\Conversion Tools.tbx\FeatureClassToFeatureClass" Date="20160509" Time="125827" Name="" export="">FeatureClassToFeatureClass unidades_escolares "Database Connections\educacao.sde\simgeo.educacao.educacao" unidades_escolares # "ID "ID" true true false 13 Double 6 12 ,First,#,M:\SAP\UNG\GEO\Temp\educacao\unidades_escolares.shp,ID,-1,-1;CATEGORIA "CATEGORIA" true true false 50 Text 0 0 ,First,#,M:\SAP\UNG\GEO\Temp\educacao\unidades_escolares.shp,CATEGORIA,-1,-1;ESCOLA "ESCOLA" true true false 50 Text 0 0 ,First,#,M:\SAP\UNG\GEO\Temp\educacao\unidades_escolares.shp,SIGLA,-1,-1;ENDEREÇO "ENDEREÇO" true true false 150 Text 0 0 ,First,#,M:\SAP\UNG\GEO\Temp\educacao\unidades_escolares.shp,ENDEREÇO,-1,-1" #</Process><Process ToolSource="C:\Program Files (x86)\ArcGIS\Desktop10.0\ArcToolbox\Toolboxes\Data Management Tools.tbx\CopyFeatures" Date="20160513" Time="120947">CopyFeatures "Database Connections\WEB05 sde.sde\simgeo.educacao.educacao\simgeo.educacao.unidades_escolares" "Database Connections\PROD educacao.sde\simgeo.educacao.educacao\simgeo.educacao.unidades_escolares" PG_GEOMETRY 0 0 0</Process></lineage><itemProps><itemName Sync="TRUE">simgeo.educacao.unidades_escolares</itemName><imsContentType Sync="TRUE" export="False">002</imsContentType><itemLocation><linkage Sync="TRUE">file://Service=sde:postgresql:pmj-bd04; Database=simgeo; User=educacao; Version=sde.DEFAULT</linkage><protocol Sync="TRUE">Local Area Network</protocol></itemLocation><nativeExtBox><westBL Sync="TRUE">698845.329100</westBL><eastBL Sync="TRUE">723032.138600</eastBL><southBL Sync="TRUE">7079927.505000</southBL><northBL Sync="TRUE">7108676.469200</northBL><exTypeCode Sync="TRUE">1</exTypeCode></nativeExtBox></itemProps><coordRef><type Sync="TRUE">Projected</type><geogcsn Sync="TRUE">GCS_SIRGAS_2000</geogcsn><csUnits Sync="TRUE">Linear Unit: Meter (1.000000)</csUnits><projcsn Sync="TRUE">SIRGAS_2000_UTM_Zone_22S</projcsn><peXml Sync="TRUE">&lt;ProjectedCoordinateSystem xsi:type='typens:ProjectedCoordinateSystem' xmlns:xsi='http://www.w3.org/2001/XMLSchema-instance' xmlns:xs='http://www.w3.org/2001/XMLSchema' xmlns:typens='http://www.esri.com/schemas/ArcGIS/10.0'&gt;&lt;WKT&gt;PROJCS[&amp;quot;SIRGAS_2000_UTM_Zone_22S&amp;quot;,GEOGCS[&amp;quot;GCS_SIRGAS_2000&amp;quot;,DATUM[&amp;quot;D_SIRGAS_2000&amp;quot;,SPHEROID[&amp;quot;GRS_1980&amp;quot;,6378137.0,298.257222101]],PRIMEM[&amp;quot;Greenwich&amp;quot;,0.0],UNIT[&amp;quot;Degree&amp;quot;,0.0174532925199433]],PROJECTION[&amp;quot;Transverse_Mercator&amp;quot;],PARAMETER[&amp;quot;False_Easting&amp;quot;,500000.0],PARAMETER[&amp;quot;False_Northing&amp;quot;,10000000.0],PARAMETER[&amp;quot;Central_Meridian&amp;quot;,-51.0],PARAMETER[&amp;quot;Scale_Factor&amp;quot;,0.9996],PARAMETER[&amp;quot;Latitude_Of_Origin&amp;quot;,0.0],UNIT[&amp;quot;Meter&amp;quot;,1.0],AUTHORITY[&amp;quot;EPSG&amp;quot;,31982]]&lt;/WKT&gt;&lt;XOrigin&gt;-5120900&lt;/XOrigin&gt;&lt;YOrigin&gt;1900&lt;/YOrigin&gt;&lt;XYScale&gt;10000&lt;/XYScale&gt;&lt;ZOrigin&gt;0&lt;/ZOrigin&gt;&lt;ZScale&gt;1&lt;/ZScale&gt;&lt;MOrigin&gt;0&lt;/MOrigin&gt;&lt;MScale&gt;1&lt;/MScale&gt;&lt;XYTolerance&gt;0.001&lt;/XYTolerance&gt;&lt;ZTolerance&gt;0.001&lt;/ZTolerance&gt;&lt;MTolerance&gt;0.001&lt;/MTolerance&gt;&lt;HighPrecision&gt;true&lt;/HighPrecision&gt;&lt;WKID&gt;31982&lt;/WKID&gt;&lt;/ProjectedCoordinateSystem&gt;</peXml></coordRef></DataProperties><SyncDate>20160523</SyncDate><SyncTime>12075300</SyncTime><ModDate>20160523</ModDate><ModTime>12075300</ModTime><ArcGISProfile>NAP</ArcGISProfile></Esri><dataIdInfo><envirDesc Sync="TRUE">Microsoft Windows 7 Version 6.1 (Build 7601) Service Pack 1; ESRI ArcGIS 10.0.5.4400</envirDesc><dataLang><languageCode value="por" Sync="TRUE"/><countryCode value="BRA" Sync="TRUE"/></dataLang><idCitation xmlns=""><resTitle Sync="TRUE">simgeo.educacao.unidades_escolares</resTitle><presForm xmlns=""><PresFormCd value="005" Sync="TRUE"/></presForm><resAltTitle>Unidades Escolares</resAltTitle><citRespParty xmlns=""><rpIndName>Secretaria de Educação</rpIndName><rpOrgName>Prefeitura Municipal de Joinville - PMJ</rpOrgName><rpPosName>Autor</rpPosName><role><RoleCd value="001"></RoleCd></role></citRespParty><citRespParty xmlns=""><rpIndName>Secretaria de Administração e Planjeamento - SAP</rpIndName><rpOrgName>Prefeitura Municipal de Joinville - PMJ</rpOrgName><rpPosName>Publicador</rpPosName><role><RoleCd value="010"></RoleCd></role></citRespParty></idCitation><spatRpType><SpatRepTypCd value="001" Sync="TRUE"/></spatRpType><dataExt><geoEle><GeoBndBox esriExtentType="search"><exTypeCode Sync="TRUE">1</exTypeCode><westBL Sync="TRUE">-49.011184</westBL><eastBL Sync="TRUE">-48.764448</eastBL><northBL Sync="TRUE">-26.123956</northBL><southBL Sync="TRUE">-26.386929</southBL></GeoBndBox></geoEle></dataExt><idPurp>Localizar as unidades escolares do município de Joinville.</idPurp><idAbs>&lt;DIV STYLE="text-align:Left;"&gt;&lt;DIV&gt;&lt;P&gt;&lt;SPAN&gt;Localização das unidades escolares de Joinville categorizadas por municipal, estadual, conveniada e rural.&lt;/SPAN&gt;&lt;/P&gt;&lt;/DIV&gt;&lt;/DIV&gt;</idAbs><idCredit>Autor: Secretaria de Educação/ Publicador: GEO/SAP</idCredit><searchKeys><keyword>unidades</keyword><keyword>escolares</keyword><keyword>escolas</keyword><keyword>educação</keyword></searchKeys><dataChar><CharSetCd value="004"></CharSetCd></dataChar><idStatus><ProgCd value="004"></ProgCd></idStatus><resMaint xmlns=""><maintFreq><MaintFreqCd value="001"></MaintFreqCd></maintFreq></resMaint><tpCat><TopicCatCd value="013"/></tpCat><tpCat><TopicCatCd value="017"/></tpCat></dataIdInfo><mdLang><languageCode value="por" Sync="TRUE"/><countryCode value="BRA" Sync="TRUE"/></mdLang><distInfo><distFormat><formatName Sync="TRUE">SDE Feature Class</formatName></distFormat></distInfo><mdHrLv><ScopeCd value="005" Sync="TRUE"/></mdHrLv><mdHrLvName Sync="TRUE">dataset</mdHrLvName><refSysInfo><RefSystem dimension=""><refSysID xmlns=""><identCode code="31982" Sync="TRUE" value="31982"/><idCodeSpace Sync="TRUE">EPSG</idCodeSpace><idVersion Sync="TRUE">7.4.1</idVersion></refSysID></RefSystem></refSysInfo><spatRepInfo><VectSpatRep><geometObjs Name="simgeo.educacao.unidades_escolares"><geoObjTyp><GeoObjTypCd value="004" Sync="TRUE"></GeoObjTypCd></geoObjTyp><geoObjCnt Sync="TRUE">267</geoObjCnt></geometObjs><topLvl><TopoLevCd value="001" Sync="TRUE"></TopoLevCd></topLvl></VectSpatRep></spatRepInfo><spdoinfo><ptvctinf><esriterm><efeatyp Sync="TRUE">Simple</efeatyp><efeageom code="1" Sync="TRUE"></efeageom><esritopo Sync="TRUE">FALSE</esritopo><efeacnt Sync="TRUE">267</efeacnt><spindex Sync="TRUE">TRUE</spindex><linrefer Sync="TRUE">FALSE</linrefer></esriterm></ptvctinf></spdoinfo><eainfo><detailed Name="simgeo.educacao.unidades_escolares"><enttyp><enttypl Sync="TRUE">simgeo.educacao.unidades_escolares</enttypl><enttypt Sync="TRUE">Feature Class</enttypt><enttypc Sync="TRUE">267</enttypc></enttyp><attr><attrlabl Sync="TRUE">objectid</attrlabl><attalias Sync="TRUE">objectid</attalias><attrtype Sync="TRUE">OID</attrtype><attwidth Sync="TRUE">4</attwidth><atprecis Sync="TRUE">10</atprecis><attscale Sync="TRUE">0</attscale><attrdef Sync="TRUE">Internal feature number.</attrdef><attrdefs Sync="TRUE">ESRI</attrdefs><attrdomv><udom Sync="TRUE">Sequential unique whole numbers that are automatically generated.</udom></attrdomv></attr><attr><attrlabl Sync="TRUE">id</attrlabl><attalias Sync="TRUE">id</attalias><attrtype Sync="TRUE">Double</attrtype><attwidth Sync="TRUE">8</attwidth><atprecis Sync="TRUE">12</atprecis><attscale Sync="TRUE">6</attscale></attr><attr><attrlabl Sync="TRUE">categoria</attrlabl><attalias Sync="TRUE">categoria</attalias><attrtype Sync="TRUE">String</attrtype><attwidth Sync="TRUE">50</attwidth><atprecis Sync="TRUE">0</atprecis><attscale Sync="TRUE">0</attscale></attr><attr><attrlabl Sync="TRUE">escola</attrlabl><attalias Sync="TRUE">escola</attalias><attrtype Sync="TRUE">String</attrtype><attwidth Sync="TRUE">50</attwidth><atprecis Sync="TRUE">0</atprecis><attscale Sync="TRUE">0</attscale></attr><attr><attrlabl Sync="TRUE">endereço</attrlabl><attalias Sync="TRUE">endereço</attalias><attrtype Sync="TRUE">String</attrtype><attwidth Sync="TRUE">150</attwidth><atprecis Sync="TRUE">0</atprecis><attscale Sync="TRUE">0</attscale></attr><attr><attrlabl Sync="TRUE">shape</attrlabl><attalias Sync="TRUE">shape</attalias><attrtype Sync="TRUE">Geometry</attrtype><attwidth Sync="TRUE">4</attwidth><atprecis Sync="TRUE">0</atprecis><attscale Sync="TRUE">0</attscale><attrdef Sync="TRUE">Feature geometry.</attrdef><attrdefs Sync="TRUE">ESRI</attrdefs><attrdomv><udom Sync="TRUE">Coordinates defining the features.</udom></attrdomv></attr></detailed></eainfo><mdDateSt Sync="TRUE">20160523</mdDateSt><mdFileID>E57C3CE4-8B1B-4390-9A94-4F07C9EA72F4</mdFileID><mdChar><CharSetCd value="004"></CharSetCd></mdChar><dataSetFn><OnFunctCd value="001"></OnFunctCd></dataSetFn><mdContact xmlns=""><rpIndName>Secretaria de Administração e Planejamento</rpIndName><rpOrgName>Prefeitura Municipal de Joinville</rpOrgName><rpPosName>Autor</rpPosName><role><RoleCd value="011"></RoleCd></role></mdContact><mdMaint xmlns=""><maintFreq><MaintFreqCd value="009"></MaintFreqCd></maintFreq></mdMaint><dqInfo xmlns=""><dqScope><scpLvl><ScopeCd value="009"></ScopeCd></scpLvl></dqScope><dataLineage><statement>Classe de feição do tipo pontual que localiza as unidades escolares de Joinville categorizadas por tipo, bem como seus endereços na tabela de atributos alfanuméricos;</statement></dataLineage></dqInfo></metadata>
