<metadata xml:lang="pt"><Esri><CreaDate>20121106</CreaDate><CreaTime>12044500</CreaTime><SyncOnce>FALSE</SyncOnce><DataProperties><lineage><Process ToolSource="C:\Program Files\ArcGIS\ArcToolbox\Toolboxes\Data Management Tools.tbx\Append" Date="20120418" Time="095445">Append \\BALAIO\balaio\SULGAS_2010\ModeloDados_V4\HD_HIDROPOL\HD_HIDROPOL.shp;\\BALAIO\balaio\SULGAS_2010\ModeloDados_V4\HD_HIDROPOL\HD_HIDROPOL_SERRA_04042012_exp.shp \\BALAIO\balaio\SULGAS_2010\ModeloDados_V4\APPEND_V14\HD_HIDROPOL.shp NO_TEST "Id 'Id' true false false 6 Long 0 6 ,First,#,\\BALAIO\balaio\SULGAS_2010\ModeloDados_V4\HD_HIDROPOL\HD_HIDROPOL.shp,Id,-1,-1,\\BALAIO\balaio\SULGAS_2010\ModeloDados_V4\HD_HIDROPOL\HD_HIDROPOL_SERRA_04042012_exp.shp,Id,-1,-1;Nome 'Nome' true false false 50 Text 0 0 ,First,#,\\BALAIO\balaio\SULGAS_2010\ModeloDados_V4\HD_HIDROPOL\HD_HIDROPOL.shp,Nome,-1,-1,\\BALAIO\balaio\SULGAS_2010\ModeloDados_V4\HD_HIDROPOL\HD_HIDROPOL_SERRA_04042012_exp.shp,Nome,-1,-1;Tipo 'Tipo' true false false 10 Text 0 0 ,First,#,\\BALAIO\balaio\SULGAS_2010\ModeloDados_V4\HD_HIDROPOL\HD_HIDROPOL.shp,Tipo,-1,-1,\\BALAIO\balaio\SULGAS_2010\ModeloDados_V4\HD_HIDROPOL\HD_HIDROPOL_SERRA_04042012_exp.shp,Tipo,-1,-1;Area 'Area' true false false 19 Double 0 0 ,First,#,\\BALAIO\balaio\SULGAS_2010\ModeloDados_V4\HD_HIDROPOL\HD_HIDROPOL.shp,Area,-1,-1,\\BALAIO\balaio\SULGAS_2010\ModeloDados_V4\HD_HIDROPOL\HD_HIDROPOL_SERRA_04042012_exp.shp,Area,-1,-1;Perim 'Perim' true false false 19 Double 0 0 ,First,#,\\BALAIO\balaio\SULGAS_2010\ModeloDados_V4\HD_HIDROPOL\HD_HIDROPOL.shp,Perim,-1,-1,\\BALAIO\balaio\SULGAS_2010\ModeloDados_V4\HD_HIDROPOL\HD_HIDROPOL_SERRA_04042012_exp.shp,Perim,-1,-1" # \\BALAIO\balaio\SULGAS_2010\ModeloDados_V4\APPEND_V14\HD_HIDROPOL.shp</Process><Process ToolSource="c:\arquivos de programas\arcgis\desktop10.0\ArcToolbox\Toolboxes\Conversion Tools.tbx\FeatureClassToFeatureClass" Date="20120813" Time="161643">FeatureClassToFeatureClass Caxias_HIDROPOL_V1 "Database Connections\Connection to gaia@direct.sde\arcgis10.pmcs.hidro" areas_alagadas # "Id "Id" true true false 6 Long 0 6 ,First,#,D:\Arquivos_Shapefile\Caxias_HIDROPOL_V1.shp,Id,-1,-1;Nome "Nome" true true false 50 Text 0 0 ,First,#,D:\Arquivos_Shapefile\Caxias_HIDROPOL_V1.shp,Nome,-1,-1;Area "Area" true true false 19 Double 0 0 ,First,#,D:\Arquivos_Shapefile\Caxias_HIDROPOL_V1.shp,Area,-1,-1;Perim "Perim" true true false 19 Double 0 0 ,First,#,D:\Arquivos_Shapefile\Caxias_HIDROPOL_V1.shp,Perim,-1,-1" #</Process></lineage><itemProps><itemName Sync="TRUE">areasAlagadas2012</itemName><imsContentType Sync="TRUE">002</imsContentType><itemLocation><linkage Sync="TRUE">file://\\P252298\C$\Users\btspeich\Desktop\hidrografia20200521\areasAlagadas2012.shp</linkage><protocol Sync="TRUE">Local Area Network</protocol></itemLocation><itemSize Sync="TRUE">0.000</itemSize></itemProps><coordRef><type Sync="TRUE">Projected</type><geogcsn Sync="TRUE">GCS_SIRGAS_2000</geogcsn><csUnits Sync="TRUE">Linear Unit: Meter (1.000000)</csUnits><projcsn Sync="TRUE">SIRGAS_2000_UTM_Zone_22S</projcsn><peXml Sync="TRUE">&lt;ProjectedCoordinateSystem xsi:type='typens:ProjectedCoordinateSystem' xmlns:xsi='http://www.w3.org/2001/XMLSchema-instance' xmlns:xs='http://www.w3.org/2001/XMLSchema' xmlns:typens='http://www.esri.com/schemas/ArcGIS/10.6'&gt;&lt;WKT&gt;PROJCS[&amp;quot;SIRGAS_2000_UTM_Zone_22S&amp;quot;,GEOGCS[&amp;quot;GCS_SIRGAS_2000&amp;quot;,DATUM[&amp;quot;D_SIRGAS_2000&amp;quot;,SPHEROID[&amp;quot;GRS_1980&amp;quot;,6378137.0,298.257222101]],PRIMEM[&amp;quot;Greenwich&amp;quot;,0.0],UNIT[&amp;quot;Degree&amp;quot;,0.0174532925199433]],PROJECTION[&amp;quot;Transverse_Mercator&amp;quot;],PARAMETER[&amp;quot;False_Easting&amp;quot;,500000.0],PARAMETER[&amp;quot;False_Northing&amp;quot;,10000000.0],PARAMETER[&amp;quot;Central_Meridian&amp;quot;,-51.0],PARAMETER[&amp;quot;Scale_Factor&amp;quot;,0.9996],PARAMETER[&amp;quot;Latitude_Of_Origin&amp;quot;,0.0],UNIT[&amp;quot;Meter&amp;quot;,1.0],AUTHORITY[&amp;quot;EPSG&amp;quot;,31982]]&lt;/WKT&gt;&lt;XOrigin&gt;-5120900&lt;/XOrigin&gt;&lt;YOrigin&gt;1900&lt;/YOrigin&gt;&lt;XYScale&gt;450445547.3910538&lt;/XYScale&gt;&lt;ZOrigin&gt;-100000&lt;/ZOrigin&gt;&lt;ZScale&gt;10000&lt;/ZScale&gt;&lt;MOrigin&gt;-100000&lt;/MOrigin&gt;&lt;MScale&gt;10000&lt;/MScale&gt;&lt;XYTolerance&gt;0.001&lt;/XYTolerance&gt;&lt;ZTolerance&gt;0.001&lt;/ZTolerance&gt;&lt;MTolerance&gt;0.001&lt;/MTolerance&gt;&lt;HighPrecision&gt;true&lt;/HighPrecision&gt;&lt;WKID&gt;31982&lt;/WKID&gt;&lt;LatestWKID&gt;31982&lt;/LatestWKID&gt;&lt;/ProjectedCoordinateSystem&gt;</peXml></coordRef></DataProperties><SyncDate>20200521</SyncDate><SyncTime>08490700</SyncTime><ModDate>20200521</ModDate><ModTime>08490700</ModTime><ArcGISFormat>1.0</ArcGISFormat></Esri><idinfo><citation><citeinfo><onlink Sync="TRUE">\\BALAIO\balaio\PROJETOS_PEQUENOS\CAXIAS_2012\HIDRO\DADOS_GAUSS\DVD\Arquivos_Shapefile\Caxias_HIDROPOL_V1</onlink><origin>REQUIRED: The name of an organization or individual that developed the data set.</origin><pubdate>REQUIRED: The date when the data set is published or otherwise made available for release.</pubdate><title Sync="TRUE">Caxias_HIDROPOL_V1</title><ftname Sync="TRUE">Caxias_HIDROPOL_V1</ftname><geoform Sync="TRUE">vector digital data</geoform></citeinfo></citation><native Sync="TRUE">Microsoft Windows Vista Version 6.0 (Build 6001) Service Pack 1; ESRI ArcCatalog 9.3.0.1770</native><descript><langdata Sync="TRUE">pt</langdata><abstract>REQUIRED: A brief narrative summary of the data set.</abstract><purpose>REQUIRED: A summary of the intentions with which the data set was developed.</purpose></descript><timeperd><current>REQUIRED: The basis on which the time period of content information is determined.</current><timeinfo><sngdate><caldate>REQUIRED: The year (and optionally month, or month and day) for which the data set corresponds to the ground.</caldate></sngdate></timeinfo></timeperd><status><progress>REQUIRED: The state of the data set.</progress><update>REQUIRED: The frequency with which changes and additions are made to the data set after the initial data set is completed.</update></status><spdom><bounding><westbc Sync="TRUE">-51.291476</westbc><eastbc Sync="TRUE">-51.074319</eastbc><northbc Sync="TRUE">-29.057464</northbc><southbc Sync="TRUE">-29.233967</southbc></bounding><lboundng><leftbc Sync="TRUE">471674.236849</leftbc><rightbc Sync="TRUE">492765.395896</rightbc><bottombc Sync="TRUE">6766090.116336</bottombc><topbc Sync="TRUE">6785612.947970</topbc></lboundng></spdom><keywords><theme><themekt>REQUIRED: Reference to a formally registered thesaurus or a similar authoritative source of theme keywords.</themekt><themekey>REQUIRED: Common-use word or phrase used to describe the subject of the data set.</themekey></theme></keywords><accconst>REQUIRED: Restrictions and legal prerequisites for accessing the data set.</accconst><useconst>REQUIRED: Restrictions and legal prerequisites for using the data set after access is granted.</useconst><natvform Sync="TRUE">Shapefile</natvform></idinfo><distInfo><distributor><distorTran><onLineSrc><linkage Sync="TRUE">file://\\BALAIO\balaio\PROJETOS_PEQUENOS\CAXIAS_2012\HIDRO\DADOS_GAUSS\DVD\Arquivos_Shapefile\Caxias_HIDROPOL_V1</linkage><protocol Sync="TRUE">Local Area Network</protocol><orDesc Sync="TRUE">002</orDesc></onLineSrc><transSize Sync="TRUE">0,312</transSize></distorTran><distorFormat><formatName Sync="TRUE">Shapefile</formatName></distorFormat></distributor><distFormat><formatName Sync="TRUE">Shapefile</formatName></distFormat><distTranOps><transSize Sync="TRUE">0.000</transSize></distTranOps></distInfo><dataqual><lineage><procstep><procdesc Sync="TRUE">Dataset moved.</procdesc><srcused Sync="TRUE">\\BALAIO\balaio\SULGAS_2010\ModeloDados_V2\HD_HIDROPOL</srcused><procdate Sync="TRUE">20110817</procdate><proctime Sync="TRUE">10365900</proctime></procstep><procstep><procdesc Sync="TRUE">Dataset copied.</procdesc><srcused Sync="TRUE">\\BALAIO\balaio\SULGAS_2010\ModeloDados_V2\_MODELOS\HD_HIDROPOL</srcused><procdate Sync="TRUE">20110825</procdate><proctime Sync="TRUE">15090300</proctime></procstep><procstep><procdesc Sync="TRUE">Dataset copied.</procdesc><srcused Sync="TRUE">\\BALAIO\balaio\SULGAS_2010\ModeloDados_V4\_NOVO_APPEND\HD_HIDROPOL</srcused><procdate Sync="TRUE">20120416</procdate><proctime Sync="TRUE">16235400</proctime></procstep><procstep><procdesc Sync="TRUE">Dataset copied.</procdesc><srcused Sync="TRUE">\\BALAIO\balaio\SULGAS_2010\ModeloDados_V4\APPEND_V14\HD_HIDROPOL</srcused><procdate Sync="TRUE">20120504</procdate><proctime Sync="TRUE">08290300</proctime></procstep><procstep><procdesc Sync="TRUE">Dataset copied.</procdesc><srcused Sync="TRUE"></srcused><procdate Sync="TRUE">20120521</procdate><proctime Sync="TRUE">16372300</proctime></procstep><procstep><procdesc Sync="TRUE">Dataset copied.</procdesc><srcused Sync="TRUE">\\BALAIO\balaio\PROJETOS_PEQUENOS\CAXIAS_2012\HIDRO\DADOS_GAUSS\Hidro_poligono\HD_HIDROPOL_SULGAS_APPENDV14_EXP</srcused><procdate Sync="TRUE">20120604</procdate><proctime Sync="TRUE">10344000</proctime></procstep><procstep><procdesc Sync="TRUE">Dataset copied.</procdesc><srcused Sync="TRUE"></srcused><procdate Sync="TRUE">20120604</procdate><proctime Sync="TRUE">10411400</proctime></procstep><procstep><procdesc Sync="TRUE">Dataset copied.</procdesc><srcused Sync="TRUE">\\BALAIO\balaio\PROJETOS_PEQUENOS\CAXIAS_2012\HIDRO\DADOS_GAUSS\DADOS_FINAIS\Caxias_HIDROPOL_V1</srcused><procdate Sync="TRUE">20120703</procdate><proctime Sync="TRUE">16390500</proctime></procstep><procstep><procdesc Sync="TRUE">Dataset moved.</procdesc><srcused Sync="TRUE">\\BALAIO\balaio\PROJETOS_PEQUENOS\CAXIAS_2012\HIDRO\DADOS_GAUSS\DVD\Caxias_HIDROPOL_V1</srcused><procdate Sync="TRUE">20120703</procdate><proctime Sync="TRUE">16394000</proctime></procstep></lineage></dataqual><dataIdInfo><envirDesc Sync="TRUE"> Version 6.2 (Build 9200) ; Esri ArcGIS 10.6.1.9270</envirDesc><dataLang><languageCode Sync="TRUE" value="por"></languageCode><countryCode value="BRA" Sync="TRUE"></countryCode></dataLang><idCitation><resTitle Sync="TRUE">areasAlagadas2012</resTitle><presForm><PresFormCd Sync="TRUE" value="005"></PresFormCd></presForm></idCitation><spatRpType><SpatRepTypCd Sync="TRUE" value="001"></SpatRepTypCd></spatRpType><dataExt><geoEle><GeoBndBox esriExtentType="native"><westBL Sync="TRUE">471674.236849</westBL><eastBL Sync="TRUE">492765.395896</eastBL><northBL Sync="TRUE">6785612.94797</northBL><southBL Sync="TRUE">6766090.116336</southBL><exTypeCode Sync="TRUE">1</exTypeCode></GeoBndBox></geoEle></dataExt><geoBox esriExtentType="decdegrees"><westBL Sync="TRUE">-51.291476</westBL><eastBL Sync="TRUE">-51.074319</eastBL><northBL Sync="TRUE">-29.057464</northBL><southBL Sync="TRUE">-29.233967</southBL><exTypeCode Sync="TRUE">1</exTypeCode></geoBox></dataIdInfo><metainfo><langmeta Sync="TRUE">pt</langmeta><metstdn Sync="TRUE">FGDC Content Standards for Digital Geospatial Metadata</metstdn><metstdv Sync="TRUE">FGDC-STD-001-1998</metstdv><mettc Sync="TRUE">local time</mettc><metc><cntinfo><cntorgp><cntper>REQUIRED: The person responsible for the metadata information.</cntper><cntorg>REQUIRED: The organization responsible for the metadata information.</cntorg></cntorgp><cntaddr><addrtype>REQUIRED: The mailing and/or physical address for the organization or individual.</addrtype><city>REQUIRED: The city of the address.</city><state>REQUIRED: The state or province of the address.</state><postal>REQUIRED: The ZIP or other postal code of the address.</postal></cntaddr><cntvoice>REQUIRED: The telephone number by which individuals can speak to the organization or individual.</cntvoice></cntinfo></metc><metd Sync="TRUE">20120604</metd></metainfo><mdLang><languageCode Sync="TRUE" value="por"></languageCode><countryCode value="BRA" Sync="TRUE"></countryCode></mdLang><mdStanName Sync="TRUE">ISO 19115 Geographic Information - Metadata</mdStanName><mdStanVer Sync="TRUE">DIS_ESRI1.0</mdStanVer><mdChar><CharSetCd Sync="TRUE" value="004"></CharSetCd></mdChar><mdHrLv><ScopeCd Sync="TRUE" value="005"></ScopeCd></mdHrLv><mdHrLvName Sync="TRUE">dataset</mdHrLvName><distinfo><resdesc Sync="TRUE">Downloadable Data</resdesc><stdorder><digform><digtinfo><transize Sync="TRUE">0,312</transize><dssize Sync="TRUE">0,312</dssize></digtinfo></digform></stdorder></distinfo><spdoinfo><direct Sync="TRUE">Vector</direct><ptvctinf><esriterm Name="areasAlagadas2012"><efeatyp Sync="TRUE">Simple</efeatyp><efeageom code="4" Sync="TRUE"></efeageom><esritopo Sync="TRUE">FALSE</esritopo><efeacnt Sync="TRUE">0</efeacnt><spindex Sync="TRUE">FALSE</spindex><linrefer Sync="TRUE">FALSE</linrefer></esriterm></ptvctinf></spdoinfo><spref><horizsys><cordsysn><geogcsn Sync="TRUE">GCS_SIRGAS</geogcsn><projcsn Sync="TRUE">SIRGAS_UTM_Zone_22S</projcsn></cordsysn><planar><planci><plance Sync="TRUE">coordinate pair</plance><plandu Sync="TRUE">meters</plandu><coordrep><absres Sync="TRUE">0.000000</absres><ordres Sync="TRUE">0.000000</ordres></coordrep></planci></planar><geodetic><horizdn Sync="TRUE">D_SIRGAS</horizdn><ellips Sync="TRUE">Geodetic Reference System 80</ellips><semiaxis Sync="TRUE">6378137.000000</semiaxis><denflat Sync="TRUE">298.257222</denflat></geodetic></horizsys></spref><refSysInfo><RefSystem><refSysID><identCode Sync="TRUE" value="31982" code="31982">SIRGAS_UTM_Zone_22S</identCode><idCodeSpace Sync="TRUE">EPSG</idCodeSpace><idVersion Sync="TRUE">7.8.3(8.1.2)</idVersion></refSysID></RefSystem></refSysInfo><spatRepInfo><VectSpatRep><geometObjs Name="areasAlagadas2012"><geoObjTyp><GeoObjTypCd value="002" Sync="TRUE"></GeoObjTypCd></geoObjTyp><geoObjCnt Sync="TRUE">0</geoObjCnt></geometObjs><topLvl><TopoLevCd value="001" Sync="TRUE"></TopoLevCd></topLvl></VectSpatRep></spatRepInfo><eainfo><detailed Name="areasAlagadas2012"><enttyp><enttypl Sync="TRUE">areasAlagadas2012</enttypl><enttypt Sync="TRUE">Feature Class</enttypt><enttypc Sync="TRUE">0</enttypc></enttyp><attr><attrlabl Sync="TRUE">FID</attrlabl><attalias Sync="TRUE">FID</attalias><attrtype Sync="TRUE">OID</attrtype><attwidth Sync="TRUE">4</attwidth><atprecis Sync="TRUE">0</atprecis><attscale Sync="TRUE">0</attscale><attrdef Sync="TRUE">Internal feature number.</attrdef><attrdefs Sync="TRUE">Esri</attrdefs><attrdomv><udom Sync="TRUE">Sequential unique whole numbers that are automatically generated.</udom></attrdomv></attr><attr><attrlabl Sync="TRUE">Shape</attrlabl><attalias Sync="TRUE">Shape</attalias><attrtype Sync="TRUE">Geometry</attrtype><attwidth Sync="TRUE">0</attwidth><atprecis Sync="TRUE">0</atprecis><attscale Sync="TRUE">0</attscale><attrdef Sync="TRUE">Feature geometry.</attrdef><attrdefs Sync="TRUE">ESRI</attrdefs><attrdomv><udom Sync="TRUE">Coordinates defining the features.</udom></attrdomv></attr><attr><attrlabl Sync="TRUE">Id</attrlabl><attalias Sync="TRUE">id</attalias><attrtype Sync="TRUE">Integer</attrtype><attwidth Sync="TRUE">10</attwidth><atprecis Sync="TRUE">10</atprecis><attscale Sync="TRUE">0</attscale></attr><attr><attrlabl Sync="TRUE">Nome</attrlabl><attalias Sync="TRUE">nome</attalias><attrtype Sync="TRUE">String</attrtype><attwidth Sync="TRUE">50</attwidth><atprecis Sync="TRUE">0</atprecis><attscale Sync="TRUE">0</attscale></attr><attr><attrlabl Sync="TRUE">arcgis_sig</attrlabl><attalias Sync="TRUE">arcgis_sig</attalias><attrtype Sync="TRUE">Double</attrtype><attwidth Sync="TRUE">19</attwidth><atprecis Sync="TRUE">18</atprecis><attscale Sync="TRUE">8</attscale></attr><attr><attrlabl Sync="TRUE">Perim</attrlabl><attalias Sync="TRUE">perim</attalias><attrtype Sync="TRUE">Double</attrtype><attwidth Sync="TRUE">19</attwidth><atprecis Sync="TRUE">18</atprecis><attscale Sync="TRUE">8</attscale></attr><attr><attrlabl Sync="TRUE">st_area_sh</attrlabl><attalias Sync="TRUE">st_area_sh</attalias><attrtype Sync="TRUE">Double</attrtype><attwidth Sync="TRUE">19</attwidth><atprecis Sync="TRUE">18</atprecis><attscale Sync="TRUE">8</attscale></attr><attr><attrlabl Sync="TRUE">st_length_</attrlabl><attalias Sync="TRUE">st_length_</attalias><attrtype Sync="TRUE">Double</attrtype><attwidth Sync="TRUE">19</attwidth><atprecis Sync="TRUE">18</atprecis><attscale Sync="TRUE">8</attscale></attr><attr><attrlabl Sync="TRUE">st_area__1</attrlabl><attalias Sync="TRUE">st_area__1</attalias><attrtype Sync="TRUE">Double</attrtype><attwidth Sync="TRUE">19</attwidth><atprecis Sync="TRUE">0</atprecis><attscale Sync="TRUE">0</attscale></attr><attr><attrlabl Sync="TRUE">st_length1</attrlabl><attalias Sync="TRUE">st_length1</attalias><attrtype Sync="TRUE">Double</attrtype><attwidth Sync="TRUE">19</attwidth><atprecis Sync="TRUE">0</atprecis><attscale Sync="TRUE">0</attscale></attr></detailed></eainfo><mdDateSt Sync="TRUE">20200521</mdDateSt></metadata>
