<metadata xml:lang="pt"><Esri><CreaDate>20200121</CreaDate><CreaTime>09380700</CreaTime><ArcGISFormat>1.0</ArcGISFormat><SyncOnce>FALSE</SyncOnce><DataProperties><itemProps><itemName Sync="TRUE">novaestacaotratamentoesgoto</itemName><imsContentType Sync="TRUE">002</imsContentType><itemLocation><linkage Sync="TRUE">file://\\P252298\C$\Users\btspeich\Desktop\hidrografia20200521\novaestacaotratamentoesgoto.shp</linkage><protocol Sync="TRUE">Local Area Network</protocol></itemLocation><itemSize Sync="TRUE">0.000</itemSize></itemProps><coordRef><type Sync="TRUE">Projected</type><geogcsn Sync="TRUE">GCS_SIRGAS_2000</geogcsn><csUnits Sync="TRUE">Linear Unit: Meter (1.000000)</csUnits><projcsn Sync="TRUE">SIRGAS_2000_UTM_Zone_22S</projcsn><peXml Sync="TRUE">&lt;ProjectedCoordinateSystem xsi:type='typens:ProjectedCoordinateSystem' xmlns:xsi='http://www.w3.org/2001/XMLSchema-instance' xmlns:xs='http://www.w3.org/2001/XMLSchema' xmlns:typens='http://www.esri.com/schemas/ArcGIS/10.6'&gt;&lt;WKT&gt;PROJCS[&amp;quot;SIRGAS_2000_UTM_Zone_22S&amp;quot;,GEOGCS[&amp;quot;GCS_SIRGAS_2000&amp;quot;,DATUM[&amp;quot;D_SIRGAS_2000&amp;quot;,SPHEROID[&amp;quot;GRS_1980&amp;quot;,6378137.0,298.257222101]],PRIMEM[&amp;quot;Greenwich&amp;quot;,0.0],UNIT[&amp;quot;Degree&amp;quot;,0.0174532925199433]],PROJECTION[&amp;quot;Transverse_Mercator&amp;quot;],PARAMETER[&amp;quot;False_Easting&amp;quot;,500000.0],PARAMETER[&amp;quot;False_Northing&amp;quot;,10000000.0],PARAMETER[&amp;quot;Central_Meridian&amp;quot;,-51.0],PARAMETER[&amp;quot;Scale_Factor&amp;quot;,0.9996],PARAMETER[&amp;quot;Latitude_Of_Origin&amp;quot;,0.0],UNIT[&amp;quot;Meter&amp;quot;,1.0],AUTHORITY[&amp;quot;EPSG&amp;quot;,31982]]&lt;/WKT&gt;&lt;XOrigin&gt;-5120900&lt;/XOrigin&gt;&lt;YOrigin&gt;1900&lt;/YOrigin&gt;&lt;XYScale&gt;450445547.3910538&lt;/XYScale&gt;&lt;ZOrigin&gt;-100000&lt;/ZOrigin&gt;&lt;ZScale&gt;10000&lt;/ZScale&gt;&lt;MOrigin&gt;-100000&lt;/MOrigin&gt;&lt;MScale&gt;10000&lt;/MScale&gt;&lt;XYTolerance&gt;0.001&lt;/XYTolerance&gt;&lt;ZTolerance&gt;0.001&lt;/ZTolerance&gt;&lt;MTolerance&gt;0.001&lt;/MTolerance&gt;&lt;HighPrecision&gt;true&lt;/HighPrecision&gt;&lt;WKID&gt;31982&lt;/WKID&gt;&lt;LatestWKID&gt;31982&lt;/LatestWKID&gt;&lt;/ProjectedCoordinateSystem&gt;</peXml></coordRef><lineage><Process ToolSource="c:\program files (x86)\arcgis\desktop10.6\ArcToolbox\Toolboxes\Conversion Tools.tbx\FeatureClassToFeatureClass" Date="20200121" Time="093813">FeatureClassToFeatureClass "T:\seplan\digeo\SISTEMAS\Gerencia de Desenvolvimento de Sistemas\Atualizacoes Site\DIGEO\PDDI\Estação de Tratamento de Esgoto (1).shp" "Database Connections\sigcaxias@arcgis@arcgisdb.sde\arcgis.sigcaxias.Hidrografia" novaestacaotratamentoesgoto # "Tipo "Tipo" true true false 50 Text 0 0 ,First,#,T:\seplan\digeo\SISTEMAS\Gerencia de Desenvolvimento de Sistemas\Atualizacoes Site\DIGEO\PDDI\Estação de Tratamento de Esgoto (1).shp,Tipo,-1,-1;Nome "Nome" true true false 25 Text 0 0 ,First,#,T:\seplan\digeo\SISTEMAS\Gerencia de Desenvolvimento de Sistemas\Atualizacoes Site\DIGEO\PDDI\Estação de Tratamento de Esgoto (1).shp,Nome,-1,-1;VazaoTrata "VazaoTrata" true true false 13 Float 0 0 ,First,#,T:\seplan\digeo\SISTEMAS\Gerencia de Desenvolvimento de Sistemas\Atualizacoes Site\DIGEO\PDDI\Estação de Tratamento de Esgoto (1).shp,VazaoTrata,-1,-1;DivisaoRes "DivisaoRes" true true false 10 Text 0 0 ,First,#,T:\seplan\digeo\SISTEMAS\Gerencia de Desenvolvimento de Sistemas\Atualizacoes Site\DIGEO\PDDI\Estação de Tratamento de Esgoto (1).shp,DivisaoRes,-1,-1;BairroAten "BairroAten" true true false 100 Text 0 0 ,First,#,T:\seplan\digeo\SISTEMAS\Gerencia de Desenvolvimento de Sistemas\Atualizacoes Site\DIGEO\PDDI\Estação de Tratamento de Esgoto (1).shp,BairroAten,-1,-1;PopulacaoA "PopulacaoA" true true false 5 Long 0 5 ,First,#,T:\seplan\digeo\SISTEMAS\Gerencia de Desenvolvimento de Sistemas\Atualizacoes Site\DIGEO\PDDI\Estação de Tratamento de Esgoto (1).shp,PopulacaoA,-1,-1;Status "Status" true true false 25 Text 0 0 ,First,#,T:\seplan\digeo\SISTEMAS\Gerencia de Desenvolvimento de Sistemas\Atualizacoes Site\DIGEO\PDDI\Estação de Tratamento de Esgoto (1).shp,Status,-1,-1;Ordem "Ordem" true true false 10 Text 0 0 ,First,#,T:\seplan\digeo\SISTEMAS\Gerencia de Desenvolvimento de Sistemas\Atualizacoes Site\DIGEO\PDDI\Estação de Tratamento de Esgoto (1).shp,Ordem,-1,-1" #</Process></lineage></DataProperties><SyncDate>20200521</SyncDate><SyncTime>08482000</SyncTime><ModDate>20200521</ModDate><ModTime>08482000</ModTime></Esri><dataIdInfo><envirDesc Sync="TRUE"> Version 6.2 (Build 9200) ; Esri ArcGIS 10.6.1.9270</envirDesc><dataLang><languageCode value="por" Sync="TRUE"></languageCode><countryCode value="BRA" Sync="TRUE"></countryCode></dataLang><idCitation><resTitle Sync="TRUE">novaestacaotratamentoesgoto</resTitle><presForm><PresFormCd value="005" Sync="TRUE"></PresFormCd></presForm></idCitation><spatRpType><SpatRepTypCd value="001" Sync="TRUE"></SpatRepTypCd></spatRpType></dataIdInfo><mdLang><languageCode value="por" Sync="TRUE"></languageCode><countryCode value="BRA" Sync="TRUE"></countryCode></mdLang><distInfo><distFormat><formatName Sync="TRUE">Shapefile</formatName></distFormat><distTranOps><transSize Sync="TRUE">0.000</transSize></distTranOps></distInfo><mdHrLv><ScopeCd value="005" Sync="TRUE"></ScopeCd></mdHrLv><mdHrLvName Sync="TRUE">dataset</mdHrLvName><refSysInfo><RefSystem><refSysID><identCode code="31982" Sync="TRUE"></identCode><idCodeSpace Sync="TRUE">EPSG</idCodeSpace><idVersion Sync="TRUE">7.8.3(8.1.2)</idVersion></refSysID></RefSystem></refSysInfo><spatRepInfo><VectSpatRep><geometObjs Name="novaestacaotratamentoesgoto"><geoObjTyp><GeoObjTypCd value="002" Sync="TRUE"></GeoObjTypCd></geoObjTyp><geoObjCnt Sync="TRUE">0</geoObjCnt></geometObjs><topLvl><TopoLevCd value="001" Sync="TRUE"></TopoLevCd></topLvl></VectSpatRep></spatRepInfo><spdoinfo><ptvctinf><esriterm Name="novaestacaotratamentoesgoto"><efeatyp Sync="TRUE">Simple</efeatyp><efeageom code="4" Sync="TRUE"></efeageom><esritopo Sync="TRUE">FALSE</esritopo><efeacnt Sync="TRUE">0</efeacnt><spindex Sync="TRUE">FALSE</spindex><linrefer Sync="TRUE">FALSE</linrefer></esriterm></ptvctinf></spdoinfo><eainfo><detailed Name="novaestacaotratamentoesgoto"><enttyp><enttypl Sync="TRUE">novaestacaotratamentoesgoto</enttypl><enttypt Sync="TRUE">Feature Class</enttypt><enttypc Sync="TRUE">0</enttypc></enttyp><attr><attrlabl Sync="TRUE">FID</attrlabl><attalias Sync="TRUE">FID</attalias><attrtype Sync="TRUE">OID</attrtype><attwidth Sync="TRUE">4</attwidth><atprecis Sync="TRUE">0</atprecis><attscale Sync="TRUE">0</attscale><attrdef Sync="TRUE">Internal feature number.</attrdef><attrdefs Sync="TRUE">Esri</attrdefs><attrdomv><udom Sync="TRUE">Sequential unique whole numbers that are automatically generated.</udom></attrdomv></attr><attr><attrlabl Sync="TRUE">tipo</attrlabl><attalias Sync="TRUE">tipo</attalias><attrtype Sync="TRUE">String</attrtype><attwidth Sync="TRUE">50</attwidth><atprecis Sync="TRUE">0</atprecis><attscale Sync="TRUE">0</attscale></attr><attr><attrlabl Sync="TRUE">nome</attrlabl><attalias Sync="TRUE">nome</attalias><attrtype Sync="TRUE">String</attrtype><attwidth Sync="TRUE">25</attwidth><atprecis Sync="TRUE">0</atprecis><attscale Sync="TRUE">0</attscale></attr><attr><attrlabl Sync="TRUE">vazaotrata</attrlabl><attalias Sync="TRUE">vazaotrata</attalias><attrtype Sync="TRUE">Double</attrtype><attwidth Sync="TRUE">19</attwidth><atprecis Sync="TRUE">18</atprecis><attscale Sync="TRUE">8</attscale></attr><attr><attrlabl Sync="TRUE">divisaores</attrlabl><attalias Sync="TRUE">divisaores</attalias><attrtype Sync="TRUE">String</attrtype><attwidth Sync="TRUE">10</attwidth><atprecis Sync="TRUE">0</atprecis><attscale Sync="TRUE">0</attscale></attr><attr><attrlabl Sync="TRUE">bairroaten</attrlabl><attalias Sync="TRUE">bairroaten</attalias><attrtype Sync="TRUE">String</attrtype><attwidth Sync="TRUE">100</attwidth><atprecis Sync="TRUE">0</atprecis><attscale Sync="TRUE">0</attscale></attr><attr><attrlabl Sync="TRUE">populacaoa</attrlabl><attalias Sync="TRUE">populacaoa</attalias><attrtype Sync="TRUE">Integer</attrtype><attwidth Sync="TRUE">10</attwidth><atprecis Sync="TRUE">10</atprecis><attscale Sync="TRUE">0</attscale></attr><attr><attrlabl Sync="TRUE">status</attrlabl><attalias Sync="TRUE">status</attalias><attrtype Sync="TRUE">String</attrtype><attwidth Sync="TRUE">25</attwidth><atprecis Sync="TRUE">0</atprecis><attscale Sync="TRUE">0</attscale></attr><attr><attrlabl Sync="TRUE">ordem</attrlabl><attalias Sync="TRUE">ordem</attalias><attrtype Sync="TRUE">String</attrtype><attwidth Sync="TRUE">10</attwidth><atprecis Sync="TRUE">0</atprecis><attscale Sync="TRUE">0</attscale></attr><attr><attrlabl Sync="TRUE">shape</attrlabl><attalias Sync="TRUE">Shape</attalias><attrtype Sync="TRUE">Geometry</attrtype><attwidth Sync="TRUE">0</attwidth><atprecis Sync="TRUE">0</atprecis><attscale Sync="TRUE">0</attscale><attrdef Sync="TRUE">Feature geometry.</attrdef><attrdefs Sync="TRUE">Esri</attrdefs><attrdomv><udom Sync="TRUE">Coordinates defining the features.</udom></attrdomv></attr><attr><attrlabl Sync="TRUE">st_area_sh</attrlabl><attalias Sync="TRUE">st_area_sh</attalias><attrtype Sync="TRUE">Double</attrtype><attwidth Sync="TRUE">19</attwidth><atprecis Sync="TRUE">0</atprecis><attscale Sync="TRUE">0</attscale></attr><attr><attrlabl Sync="TRUE">st_length_</attrlabl><attalias Sync="TRUE">st_length_</attalias><attrtype Sync="TRUE">Double</attrtype><attwidth Sync="TRUE">19</attwidth><atprecis Sync="TRUE">0</atprecis><attscale Sync="TRUE">0</attscale></attr></detailed></eainfo><mdDateSt Sync="TRUE">20200521</mdDateSt></metadata>
