<?xml version="1.0"?>
<!--<!DOCTYPE metadata SYSTEM "http://www.esri.com/metadata/esriprof80.dtd">-->
<metadata xml:lang="pt"><Esri><CreaDate>20171107</CreaDate><CreaTime>13171400</CreaTime><SyncOnce>FALSE</SyncOnce><SyncDate>20140403</SyncDate><SyncTime>13171500</SyncTime><ModDate>20140403</ModDate><ModTime>13171500</ModTime><DataProperties><lineage><Process ToolSource="C:\Server\ArcGIS\ArcToolbox\Toolboxes\Conversion Tools.tbx\FeatureClassToFeatureClass" Date="20090530" Time="140911">FeatureClassToFeatureClass E:\GIS\mapas\CANOAS\SETOR02\Quadra_001_OK\Q001_PO_QUADRA.shp "Database Connections\pm_canoas.SDE.sde" quadra # "setor 'setor' true true false 9 Long 0 9 ,First,#,E:\GIS\mapas\CANOAS\SETOR02\Quadra_001_OK\Q001_PO_QUADRA.shp,setor,-1,-1;quadra 'quadra' true true false 9 Long 0 9 ,First,#,E:\GIS\mapas\CANOAS\SETOR02\Quadra_001_OK\Q001_PO_QUADRA.shp,quadra,-1,-1" # "Database Connections\pm_canoas.SDE.sde\pm_canoas.sde.quadra"</Process><Process ToolSource="C:\Server\ArcGIS\ArcToolbox\Toolboxes\Data Management Tools.tbx\CopyFeatures" Date="20090624" Time="131439">CopyFeatures "Database Connections\Connection to localhost.sde\pm_canoas.sde.basico\pm_canoas.sde.quadra" E:\Brasgeo\Projetos\Prefeitura_Canoas\geocanoas.gdb\pm_canoas_sde_quadra # 0 0 0</Process></lineage></DataProperties><ArcGISFormat>1.0</ArcGISFormat></Esri><idinfo><native Sync="TRUE">Microsoft Windows Vista Version 6.1 (Build 7600) ; ESRI ArcCatalog 9.3.1.3000</native><descript><langdata>pt</langdata><abstract>Contém os dados geográfico das quadras</abstract></descript><citation><citeinfo><title Sync="TRUE">geocanoas.sde.quadra</title><ftname Sync="TRUE">geocanoas.sde.quadra</ftname><geoform Sync="TRUE">vector digital data</geoform><onlink Sync="TRUE"></onlink></citeinfo></citation><timeperd><timeinfo><sngdate/></timeinfo></timeperd><status><progress>Complete</progress></status><spdom><bounding><westbc Sync="TRUE">-51.248684</westbc><eastbc Sync="TRUE">-51.097877</eastbc><northbc Sync="TRUE">-29.858280</northbc><southbc Sync="TRUE">-29.970512</southbc></bounding><lboundng><leftbc Sync="TRUE">476007.779700</leftbc><rightbc Sync="TRUE">490546.585400</rightbc><bottombc Sync="TRUE">6684466.660300</bottombc><topbc Sync="TRUE">6696880.857200</topbc></lboundng></spdom><keywords><theme/></keywords><natvform Sync="TRUE">Classe de Feição SDE </natvform><ptcontac><cntinfo><cntorgp><cntorg>Prefeitura Municipal de Canoas RS</cntorg><cntper>GeoCanoas</cntper></cntorgp><cntvoice>Lauri Henrique de Mattos Bastos</cntvoice><cntaddr><city>Canoas</city><state>RS</state><country>Brasil</country></cntaddr></cntinfo></ptcontac></idinfo><dataIdInfo><envirDesc Sync="TRUE">Microsoft Windows Vista Version 6.1 (Build 7600) ; ESRI ArcCatalog 9.3.1.3000</envirDesc><dataLang><languageCode Sync="TRUE" value="pt"></languageCode></dataLang><idCitation><resTitle Sync="TRUE">geocanoas.sde.quadra</resTitle><presForm><PresFormCd Sync="TRUE" value="005"></PresFormCd></presForm></idCitation><spatRpType><SpatRepTypCd Sync="TRUE" value="001"></SpatRepTypCd></spatRpType><dataExt><geoEle><GeoBndBox esriExtentType="native"><westBL Sync="TRUE">476007.7797</westBL><eastBL Sync="TRUE">490546.5854</eastBL><northBL Sync="TRUE">6696880.8572</northBL><southBL Sync="TRUE">6684466.6603</southBL><exTypeCode Sync="TRUE">1</exTypeCode></GeoBndBox></geoEle></dataExt><geoBox esriExtentType="decdegrees"><westBL Sync="TRUE">-51.248684</westBL><eastBL Sync="TRUE">-51.097877</eastBL><northBL Sync="TRUE">-29.85828</northBL><southBL Sync="TRUE">-29.970512</southBL><exTypeCode Sync="TRUE">1</exTypeCode></geoBox></dataIdInfo><metainfo><langmeta>pt</langmeta><metstdn Sync="TRUE">FGDC Content Standards for Digital Geospatial Metadata</metstdn><metstdv Sync="TRUE">FGDC-STD-001-1998</metstdv><mettc Sync="TRUE">local time</mettc><metc><cntinfo><cntorgp><cntper>GeoCanoas</cntper><cntorg>Prefeitura Municipal de Canoas RS</cntorg></cntorgp><cntaddr/><cntvoice>Lauri Henrique de Mattos Bastos</cntvoice></cntinfo></metc><metd Sync="TRUE">20140403</metd><metextns><onlink Sync="TRUE">http://www.esri.com/metadata/esriprof80.html</onlink><metprof Sync="TRUE">ESRI Metadata Profile</metprof></metextns></metainfo><mdLang><languageCode Sync="TRUE" value="pt"></languageCode></mdLang><mdStanName Sync="TRUE">ISO 19115 Geographic Information - Metadata</mdStanName><mdStanVer Sync="TRUE">DIS_ESRI1.0</mdStanVer><mdChar><CharSetCd Sync="TRUE" value="004"></CharSetCd></mdChar><mdHrLv><ScopeCd Sync="TRUE" value="005"></ScopeCd></mdHrLv><mdHrLvName Sync="TRUE">dataset</mdHrLvName><distinfo><resdesc Sync="TRUE">Downloadable Data</resdesc></distinfo><distInfo><distributor><distorTran><onLineSrc><orDesc Sync="TRUE">002</orDesc><linkage Sync="TRUE">file://</linkage><protocol Sync="TRUE">Local Area Network</protocol></onLineSrc></distorTran><distorFormat><formatName Sync="TRUE">Classe de Feição SDE </formatName></distorFormat></distributor></distInfo><spdoinfo><direct Sync="TRUE">Vector</direct><ptvctinf><esriterm Name="geocanoas.sde.quadra"><efeatyp Sync="TRUE">Simple</efeatyp><efeageom Sync="TRUE">Polygon</efeageom><esritopo Sync="TRUE">FALSE</esritopo><efeacnt Sync="TRUE">2689</efeacnt><spindex Sync="TRUE">TRUE</spindex><linrefer Sync="TRUE">FALSE</linrefer></esriterm><sdtsterm Name="geocanoas.sde.quadra"><sdtstype Sync="TRUE">G-polygon</sdtstype><ptvctcnt Sync="TRUE">2689</ptvctcnt></sdtsterm></ptvctinf></spdoinfo><spref><horizsys><cordsysn><geogcsn Sync="TRUE">GCS_South_American_1969</geogcsn><projcsn Sync="TRUE">SAD_1969_UTM_Zone_22S</projcsn></cordsysn><planar><planci><plance Sync="TRUE">coordinate pair</plance><plandu Sync="TRUE">meters</plandu><coordrep><absres Sync="TRUE">0.000100</absres><ordres Sync="TRUE">0.000100</ordres></coordrep></planci><mapproj><mapprojn Sync="TRUE">Transverse Mercator</mapprojn><transmer><sfctrmer Sync="TRUE">0.999600</sfctrmer><longcm Sync="TRUE">-51.000000</longcm><latprjo Sync="TRUE">0.000000</latprjo><feast Sync="TRUE">500000.000000</feast><fnorth Sync="TRUE">10000000.000000</fnorth></transmer></mapproj></planar><geodetic><horizdn Sync="TRUE">D_South_American_1969</horizdn><ellips Sync="TRUE">GRS_1967_Truncated</ellips><semiaxis Sync="TRUE">6378160.000000</semiaxis><denflat Sync="TRUE">298.250000</denflat></geodetic></horizsys><vertdef><altsys><altenc Sync="TRUE">Explicit elevation coordinate included with horizontal coordinates</altenc><altres Sync="TRUE">1.000000</altres></altsys></vertdef></spref><refSysInfo><RefSystem><refSysID><identCode Sync="TRUE">SAD_1969_UTM_Zone_22S</identCode></refSysID></RefSystem></refSysInfo><spatRepInfo><VectSpatRep><topLvl><TopoLevCd Sync="TRUE" value="001"></TopoLevCd></topLvl><geometObjs Name="geocanoas.sde.quadra"><geoObjTyp><GeoObjTypCd Sync="TRUE" value="001"></GeoObjTypCd></geoObjTyp><geoObjCnt Sync="TRUE">2689</geoObjCnt></geometObjs></VectSpatRep></spatRepInfo><eainfo><detailed Name="geocanoas.sde.quadra"><enttyp><enttypl Sync="TRUE">geocanoas.sde.quadra</enttypl><enttypt Sync="TRUE">Feature Class</enttypt><enttypc Sync="TRUE">2689</enttypc></enttyp><attr><attrlabl Sync="TRUE">objectid</attrlabl><attalias Sync="TRUE">OBJECTID</attalias><attrtype Sync="TRUE">OID</attrtype><attwidth Sync="TRUE">4</attwidth><atprecis Sync="TRUE">10</atprecis><attscale Sync="TRUE">0</attscale><attrdef>Código de controle do ArcSDE</attrdef><attrdomv><udom Sync="TRUE">Sequential unique whole numbers that are automatically generated.</udom></attrdomv><attrdefs Sync="TRUE">ESRI</attrdefs></attr><attr><attrlabl Sync="TRUE">setor</attrlabl><attalias Sync="TRUE">setor</attalias><attrtype Sync="TRUE">Integer</attrtype><attwidth Sync="TRUE">4</attwidth><atprecis Sync="TRUE">10</atprecis><attscale Sync="TRUE">0</attscale><attrdef>Código do setor</attrdef></attr><attr><attrlabl Sync="TRUE">quadra</attrlabl><attalias Sync="TRUE">quadra</attalias><attrtype Sync="TRUE">Integer</attrtype><attwidth Sync="TRUE">4</attwidth><atprecis Sync="TRUE">10</atprecis><attscale Sync="TRUE">0</attscale><attrdef>Código da quadra</attrdef></attr><attr><attrlabl Sync="TRUE">shape</attrlabl><attalias Sync="TRUE">Shape</attalias><attrtype Sync="TRUE">Geometry</attrtype><attwidth Sync="TRUE">4</attwidth><atprecis Sync="TRUE">0</atprecis><attscale Sync="TRUE">0</attscale><attrdef>Dado geografico da quadra</attrdef><attrdomv><udom Sync="TRUE">Coordinates defining the features.</udom></attrdomv><attrdefs Sync="TRUE">ESRI</attrdefs></attr><attr><attrlabl Sync="TRUE">distrito</attrlabl><attalias Sync="TRUE">distrito</attalias><attrtype Sync="TRUE">Integer</attrtype><attwidth Sync="TRUE">4</attwidth><atprecis Sync="TRUE">10</atprecis><attscale Sync="TRUE">0</attscale><attrdef>Código do distrito</attrdef></attr><attr><attrlabl Sync="TRUE">bairro</attrlabl><attalias Sync="TRUE">bairro</attalias><attrtype Sync="TRUE">String</attrtype><attwidth Sync="TRUE">30</attwidth><atprecis Sync="TRUE">0</atprecis><attscale Sync="TRUE">0</attscale></attr><attr><attrlabl Sync="TRUE">st_area(shape)</attrlabl><attalias Sync="TRUE">st_area(shape)</attalias><attrtype Sync="TRUE">Double</attrtype><attwidth Sync="TRUE">0</attwidth><atprecis Sync="TRUE">0</atprecis><attscale Sync="TRUE">0</attscale><attrdef>Área da quadra</attrdef></attr><attr><attrlabl Sync="TRUE">st_length(shape)</attrlabl><attalias Sync="TRUE">st_length(shape)</attalias><attrtype Sync="TRUE">Double</attrtype><attwidth Sync="TRUE">0</attwidth><atprecis Sync="TRUE">0</atprecis><attscale Sync="TRUE">0</attscale><attrdef>Perímetro da quadra</attrdef></attr></detailed></eainfo><mdDateSt Sync="TRUE">20140403</mdDateSt><dataqual><lineage><procstep><procdesc Sync="TRUE">Dataset copied.</procdesc><srcused Sync="TRUE">\\GEO07\E$\Brasgeo\Projetos\Prefeitura_Canoas\geocanoas.gdb</srcused><procdate Sync="TRUE">20090624</procdate><proctime Sync="TRUE">14130800</proctime></procstep><procstep><procdesc Sync="TRUE">O conjunto de dados foi copiado.</procdesc><srcused Sync="TRUE">Server=172.16.8.49; Service=sde:postgresql:172.16.8.49; Database=geocanoas; User=sde; Version=sde.DEFAULT</srcused><procdate Sync="TRUE">20170605</procdate><proctime Sync="TRUE">13304100</proctime></procstep></lineage></dataqual></metadata>
