<?xml version="1.0" encoding="UTF-8"?>
<metadata xml:lang="pt"><Esri><CreaDate>20200405</CreaDate><CreaTime>12000300</CreaTime><SyncOnce>FALSE</SyncOnce><SyncDate>20130708</SyncDate><SyncTime>14384100</SyncTime><ModDate>20130708</ModDate><ModTime>14384100</ModTime><DataProperties><lineage><Process ToolSource="C:\Program Files (x86)\ArcGIS\ArcToolbox\Toolboxes\Conversion Tools.tbx\FeatureClassToFeatureClass" Date="20101005" Time="091757">FeatureClassToFeatureClass "\\Cartgeo05\f\Base Municipal\Base_de_Dados\Limites_BA_Pablo\Arquivos de Limite\MDB\LIMITES_MUNICIPAIS.mdb\lmu_linha_bc\lmu_ponto_bc" E:\ lmu_ponto_bc.shp # "MUNICIPIO 'MUNICIPIO' true true false 100 Text 0 0 ,First,#,\\Cartgeo05\f\Base Municipal\Base_de_Dados\Limites_BA_Pablo\Arquivos de Limite\MDB\LIMITES_MUNICIPAIS.mdb\lmu_linha_bc\lmu_ponto_bc,MUNICIPIO,-1,-1;COD_IBGE 'COD_IBGE' true true false 20 Text 0 0 ,First,#,\\Cartgeo05\f\Base Municipal\Base_de_Dados\Limites_BA_Pablo\Arquivos de Limite\MDB\LIMITES_MUNICIPAIS.mdb\lmu_linha_bc\lmu_ponto_bc,COD_IBGE,-1,-1;SEMI_ARIDO 'SEMI_ARIDO' true true false 254 Text 0 0 ,First,#,\\Cartgeo05\f\Base Municipal\Base_de_Dados\Limites_BA_Pablo\Arquivos de Limite\MDB\LIMITES_MUNICIPAIS.mdb\lmu_linha_bc\lmu_ponto_bc,SEMI_ARIDO,-1,-1;POL_SECA 'POL_SECA' true true false 254 Text 0 0 ,First,#,\\Cartgeo05\f\Base Municipal\Base_de_Dados\Limites_BA_Pablo\Arquivos de Limite\MDB\LIMITES_MUNICIPAIS.mdb\lmu_linha_bc\lmu_ponto_bc,POL_SECA,-1,-1;REG_ECON 'REG_ECON' true true false 254 Text 0 0 ,First,#,\\Cartgeo05\f\Base Municipal\Base_de_Dados\Limites_BA_Pablo\Arquivos de Limite\MDB\LIMITES_MUNICIPAIS.mdb\lmu_linha_bc\lmu_ponto_bc,REG_ECON,-1,-1;REG_ADM 'REG_ADM' true true false 254 Text 0 0 ,First,#,\\Cartgeo05\f\Base Municipal\Base_de_Dados\Limites_BA_Pablo\Arquivos de Limite\MDB\LIMITES_MUNICIPAIS.mdb\lmu_linha_bc\lmu_ponto_bc,REG_ADM,-1,-1;EIXO_DESEN 'EIXO_DESEN' true true false 254 Text 0 0 ,First,#,\\Cartgeo05\f\Base Municipal\Base_de_Dados\Limites_BA_Pablo\Arquivos de Limite\MDB\LIMITES_MUNICIPAIS.mdb\lmu_linha_bc\lmu_ponto_bc,EIXO_DESEN,-1,-1;MICREG_GEO 'MICREG_GEO' true true false 254 Text 0 0 ,First,#,\\Cartgeo05\f\Base Municipal\Base_de_Dados\Limites_BA_Pablo\Arquivos de Limite\MDB\LIMITES_MUNICIPAIS.mdb\lmu_linha_bc\lmu_ponto_bc,MICREG_GEO,-1,-1;MESREG_GEO 'MESREG_GEO' true true false 254 Text 0 0 ,First,#,\\Cartgeo05\f\Base Municipal\Base_de_Dados\Limites_BA_Pablo\Arquivos de Limite\MDB\LIMITES_MUNICIPAIS.mdb\lmu_linha_bc\lmu_ponto_bc,MESREG_GEO,-1,-1;DIRES_PROP 'DIRES_PROP' true true false 254 Text 0 0 ,First,#,\\Cartgeo05\f\Base Municipal\Base_de_Dados\Limites_BA_Pablo\Arquivos de Limite\MDB\LIMITES_MUNICIPAIS.mdb\lmu_linha_bc\lmu_ponto_bc,DIRES_PROP,-1,-1;Pop_2007 'Pop_2007' true true false 8 Double 0 0 ,First,#,\\Cartgeo05\f\Base Municipal\Base_de_Dados\Limites_BA_Pablo\Arquivos de Limite\MDB\LIMITES_MUNICIPAIS.mdb\lmu_linha_bc\lmu_ponto_bc,Pop_2007,-1,-1;Área 'Área' true true false 8 Double 0 0 ,First,#,\\Cartgeo05\f\Base Municipal\Base_de_Dados\Limites_BA_Pablo\Arquivos de Limite\MDB\LIMITES_MUNICIPAIS.mdb\lmu_linha_bc\lmu_ponto_bc,Área,-1,-1;Territorio 'Territorio' true true false 254 Text 0 0 ,First,#,\\Cartgeo05\f\Base Municipal\Base_de_Dados\Limites_BA_Pablo\Arquivos de Limite\MDB\LIMITES_MUNICIPAIS.mdb\lmu_linha_bc\lmu_ponto_bc,Territorio,-1,-1" # E:\lmu_ponto_bc.shp</Process><Process ToolSource="C:\Program Files (x86)\ArcGIS\ArcToolbox\Toolboxes\Conversion Tools.tbx\FeatureClassToFeatureClass" Date="20101005" Time="092251">FeatureClassToFeatureClass \\Cartgeo09\e\lmu_ponto_bc.shp D:\CARTGEO_D_WILIAMS\DEMANADAS\INTERNAS\GERN_WILIAMS_D\LIMITES_DSG\MDB\Limites_Municipais_BA.gdb\Edicao_LIMITES LC_sedes_municipais_classificadas # "MUNICIPIO 'MUNICIPIO' true true false 100 Text 0 0 ,First,#,\\Cartgeo09\e\lmu_ponto_bc.shp,MUNICIPIO,-1,-1;COD_IBGE 'COD_IBGE' true true false 20 Text 0 0 ,First,#,\\Cartgeo09\e\lmu_ponto_bc.shp,COD_IBGE,-1,-1;SEMI_ARIDO 'SEMI_ARIDO' true true false 254 Text 0 0 ,First,#,\\Cartgeo09\e\lmu_ponto_bc.shp,SEMI_ARIDO,-1,-1;POL_SECA 'POL_SECA' true true false 254 Text 0 0 ,First,#,\\Cartgeo09\e\lmu_ponto_bc.shp,POL_SECA,-1,-1;REG_ECON 'REG_ECON' true true false 254 Text 0 0 ,First,#,\\Cartgeo09\e\lmu_ponto_bc.shp,REG_ECON,-1,-1;REG_ADM 'REG_ADM' true true false 254 Text 0 0 ,First,#,\\Cartgeo09\e\lmu_ponto_bc.shp,REG_ADM,-1,-1;EIXO_DESEN 'EIXO_DESEN' true true false 254 Text 0 0 ,First,#,\\Cartgeo09\e\lmu_ponto_bc.shp,EIXO_DESEN,-1,-1;MICREG_GEO 'MICREG_GEO' true true false 254 Text 0 0 ,First,#,\\Cartgeo09\e\lmu_ponto_bc.shp,MICREG_GEO,-1,-1;MESREG_GEO 'MESREG_GEO' true true false 254 Text 0 0 ,First,#,\\Cartgeo09\e\lmu_ponto_bc.shp,MESREG_GEO,-1,-1;DIRES_PROP 'DIRES_PROP' true true false 254 Text 0 0 ,First,#,\\Cartgeo09\e\lmu_ponto_bc.shp,DIRES_PROP,-1,-1;Pop_2007 'Pop_2007' true true false 19 Double 0 0 ,First,#,\\Cartgeo09\e\lmu_ponto_bc.shp,Pop_2007,-1,-1;Área 'Área' true true false 19 Double 0 0 ,First,#,\\Cartgeo09\e\lmu_ponto_bc.shp,Área,-1,-1;Territorio 'Territorio' true true false 254 Text 0 0 ,First,#,\\Cartgeo09\e\lmu_ponto_bc.shp,Territorio,-1,-1" # D:\CARTGEO_D_WILIAMS\DEMANADAS\INTERNAS\GERN_WILIAMS_D\LIMITES_DSG\MDB\Limites_Municipais_BA.gdb\Edicao_LIMITES\LC_sedes_municipais_classificadas</Process><Process ToolSource="C:\Program Files (x86)\ArcGIS\Desktop10.0\ArcToolbox\Toolboxes\Conversion Tools.tbx\FeatureClassToFeatureClass" Date="20120322" Time="143029">FeatureClassToFeatureClass \\Cartgeo01\d\CARTGEO05\PROJETO_LEI_12.057\MDB\TERRITORIO_ITAPETINGA.gdb\Edicao_LIMITES\LC_sedes_municipais_classificadas "D:\CARTGEO_D_WILIAMS\DEMANADAS\INTERNAS\SETOR_LIMITES\TRAÇADO DA ÁREA IV LITORAL SUL - WILL E GERALDO\Arquivo_Compatibilizado\Limites_Municipais_Litoral_Sul.mdb\Limites_Municipais_Litoral_Sul" LC_sedes_municipais_classificadas # "MUNICIPIO "MUNICIPIO" true true false 100 Text 0 0 ,First,#,\\Cartgeo01\d\CARTGEO05\PROJETO_LEI_12.057\MDB\TERRITORIO_ITAPETINGA.gdb\Edicao_LIMITES\LC_sedes_municipais_classificadas,MUNICIPIO,-1,-1;COD_IBGE "COD_IBGE" true true false 20 Text 0 0 ,First,#,\\Cartgeo01\d\CARTGEO05\PROJETO_LEI_12.057\MDB\TERRITORIO_ITAPETINGA.gdb\Edicao_LIMITES\LC_sedes_municipais_classificadas,COD_IBGE,-1,-1;SEMI_ARIDO "SEMI_ARIDO" true true false 254 Text 0 0 ,First,#,\\Cartgeo01\d\CARTGEO05\PROJETO_LEI_12.057\MDB\TERRITORIO_ITAPETINGA.gdb\Edicao_LIMITES\LC_sedes_municipais_classificadas,SEMI_ARIDO,-1,-1;POL_SECA "POL_SECA" true true false 254 Text 0 0 ,First,#,\\Cartgeo01\d\CARTGEO05\PROJETO_LEI_12.057\MDB\TERRITORIO_ITAPETINGA.gdb\Edicao_LIMITES\LC_sedes_municipais_classificadas,POL_SECA,-1,-1;REG_ECON "REG_ECON" true true false 254 Text 0 0 ,First,#,\\Cartgeo01\d\CARTGEO05\PROJETO_LEI_12.057\MDB\TERRITORIO_ITAPETINGA.gdb\Edicao_LIMITES\LC_sedes_municipais_classificadas,REG_ECON,-1,-1;REG_ADM "REG_ADM" true true false 254 Text 0 0 ,First,#,\\Cartgeo01\d\CARTGEO05\PROJETO_LEI_12.057\MDB\TERRITORIO_ITAPETINGA.gdb\Edicao_LIMITES\LC_sedes_municipais_classificadas,REG_ADM,-1,-1;EIXO_DESEN "EIXO_DESEN" true true false 254 Text 0 0 ,First,#,\\Cartgeo01\d\CARTGEO05\PROJETO_LEI_12.057\MDB\TERRITORIO_ITAPETINGA.gdb\Edicao_LIMITES\LC_sedes_municipais_classificadas,EIXO_DESEN,-1,-1;MICREG_GEO "MICREG_GEO" true true false 254 Text 0 0 ,First,#,\\Cartgeo01\d\CARTGEO05\PROJETO_LEI_12.057\MDB\TERRITORIO_ITAPETINGA.gdb\Edicao_LIMITES\LC_sedes_municipais_classificadas,MICREG_GEO,-1,-1;MESREG_GEO "MESREG_GEO" true true false 254 Text 0 0 ,First,#,\\Cartgeo01\d\CARTGEO05\PROJETO_LEI_12.057\MDB\TERRITORIO_ITAPETINGA.gdb\Edicao_LIMITES\LC_sedes_municipais_classificadas,MESREG_GEO,-1,-1;DIRES_PROP "DIRES_PROP" true true false 254 Text 0 0 ,First,#,\\Cartgeo01\d\CARTGEO05\PROJETO_LEI_12.057\MDB\TERRITORIO_ITAPETINGA.gdb\Edicao_LIMITES\LC_sedes_municipais_classificadas,DIRES_PROP,-1,-1;Pop_2007 "Pop_2007" true true false 8 Double 0 0 ,First,#,\\Cartgeo01\d\CARTGEO05\PROJETO_LEI_12.057\MDB\TERRITORIO_ITAPETINGA.gdb\Edicao_LIMITES\LC_sedes_municipais_classificadas,Pop_2007,-1,-1;Área "Área" true true false 8 Double 0 0 ,First,#,\\Cartgeo01\d\CARTGEO05\PROJETO_LEI_12.057\MDB\TERRITORIO_ITAPETINGA.gdb\Edicao_LIMITES\LC_sedes_municipais_classificadas,Área,-1,-1;Territorio "Territorio" true true false 254 Text 0 0 ,First,#,\\Cartgeo01\d\CARTGEO05\PROJETO_LEI_12.057\MDB\TERRITORIO_ITAPETINGA.gdb\Edicao_LIMITES\LC_sedes_municipais_classificadas,Territorio,-1,-1" #</Process><Process ToolSource="c:\program files (x86)\arcgis\desktop10.0\ArcToolbox\Toolboxes\Conversion Tools.tbx\FeatureClassToFeatureClass" Date="20120524" Time="174731">FeatureClassToFeatureClass D:\CARTGEO_D_WILIAMS\DEMANADAS\INTERNAS\SETOR_LIMITES\VELHO_CHICO\Limites_Municipais_Velho_Chico.mdb\Limites_Municipais_Velho_Chico\LC_sedes_municipais_classificadas \\Cartgeo01\d\CARTGEO05\PROJETO_LEI_12.057\MDB\TERRITORIO_VELHO_CHICO.mdb\Edicao_LIMITES LC_sedes_municipais_classificadas # "MUNICIPIO "MUNICIPIO" true true false 100 Text 0 0 ,First,#,D:\CARTGEO_D_WILIAMS\DEMANADAS\INTERNAS\SETOR_LIMITES\VELHO_CHICO\Limites_Municipais_Velho_Chico.mdb\Limites_Municipais_Velho_Chico\LC_sedes_municipais_classificadas,MUNICIPIO,-1,-1;COD_IBGE "COD_IBGE" true true false 20 Text 0 0 ,First,#,D:\CARTGEO_D_WILIAMS\DEMANADAS\INTERNAS\SETOR_LIMITES\VELHO_CHICO\Limites_Municipais_Velho_Chico.mdb\Limites_Municipais_Velho_Chico\LC_sedes_municipais_classificadas,COD_IBGE,-1,-1;SEMI_ARIDO "SEMI_ARIDO" true true false 254 Text 0 0 ,First,#,D:\CARTGEO_D_WILIAMS\DEMANADAS\INTERNAS\SETOR_LIMITES\VELHO_CHICO\Limites_Municipais_Velho_Chico.mdb\Limites_Municipais_Velho_Chico\LC_sedes_municipais_classificadas,SEMI_ARIDO,-1,-1;POL_SECA "POL_SECA" true true false 254 Text 0 0 ,First,#,D:\CARTGEO_D_WILIAMS\DEMANADAS\INTERNAS\SETOR_LIMITES\VELHO_CHICO\Limites_Municipais_Velho_Chico.mdb\Limites_Municipais_Velho_Chico\LC_sedes_municipais_classificadas,POL_SECA,-1,-1;REG_ECON "REG_ECON" true true false 254 Text 0 0 ,First,#,D:\CARTGEO_D_WILIAMS\DEMANADAS\INTERNAS\SETOR_LIMITES\VELHO_CHICO\Limites_Municipais_Velho_Chico.mdb\Limites_Municipais_Velho_Chico\LC_sedes_municipais_classificadas,REG_ECON,-1,-1;REG_ADM "REG_ADM" true true false 254 Text 0 0 ,First,#,D:\CARTGEO_D_WILIAMS\DEMANADAS\INTERNAS\SETOR_LIMITES\VELHO_CHICO\Limites_Municipais_Velho_Chico.mdb\Limites_Municipais_Velho_Chico\LC_sedes_municipais_classificadas,REG_ADM,-1,-1;EIXO_DESEN "EIXO_DESEN" true true false 254 Text 0 0 ,First,#,D:\CARTGEO_D_WILIAMS\DEMANADAS\INTERNAS\SETOR_LIMITES\VELHO_CHICO\Limites_Municipais_Velho_Chico.mdb\Limites_Municipais_Velho_Chico\LC_sedes_municipais_classificadas,EIXO_DESEN,-1,-1;MICREG_GEO "MICREG_GEO" true true false 254 Text 0 0 ,First,#,D:\CARTGEO_D_WILIAMS\DEMANADAS\INTERNAS\SETOR_LIMITES\VELHO_CHICO\Limites_Municipais_Velho_Chico.mdb\Limites_Municipais_Velho_Chico\LC_sedes_municipais_classificadas,MICREG_GEO,-1,-1;MESREG_GEO "MESREG_GEO" true true false 254 Text 0 0 ,First,#,D:\CARTGEO_D_WILIAMS\DEMANADAS\INTERNAS\SETOR_LIMITES\VELHO_CHICO\Limites_Municipais_Velho_Chico.mdb\Limites_Municipais_Velho_Chico\LC_sedes_municipais_classificadas,MESREG_GEO,-1,-1;DIRES_PROP "DIRES_PROP" true true false 254 Text 0 0 ,First,#,D:\CARTGEO_D_WILIAMS\DEMANADAS\INTERNAS\SETOR_LIMITES\VELHO_CHICO\Limites_Municipais_Velho_Chico.mdb\Limites_Municipais_Velho_Chico\LC_sedes_municipais_classificadas,DIRES_PROP,-1,-1;Pop_2007 "Pop_2007" true true false 8 Double 0 0 ,First,#,D:\CARTGEO_D_WILIAMS\DEMANADAS\INTERNAS\SETOR_LIMITES\VELHO_CHICO\Limites_Municipais_Velho_Chico.mdb\Limites_Municipais_Velho_Chico\LC_sedes_municipais_classificadas,Pop_2007,-1,-1;Área "Área" true true false 8 Double 0 0 ,First,#,D:\CARTGEO_D_WILIAMS\DEMANADAS\INTERNAS\SETOR_LIMITES\VELHO_CHICO\Limites_Municipais_Velho_Chico.mdb\Limites_Municipais_Velho_Chico\LC_sedes_municipais_classificadas,Área,-1,-1;Territorio "Territorio" true true false 254 Text 0 0 ,First,#,D:\CARTGEO_D_WILIAMS\DEMANADAS\INTERNAS\SETOR_LIMITES\VELHO_CHICO\Limites_Municipais_Velho_Chico.mdb\Limites_Municipais_Velho_Chico\LC_sedes_municipais_classificadas,Territorio,-1,-1" #</Process><Process ToolSource="c:\program files (x86)\arcgis\desktop10.0\ArcToolbox\Toolboxes\Conversion Tools.tbx\FeatureClassToFeatureClass" Date="20120807" Time="171218">FeatureClassToFeatureClass "\\Cartgeo05\f\Base Municipal\PROJETO_LEI_12.057\MDB\TERRITORIO_VELHO_CHICO.gdb\Edicao_LIMITES\LC_sedes_municipais_classificadas" G:\TRABALHO_BACIA_DO_PARAMIRIM_EMERSON_FATIMA\Limites_Municipais_TI_BACIA_PARAMIRIM.gdb\Limites_Municipais_TI_BACIA_PARAMIRIM LC_sedes_municipais_classificadas # "MUNICIPIO "MUNICIPIO" true true false 100 Text 0 0 ,First,#,\\Cartgeo05\f\Base Municipal\PROJETO_LEI_12.057\MDB\TERRITORIO_VELHO_CHICO.gdb\Edicao_LIMITES\LC_sedes_municipais_classificadas,MUNICIPIO,-1,-1;COD_IBGE "COD_IBGE" true true false 20 Text 0 0 ,First,#,\\Cartgeo05\f\Base Municipal\PROJETO_LEI_12.057\MDB\TERRITORIO_VELHO_CHICO.gdb\Edicao_LIMITES\LC_sedes_municipais_classificadas,COD_IBGE,-1,-1;SEMI_ARIDO "SEMI_ARIDO" true true false 254 Text 0 0 ,First,#,\\Cartgeo05\f\Base Municipal\PROJETO_LEI_12.057\MDB\TERRITORIO_VELHO_CHICO.gdb\Edicao_LIMITES\LC_sedes_municipais_classificadas,SEMI_ARIDO,-1,-1;POL_SECA "POL_SECA" true true false 254 Text 0 0 ,First,#,\\Cartgeo05\f\Base Municipal\PROJETO_LEI_12.057\MDB\TERRITORIO_VELHO_CHICO.gdb\Edicao_LIMITES\LC_sedes_municipais_classificadas,POL_SECA,-1,-1;REG_ECON "REG_ECON" true true false 254 Text 0 0 ,First,#,\\Cartgeo05\f\Base Municipal\PROJETO_LEI_12.057\MDB\TERRITORIO_VELHO_CHICO.gdb\Edicao_LIMITES\LC_sedes_municipais_classificadas,REG_ECON,-1,-1;REG_ADM "REG_ADM" true true false 254 Text 0 0 ,First,#,\\Cartgeo05\f\Base Municipal\PROJETO_LEI_12.057\MDB\TERRITORIO_VELHO_CHICO.gdb\Edicao_LIMITES\LC_sedes_municipais_classificadas,REG_ADM,-1,-1;EIXO_DESEN "EIXO_DESEN" true true false 254 Text 0 0 ,First,#,\\Cartgeo05\f\Base Municipal\PROJETO_LEI_12.057\MDB\TERRITORIO_VELHO_CHICO.gdb\Edicao_LIMITES\LC_sedes_municipais_classificadas,EIXO_DESEN,-1,-1;MICREG_GEO "MICREG_GEO" true true false 254 Text 0 0 ,First,#,\\Cartgeo05\f\Base Municipal\PROJETO_LEI_12.057\MDB\TERRITORIO_VELHO_CHICO.gdb\Edicao_LIMITES\LC_sedes_municipais_classificadas,MICREG_GEO,-1,-1;MESREG_GEO "MESREG_GEO" true true false 254 Text 0 0 ,First,#,\\Cartgeo05\f\Base Municipal\PROJETO_LEI_12.057\MDB\TERRITORIO_VELHO_CHICO.gdb\Edicao_LIMITES\LC_sedes_municipais_classificadas,MESREG_GEO,-1,-1;DIRES_PROP "DIRES_PROP" true true false 254 Text 0 0 ,First,#,\\Cartgeo05\f\Base Municipal\PROJETO_LEI_12.057\MDB\TERRITORIO_VELHO_CHICO.gdb\Edicao_LIMITES\LC_sedes_municipais_classificadas,DIRES_PROP,-1,-1;Pop_2007 "Pop_2007" true true false 8 Double 0 0 ,First,#,\\Cartgeo05\f\Base Municipal\PROJETO_LEI_12.057\MDB\TERRITORIO_VELHO_CHICO.gdb\Edicao_LIMITES\LC_sedes_municipais_classificadas,Pop_2007,-1,-1;Área "Área" true true false 8 Double 0 0 ,First,#,\\Cartgeo05\f\Base Municipal\PROJETO_LEI_12.057\MDB\TERRITORIO_VELHO_CHICO.gdb\Edicao_LIMITES\LC_sedes_municipais_classificadas,Área,-1,-1;Territorio "Territorio" true true false 254 Text 0 0 ,First,#,\\Cartgeo05\f\Base Municipal\PROJETO_LEI_12.057\MDB\TERRITORIO_VELHO_CHICO.gdb\Edicao_LIMITES\LC_sedes_municipais_classificadas,Territorio,-1,-1" #</Process><Process ToolSource="c:\program files (x86)\arcgis\desktop10.0\ArcToolbox\Toolboxes\Conversion Tools.tbx\FeatureClassToFeatureClass" Date="20120820" Time="135806">FeatureClassToFeatureClass G:\TRABALHO_BACIA_DO_PARAMIRIM_EMERSON_FATIMA\TERRITORIO_BACIA_PARAMIRIM.gdb\Limites_Municipais_TI_BACIA_PARAMIRIM\LC_sedes_municipais_classificadas "\\Cartgeo05\f\Base Municipal\PROJETO_LEI_12.057\MDB\TERRITORIO_BACIA_PARAMIRIM.gdb\Edicao_Limites" LC_sedes_municipais_classificadas # "MUNICIPIO "MUNICIPIO" true true false 100 Text 0 0 ,First,#,G:\TRABALHO_BACIA_DO_PARAMIRIM_EMERSON_FATIMA\TERRITORIO_BACIA_PARAMIRIM.gdb\Limites_Municipais_TI_BACIA_PARAMIRIM\LC_sedes_municipais_classificadas,MUNICIPIO,-1,-1;COD_IBGE "COD_IBGE" true true false 20 Text 0 0 ,First,#,G:\TRABALHO_BACIA_DO_PARAMIRIM_EMERSON_FATIMA\TERRITORIO_BACIA_PARAMIRIM.gdb\Limites_Municipais_TI_BACIA_PARAMIRIM\LC_sedes_municipais_classificadas,COD_IBGE,-1,-1;SEMI_ARIDO "SEMI_ARIDO" true true false 254 Text 0 0 ,First,#,G:\TRABALHO_BACIA_DO_PARAMIRIM_EMERSON_FATIMA\TERRITORIO_BACIA_PARAMIRIM.gdb\Limites_Municipais_TI_BACIA_PARAMIRIM\LC_sedes_municipais_classificadas,SEMI_ARIDO,-1,-1;POL_SECA "POL_SECA" true true false 254 Text 0 0 ,First,#,G:\TRABALHO_BACIA_DO_PARAMIRIM_EMERSON_FATIMA\TERRITORIO_BACIA_PARAMIRIM.gdb\Limites_Municipais_TI_BACIA_PARAMIRIM\LC_sedes_municipais_classificadas,POL_SECA,-1,-1;REG_ECON "REG_ECON" true true false 254 Text 0 0 ,First,#,G:\TRABALHO_BACIA_DO_PARAMIRIM_EMERSON_FATIMA\TERRITORIO_BACIA_PARAMIRIM.gdb\Limites_Municipais_TI_BACIA_PARAMIRIM\LC_sedes_municipais_classificadas,REG_ECON,-1,-1;REG_ADM "REG_ADM" true true false 254 Text 0 0 ,First,#,G:\TRABALHO_BACIA_DO_PARAMIRIM_EMERSON_FATIMA\TERRITORIO_BACIA_PARAMIRIM.gdb\Limites_Municipais_TI_BACIA_PARAMIRIM\LC_sedes_municipais_classificadas,REG_ADM,-1,-1;EIXO_DESEN "EIXO_DESEN" true true false 254 Text 0 0 ,First,#,G:\TRABALHO_BACIA_DO_PARAMIRIM_EMERSON_FATIMA\TERRITORIO_BACIA_PARAMIRIM.gdb\Limites_Municipais_TI_BACIA_PARAMIRIM\LC_sedes_municipais_classificadas,EIXO_DESEN,-1,-1;MICREG_GEO "MICREG_GEO" true true false 254 Text 0 0 ,First,#,G:\TRABALHO_BACIA_DO_PARAMIRIM_EMERSON_FATIMA\TERRITORIO_BACIA_PARAMIRIM.gdb\Limites_Municipais_TI_BACIA_PARAMIRIM\LC_sedes_municipais_classificadas,MICREG_GEO,-1,-1;MESREG_GEO "MESREG_GEO" true true false 254 Text 0 0 ,First,#,G:\TRABALHO_BACIA_DO_PARAMIRIM_EMERSON_FATIMA\TERRITORIO_BACIA_PARAMIRIM.gdb\Limites_Municipais_TI_BACIA_PARAMIRIM\LC_sedes_municipais_classificadas,MESREG_GEO,-1,-1;DIRES_PROP "DIRES_PROP" true true false 254 Text 0 0 ,First,#,G:\TRABALHO_BACIA_DO_PARAMIRIM_EMERSON_FATIMA\TERRITORIO_BACIA_PARAMIRIM.gdb\Limites_Municipais_TI_BACIA_PARAMIRIM\LC_sedes_municipais_classificadas,DIRES_PROP,-1,-1;Pop_2007 "Pop_2007" true true false 8 Double 0 0 ,First,#,G:\TRABALHO_BACIA_DO_PARAMIRIM_EMERSON_FATIMA\TERRITORIO_BACIA_PARAMIRIM.gdb\Limites_Municipais_TI_BACIA_PARAMIRIM\LC_sedes_municipais_classificadas,Pop_2007,-1,-1;Área "Área" true true false 8 Double 0 0 ,First,#,G:\TRABALHO_BACIA_DO_PARAMIRIM_EMERSON_FATIMA\TERRITORIO_BACIA_PARAMIRIM.gdb\Limites_Municipais_TI_BACIA_PARAMIRIM\LC_sedes_municipais_classificadas,Área,-1,-1;Territorio "Territorio" true true false 254 Text 0 0 ,First,#,G:\TRABALHO_BACIA_DO_PARAMIRIM_EMERSON_FATIMA\TERRITORIO_BACIA_PARAMIRIM.gdb\Limites_Municipais_TI_BACIA_PARAMIRIM\LC_sedes_municipais_classificadas,Territorio,-1,-1" #</Process><Process ToolSource="c:\program files (x86)\arcgis\desktop10.0\ArcToolbox\Toolboxes\Conversion Tools.tbx\FeatureClassToFeatureClass" Date="20121002" Time="075946">FeatureClassToFeatureClass "\\Cartgeo05\f\Base Municipal\PROJETO_LEI_12.057\MDB\TERRITORIO_BACIA_PARAMIRIM.gdb\Edicao_Limites\LC_sedes_municipais_classificadas" D:\ARRUMANDO_LIMITES\TERRITORIO_VITORIA_DA_CONQUISTA.gdb\Edicao_LIMITES LC_sedes_municipais_classificadas # "MUNICIPIO "MUNICIPIO" true true false 100 Text 0 0 ,First,#,\\Cartgeo05\f\Base Municipal\PROJETO_LEI_12.057\MDB\TERRITORIO_BACIA_PARAMIRIM.gdb\Edicao_Limites\LC_sedes_municipais_classificadas,MUNICIPIO,-1,-1;COD_IBGE "COD_IBGE" true true false 20 Text 0 0 ,First,#,\\Cartgeo05\f\Base Municipal\PROJETO_LEI_12.057\MDB\TERRITORIO_BACIA_PARAMIRIM.gdb\Edicao_Limites\LC_sedes_municipais_classificadas,COD_IBGE,-1,-1;SEMI_ARIDO "SEMI_ARIDO" true true false 254 Text 0 0 ,First,#,\\Cartgeo05\f\Base Municipal\PROJETO_LEI_12.057\MDB\TERRITORIO_BACIA_PARAMIRIM.gdb\Edicao_Limites\LC_sedes_municipais_classificadas,SEMI_ARIDO,-1,-1;POL_SECA "POL_SECA" true true false 254 Text 0 0 ,First,#,\\Cartgeo05\f\Base Municipal\PROJETO_LEI_12.057\MDB\TERRITORIO_BACIA_PARAMIRIM.gdb\Edicao_Limites\LC_sedes_municipais_classificadas,POL_SECA,-1,-1;REG_ECON "REG_ECON" true true false 254 Text 0 0 ,First,#,\\Cartgeo05\f\Base Municipal\PROJETO_LEI_12.057\MDB\TERRITORIO_BACIA_PARAMIRIM.gdb\Edicao_Limites\LC_sedes_municipais_classificadas,REG_ECON,-1,-1;REG_ADM "REG_ADM" true true false 254 Text 0 0 ,First,#,\\Cartgeo05\f\Base Municipal\PROJETO_LEI_12.057\MDB\TERRITORIO_BACIA_PARAMIRIM.gdb\Edicao_Limites\LC_sedes_municipais_classificadas,REG_ADM,-1,-1;EIXO_DESEN "EIXO_DESEN" true true false 254 Text 0 0 ,First,#,\\Cartgeo05\f\Base Municipal\PROJETO_LEI_12.057\MDB\TERRITORIO_BACIA_PARAMIRIM.gdb\Edicao_Limites\LC_sedes_municipais_classificadas,EIXO_DESEN,-1,-1;MICREG_GEO "MICREG_GEO" true true false 254 Text 0 0 ,First,#,\\Cartgeo05\f\Base Municipal\PROJETO_LEI_12.057\MDB\TERRITORIO_BACIA_PARAMIRIM.gdb\Edicao_Limites\LC_sedes_municipais_classificadas,MICREG_GEO,-1,-1;MESREG_GEO "MESREG_GEO" true true false 254 Text 0 0 ,First,#,\\Cartgeo05\f\Base Municipal\PROJETO_LEI_12.057\MDB\TERRITORIO_BACIA_PARAMIRIM.gdb\Edicao_Limites\LC_sedes_municipais_classificadas,MESREG_GEO,-1,-1;DIRES_PROP "DIRES_PROP" true true false 254 Text 0 0 ,First,#,\\Cartgeo05\f\Base Municipal\PROJETO_LEI_12.057\MDB\TERRITORIO_BACIA_PARAMIRIM.gdb\Edicao_Limites\LC_sedes_municipais_classificadas,DIRES_PROP,-1,-1;Pop_2007 "Pop_2007" true true false 8 Double 0 0 ,First,#,\\Cartgeo05\f\Base Municipal\PROJETO_LEI_12.057\MDB\TERRITORIO_BACIA_PARAMIRIM.gdb\Edicao_Limites\LC_sedes_municipais_classificadas,Pop_2007,-1,-1;Área "Área" true true false 8 Double 0 0 ,First,#,\\Cartgeo05\f\Base Municipal\PROJETO_LEI_12.057\MDB\TERRITORIO_BACIA_PARAMIRIM.gdb\Edicao_Limites\LC_sedes_municipais_classificadas,Área,-1,-1;Territorio "Territorio" true true false 254 Text 0 0 ,First,#,\\Cartgeo05\f\Base Municipal\PROJETO_LEI_12.057\MDB\TERRITORIO_BACIA_PARAMIRIM.gdb\Edicao_Limites\LC_sedes_municipais_classificadas,Territorio,-1,-1" #</Process><Process ToolSource="c:\program files (x86)\arcgis\desktop10.0\ArcToolbox\Toolboxes\Conversion Tools.tbx\FeatureClassToFeatureClass" Date="20121002" Time="152730">FeatureClassToFeatureClass "\\Cartgeo05\f\Base Municipal\PROJETO_LEI_12.057\MDB\TERRITORIO_VITORIA_DA_CONQUISTA.gdb\Edicao_LIMITES\LC_sedes_municipais_classificadas" D:\ARRUMANDO_LIMITES\Atualizacao_DVPA_BA_LEI_12057.gdb\Atualizacao_DVPA_BA_LEI_12057 LC_sedes_municipais_classificadas # "MUNICIPIO "MUNICIPIO" true true false 100 Text 0 0 ,First,#,\\Cartgeo05\f\Base Municipal\PROJETO_LEI_12.057\MDB\TERRITORIO_VITORIA_DA_CONQUISTA.gdb\Edicao_LIMITES\LC_sedes_municipais_classificadas,MUNICIPIO,-1,-1;COD_IBGE "COD_IBGE" true true false 20 Text 0 0 ,First,#,\\Cartgeo05\f\Base Municipal\PROJETO_LEI_12.057\MDB\TERRITORIO_VITORIA_DA_CONQUISTA.gdb\Edicao_LIMITES\LC_sedes_municipais_classificadas,COD_IBGE,-1,-1;SEMI_ARIDO "SEMI_ARIDO" true true false 254 Text 0 0 ,First,#,\\Cartgeo05\f\Base Municipal\PROJETO_LEI_12.057\MDB\TERRITORIO_VITORIA_DA_CONQUISTA.gdb\Edicao_LIMITES\LC_sedes_municipais_classificadas,SEMI_ARIDO,-1,-1;POL_SECA "POL_SECA" true true false 254 Text 0 0 ,First,#,\\Cartgeo05\f\Base Municipal\PROJETO_LEI_12.057\MDB\TERRITORIO_VITORIA_DA_CONQUISTA.gdb\Edicao_LIMITES\LC_sedes_municipais_classificadas,POL_SECA,-1,-1;REG_ECON "REG_ECON" true true false 254 Text 0 0 ,First,#,\\Cartgeo05\f\Base Municipal\PROJETO_LEI_12.057\MDB\TERRITORIO_VITORIA_DA_CONQUISTA.gdb\Edicao_LIMITES\LC_sedes_municipais_classificadas,REG_ECON,-1,-1;REG_ADM "REG_ADM" true true false 254 Text 0 0 ,First,#,\\Cartgeo05\f\Base Municipal\PROJETO_LEI_12.057\MDB\TERRITORIO_VITORIA_DA_CONQUISTA.gdb\Edicao_LIMITES\LC_sedes_municipais_classificadas,REG_ADM,-1,-1;EIXO_DESEN "EIXO_DESEN" true true false 254 Text 0 0 ,First,#,\\Cartgeo05\f\Base Municipal\PROJETO_LEI_12.057\MDB\TERRITORIO_VITORIA_DA_CONQUISTA.gdb\Edicao_LIMITES\LC_sedes_municipais_classificadas,EIXO_DESEN,-1,-1;MICREG_GEO "MICREG_GEO" true true false 254 Text 0 0 ,First,#,\\Cartgeo05\f\Base Municipal\PROJETO_LEI_12.057\MDB\TERRITORIO_VITORIA_DA_CONQUISTA.gdb\Edicao_LIMITES\LC_sedes_municipais_classificadas,MICREG_GEO,-1,-1;MESREG_GEO "MESREG_GEO" true true false 254 Text 0 0 ,First,#,\\Cartgeo05\f\Base Municipal\PROJETO_LEI_12.057\MDB\TERRITORIO_VITORIA_DA_CONQUISTA.gdb\Edicao_LIMITES\LC_sedes_municipais_classificadas,MESREG_GEO,-1,-1;DIRES_PROP "DIRES_PROP" true true false 254 Text 0 0 ,First,#,\\Cartgeo05\f\Base Municipal\PROJETO_LEI_12.057\MDB\TERRITORIO_VITORIA_DA_CONQUISTA.gdb\Edicao_LIMITES\LC_sedes_municipais_classificadas,DIRES_PROP,-1,-1;Pop_2007 "Pop_2007" true true false 8 Double 0 0 ,First,#,\\Cartgeo05\f\Base Municipal\PROJETO_LEI_12.057\MDB\TERRITORIO_VITORIA_DA_CONQUISTA.gdb\Edicao_LIMITES\LC_sedes_municipais_classificadas,Pop_2007,-1,-1;Área "Área" true true false 8 Double 0 0 ,First,#,\\Cartgeo05\f\Base Municipal\PROJETO_LEI_12.057\MDB\TERRITORIO_VITORIA_DA_CONQUISTA.gdb\Edicao_LIMITES\LC_sedes_municipais_classificadas,Área,-1,-1;Territorio "Territorio" true true false 254 Text 0 0 ,First,#,\\Cartgeo05\f\Base Municipal\PROJETO_LEI_12.057\MDB\TERRITORIO_VITORIA_DA_CONQUISTA.gdb\Edicao_LIMITES\LC_sedes_municipais_classificadas,Territorio,-1,-1" #</Process><Process ToolSource="C:\Program Files (x86)\ArcGIS\Desktop10.0\ArcToolbox\Toolboxes\Data Management Tools.tbx\CalculateField" Date="20121018" Time="095525">CalculateField LC_sedes_municipais_classificadas Territorio "17 SEMIÁRIDO NORDESTE II" VB #</Process><Process ToolSource="C:\Program Files (x86)\ArcGIS\Desktop10.0\ArcToolbox\Toolboxes\Data Management Tools.tbx\CalculateField" Date="20121018" Time="095554">CalculateField LC_sedes_municipais_classificadas Territorio "21 RECÔNCAVO" VB #</Process><Process ToolSource="C:\Program Files (x86)\ArcGIS\Desktop10.0\ArcToolbox\Toolboxes\Data Management Tools.tbx\CalculateField" Date="20121018" Time="100739">CalculateField LC_sedes_municipais_classificadas Territorio "08 MÉDIO SUDOESTE DA BAHIA" VB #</Process><Process ToolSource="C:\Program Files (x86)\ArcGIS\Desktop10.0\ArcToolbox\Toolboxes\Data Management Tools.tbx\CalculateField" Date="20121018" Time="100805">CalculateField LC_sedes_municipais_classificadas Territorio "11 BACIA DO RIO GRANDE" VB #</Process><Process ToolSource="C:\Program Files (x86)\ArcGIS\Desktop10.0\ArcToolbox\Toolboxes\Data Management Tools.tbx\CalculateField" Date="20121018" Time="100851">CalculateField LC_sedes_municipais_classificadas Territorio "18 LITORAL NORTE E AGRESTE BAIANO" VB #</Process><Process ToolSource="C:\Program Files (x86)\ArcGIS\Desktop10.0\ArcToolbox\Toolboxes\Data Management Tools.tbx\CalculateField" Date="20121018" Time="101226">CalculateField LC_sedes_municipais_classificadas Territorio "27 COSTA DO DESCOBRIMENTO" VB #</Process><Process ToolSource="c:\program files (x86)\arcgis\desktop10.0\ArcToolbox\Toolboxes\Conversion Tools.tbx\FeatureClassToFeatureClass" Date="20121018" Time="111429">FeatureClassToFeatureClass Z:\CARTGEO\PROJETOS_DIGEO\LIMITES\ATUALIZAÇÃO_DAS_DIVISAS_INTERMUNICIPAIS_DA_BAHIA\ATUALIZAÇÃO_DIVISAS_INTERMUNICIPAIS_LEI_12057.gdb\DVPA_BA_LEI_12057\LC_sedes_municipais_classificadas Z:\CARTGEO\PROJETOS_DIGEO\LIMITES\ATUALIZAÇÃO_DAS_DIVISAS_INTERMUNICIPAIS_DA_BAHIA\ATUALIZAÇÃO_DIVISAS_INTERMUNICIPAIS_LEI_12057.gdb\TI_23_BACIA_DO_RIO_CORRENTE LC_sedes_municipais_classificadas_TI_BRC # "MUNICIPIO "MUNICIPIO" true true false 100 Text 0 0 ,First,#,Z:\CARTGEO\PROJETOS_DIGEO\LIMITES\ATUALIZAÇÃO_DAS_DIVISAS_INTERMUNICIPAIS_DA_BAHIA\ATUALIZAÇÃO_DIVISAS_INTERMUNICIPAIS_LEI_12057.gdb\DVPA_BA_LEI_12057\LC_sedes_municipais_classificadas,MUNICIPIO,-1,-1;COD_IBGE "COD_IBGE" true true false 20 Text 0 0 ,First,#,Z:\CARTGEO\PROJETOS_DIGEO\LIMITES\ATUALIZAÇÃO_DAS_DIVISAS_INTERMUNICIPAIS_DA_BAHIA\ATUALIZAÇÃO_DIVISAS_INTERMUNICIPAIS_LEI_12057.gdb\DVPA_BA_LEI_12057\LC_sedes_municipais_classificadas,COD_IBGE,-1,-1;SEMI_ARIDO "SEMI_ARIDO" true true false 254 Text 0 0 ,First,#,Z:\CARTGEO\PROJETOS_DIGEO\LIMITES\ATUALIZAÇÃO_DAS_DIVISAS_INTERMUNICIPAIS_DA_BAHIA\ATUALIZAÇÃO_DIVISAS_INTERMUNICIPAIS_LEI_12057.gdb\DVPA_BA_LEI_12057\LC_sedes_municipais_classificadas,SEMI_ARIDO,-1,-1;POL_SECA "POL_SECA" true true false 254 Text 0 0 ,First,#,Z:\CARTGEO\PROJETOS_DIGEO\LIMITES\ATUALIZAÇÃO_DAS_DIVISAS_INTERMUNICIPAIS_DA_BAHIA\ATUALIZAÇÃO_DIVISAS_INTERMUNICIPAIS_LEI_12057.gdb\DVPA_BA_LEI_12057\LC_sedes_municipais_classificadas,POL_SECA,-1,-1;REG_ECON "REG_ECON" true true false 254 Text 0 0 ,First,#,Z:\CARTGEO\PROJETOS_DIGEO\LIMITES\ATUALIZAÇÃO_DAS_DIVISAS_INTERMUNICIPAIS_DA_BAHIA\ATUALIZAÇÃO_DIVISAS_INTERMUNICIPAIS_LEI_12057.gdb\DVPA_BA_LEI_12057\LC_sedes_municipais_classificadas,REG_ECON,-1,-1;REG_ADM "REG_ADM" true true false 254 Text 0 0 ,First,#,Z:\CARTGEO\PROJETOS_DIGEO\LIMITES\ATUALIZAÇÃO_DAS_DIVISAS_INTERMUNICIPAIS_DA_BAHIA\ATUALIZAÇÃO_DIVISAS_INTERMUNICIPAIS_LEI_12057.gdb\DVPA_BA_LEI_12057\LC_sedes_municipais_classificadas,REG_ADM,-1,-1;EIXO_DESEN "EIXO_DESEN" true true false 254 Text 0 0 ,First,#,Z:\CARTGEO\PROJETOS_DIGEO\LIMITES\ATUALIZAÇÃO_DAS_DIVISAS_INTERMUNICIPAIS_DA_BAHIA\ATUALIZAÇÃO_DIVISAS_INTERMUNICIPAIS_LEI_12057.gdb\DVPA_BA_LEI_12057\LC_sedes_municipais_classificadas,EIXO_DESEN,-1,-1;MICREG_GEO "MICREG_GEO" true true false 254 Text 0 0 ,First,#,Z:\CARTGEO\PROJETOS_DIGEO\LIMITES\ATUALIZAÇÃO_DAS_DIVISAS_INTERMUNICIPAIS_DA_BAHIA\ATUALIZAÇÃO_DIVISAS_INTERMUNICIPAIS_LEI_12057.gdb\DVPA_BA_LEI_12057\LC_sedes_municipais_classificadas,MICREG_GEO,-1,-1;MESREG_GEO "MESREG_GEO" true true false 254 Text 0 0 ,First,#,Z:\CARTGEO\PROJETOS_DIGEO\LIMITES\ATUALIZAÇÃO_DAS_DIVISAS_INTERMUNICIPAIS_DA_BAHIA\ATUALIZAÇÃO_DIVISAS_INTERMUNICIPAIS_LEI_12057.gdb\DVPA_BA_LEI_12057\LC_sedes_municipais_classificadas,MESREG_GEO,-1,-1;DIRES_PROP "DIRES_PROP" true true false 254 Text 0 0 ,First,#,Z:\CARTGEO\PROJETOS_DIGEO\LIMITES\ATUALIZAÇÃO_DAS_DIVISAS_INTERMUNICIPAIS_DA_BAHIA\ATUALIZAÇÃO_DIVISAS_INTERMUNICIPAIS_LEI_12057.gdb\DVPA_BA_LEI_12057\LC_sedes_municipais_classificadas,DIRES_PROP,-1,-1;Pop_2007 "Pop_2007" true true false 8 Double 0 0 ,First,#,Z:\CARTGEO\PROJETOS_DIGEO\LIMITES\ATUALIZAÇÃO_DAS_DIVISAS_INTERMUNICIPAIS_DA_BAHIA\ATUALIZAÇÃO_DIVISAS_INTERMUNICIPAIS_LEI_12057.gdb\DVPA_BA_LEI_12057\LC_sedes_municipais_classificadas,Pop_2007,-1,-1;Área "Área" true true false 8 Double 0 0 ,First,#,Z:\CARTGEO\PROJETOS_DIGEO\LIMITES\ATUALIZAÇÃO_DAS_DIVISAS_INTERMUNICIPAIS_DA_BAHIA\ATUALIZAÇÃO_DIVISAS_INTERMUNICIPAIS_LEI_12057.gdb\DVPA_BA_LEI_12057\LC_sedes_municipais_classificadas,Área,-1,-1;Territorio "Territorio" true true false 254 Text 0 0 ,First,#,Z:\CARTGEO\PROJETOS_DIGEO\LIMITES\ATUALIZAÇÃO_DAS_DIVISAS_INTERMUNICIPAIS_DA_BAHIA\ATUALIZAÇÃO_DIVISAS_INTERMUNICIPAIS_LEI_12057.gdb\DVPA_BA_LEI_12057\LC_sedes_municipais_classificadas,Territorio,-1,-1" #</Process><Process ToolSource="c:\program files (x86)\arcgis\desktop10.0\ArcToolbox\Toolboxes\Conversion Tools.tbx\FeatureClassToFeatureClass" Date="20130215" Time="114939">FeatureClassToFeatureClass \\netuno2\DIGEO\CARTGEO\PROJETOS_DIGEO\LIMITES\ATUALIZAÇÃO_DAS_DIVISAS_INTERMUNICIPAIS_DA_BAHIA\ATUALIZAÇÃO_DIVISAS_INTERMUNICIPAIS_LEI_12057.gdb\TI_23_BACIA_DO_RIO_CORRENTE\LC_sedes_municipais_classificadas_TI_BRC \\netuno2\DIGEO\CARTGEO\PROJETOS_DIGEO\LIMITES\ATUALIZAÇÃO_DAS_DIVISAS_INTERMUNICIPAIS_DA_BAHIA\ATUALIZAÇÃO_DVPA_BA_LEI_12057\ATUALIZAÇÃO_DIVISAS_INTERMUNICIPAIS_LEI_12057.mdb\ATUALIZAÇÃO_DIVISAS_INTERMUNICIPAIS_LEI_12057 LC_sedes_Municipais_Classificadas # "MUNICIPIO "MUNICIPIO" true true false 100 Text 0 0 ,First,#,\\netuno2\DIGEO\CARTGEO\PROJETOS_DIGEO\LIMITES\ATUALIZAÇÃO_DAS_DIVISAS_INTERMUNICIPAIS_DA_BAHIA\ATUALIZAÇÃO_DIVISAS_INTERMUNICIPAIS_LEI_12057.gdb\TI_23_BACIA_DO_RIO_CORRENTE\LC_sedes_municipais_classificadas_TI_BRC,MUNICIPIO,-1,-1;COD_IBGE "COD_IBGE" true true false 20 Text 0 0 ,First,#,\\netuno2\DIGEO\CARTGEO\PROJETOS_DIGEO\LIMITES\ATUALIZAÇÃO_DAS_DIVISAS_INTERMUNICIPAIS_DA_BAHIA\ATUALIZAÇÃO_DIVISAS_INTERMUNICIPAIS_LEI_12057.gdb\TI_23_BACIA_DO_RIO_CORRENTE\LC_sedes_municipais_classificadas_TI_BRC,COD_IBGE,-1,-1;SEMI_ARIDO "SEMI_ARIDO" true true false 254 Text 0 0 ,First,#,\\netuno2\DIGEO\CARTGEO\PROJETOS_DIGEO\LIMITES\ATUALIZAÇÃO_DAS_DIVISAS_INTERMUNICIPAIS_DA_BAHIA\ATUALIZAÇÃO_DIVISAS_INTERMUNICIPAIS_LEI_12057.gdb\TI_23_BACIA_DO_RIO_CORRENTE\LC_sedes_municipais_classificadas_TI_BRC,SEMI_ARIDO,-1,-1;POL_SECA "POL_SECA" true true false 254 Text 0 0 ,First,#,\\netuno2\DIGEO\CARTGEO\PROJETOS_DIGEO\LIMITES\ATUALIZAÇÃO_DAS_DIVISAS_INTERMUNICIPAIS_DA_BAHIA\ATUALIZAÇÃO_DIVISAS_INTERMUNICIPAIS_LEI_12057.gdb\TI_23_BACIA_DO_RIO_CORRENTE\LC_sedes_municipais_classificadas_TI_BRC,POL_SECA,-1,-1;REG_ECON "REG_ECON" true true false 254 Text 0 0 ,First,#,\\netuno2\DIGEO\CARTGEO\PROJETOS_DIGEO\LIMITES\ATUALIZAÇÃO_DAS_DIVISAS_INTERMUNICIPAIS_DA_BAHIA\ATUALIZAÇÃO_DIVISAS_INTERMUNICIPAIS_LEI_12057.gdb\TI_23_BACIA_DO_RIO_CORRENTE\LC_sedes_municipais_classificadas_TI_BRC,REG_ECON,-1,-1;REG_ADM "REG_ADM" true true false 254 Text 0 0 ,First,#,\\netuno2\DIGEO\CARTGEO\PROJETOS_DIGEO\LIMITES\ATUALIZAÇÃO_DAS_DIVISAS_INTERMUNICIPAIS_DA_BAHIA\ATUALIZAÇÃO_DIVISAS_INTERMUNICIPAIS_LEI_12057.gdb\TI_23_BACIA_DO_RIO_CORRENTE\LC_sedes_municipais_classificadas_TI_BRC,REG_ADM,-1,-1;EIXO_DESEN "EIXO_DESEN" true true false 254 Text 0 0 ,First,#,\\netuno2\DIGEO\CARTGEO\PROJETOS_DIGEO\LIMITES\ATUALIZAÇÃO_DAS_DIVISAS_INTERMUNICIPAIS_DA_BAHIA\ATUALIZAÇÃO_DIVISAS_INTERMUNICIPAIS_LEI_12057.gdb\TI_23_BACIA_DO_RIO_CORRENTE\LC_sedes_municipais_classificadas_TI_BRC,EIXO_DESEN,-1,-1;MICREG_GEO "MICREG_GEO" true true false 254 Text 0 0 ,First,#,\\netuno2\DIGEO\CARTGEO\PROJETOS_DIGEO\LIMITES\ATUALIZAÇÃO_DAS_DIVISAS_INTERMUNICIPAIS_DA_BAHIA\ATUALIZAÇÃO_DIVISAS_INTERMUNICIPAIS_LEI_12057.gdb\TI_23_BACIA_DO_RIO_CORRENTE\LC_sedes_municipais_classificadas_TI_BRC,MICREG_GEO,-1,-1;MESREG_GEO "MESREG_GEO" true true false 254 Text 0 0 ,First,#,\\netuno2\DIGEO\CARTGEO\PROJETOS_DIGEO\LIMITES\ATUALIZAÇÃO_DAS_DIVISAS_INTERMUNICIPAIS_DA_BAHIA\ATUALIZAÇÃO_DIVISAS_INTERMUNICIPAIS_LEI_12057.gdb\TI_23_BACIA_DO_RIO_CORRENTE\LC_sedes_municipais_classificadas_TI_BRC,MESREG_GEO,-1,-1;DIRES_PROP "DIRES_PROP" true true false 254 Text 0 0 ,First,#,\\netuno2\DIGEO\CARTGEO\PROJETOS_DIGEO\LIMITES\ATUALIZAÇÃO_DAS_DIVISAS_INTERMUNICIPAIS_DA_BAHIA\ATUALIZAÇÃO_DIVISAS_INTERMUNICIPAIS_LEI_12057.gdb\TI_23_BACIA_DO_RIO_CORRENTE\LC_sedes_municipais_classificadas_TI_BRC,DIRES_PROP,-1,-1;Pop_2007 "Pop_2007" true true false 8 Double 0 0 ,First,#,\\netuno2\DIGEO\CARTGEO\PROJETOS_DIGEO\LIMITES\ATUALIZAÇÃO_DAS_DIVISAS_INTERMUNICIPAIS_DA_BAHIA\ATUALIZAÇÃO_DIVISAS_INTERMUNICIPAIS_LEI_12057.gdb\TI_23_BACIA_DO_RIO_CORRENTE\LC_sedes_municipais_classificadas_TI_BRC,Pop_2007,-1,-1;Área "Área" true true false 8 Double 0 0 ,First,#,\\netuno2\DIGEO\CARTGEO\PROJETOS_DIGEO\LIMITES\ATUALIZAÇÃO_DAS_DIVISAS_INTERMUNICIPAIS_DA_BAHIA\ATUALIZAÇÃO_DIVISAS_INTERMUNICIPAIS_LEI_12057.gdb\TI_23_BACIA_DO_RIO_CORRENTE\LC_sedes_municipais_classificadas_TI_BRC,Área,-1,-1;Territorio "Territorio" true true false 254 Text 0 0 ,First,#,\\netuno2\DIGEO\CARTGEO\PROJETOS_DIGEO\LIMITES\ATUALIZAÇÃO_DAS_DIVISAS_INTERMUNICIPAIS_DA_BAHIA\ATUALIZAÇÃO_DIVISAS_INTERMUNICIPAIS_LEI_12057.gdb\TI_23_BACIA_DO_RIO_CORRENTE\LC_sedes_municipais_classificadas_TI_BRC,Territorio,-1,-1" #</Process><Process ToolSource="c:\program files (x86)\arcgis\desktop10.0\ArcToolbox\Toolboxes\Data Management Tools.tbx\FeatureToPolygon" Date="20130318" Time="100526">FeatureToPolygon D:\DVPA_BA_Brotas_de_Macaubas_Lei_Vigente\ATUALIZAÇÃO_DIVISAS_INTERMUNICIPAIS_LEI_12057.mdb\ATUALIZAÇÃO_DIVISAS_INTERMUNICIPAIS_LEI_12057\ATUALIZAÇÃO_DVPA_BA_LEI_12057_Linha D:\DVPA_BA_Brotas_de_Macaubas_Lei_Vigente\ATUALIZAÇÃO_DIVISAS_INTERMUNICIPAIS_LEI_12057.mdb\ATUALIZAÇÃO_DIVISAS_INTERMUNICIPAIS_LEI_12057\ATUALIZAÇÃO_DVPA_BA_LEI_12057_Poligono # ATTRIBUTES D:\DVPA_BA_Brotas_de_Macaubas_Lei_Vigente\ATUALIZAÇÃO_DIVISAS_INTERMUNICIPAIS_LEI_12057.mdb\ATUALIZAÇÃO_DIVISAS_INTERMUNICIPAIS_LEI_12057\LC_sedes_Municipais_Classificadas</Process></lineage><itemProps><itemLocation><linkage Sync="TRUE">file://\\ilheus\inema\DIRAF\cotic\GEOPROCESSAMENTO\GEO_DADOS\Vetor\Shape\BASE_CARTOGRAFICA\Limites\DVPA_ABRIL2013\ATUALIZAÇÃO_DVPA_BA_LEI_12057_Poligono.shp</linkage><protocol Sync="TRUE">Local Area Network</protocol></itemLocation><itemName Sync="TRUE">ATUALIZAÇÃO_DVPA_BA_LEI_12057_Poligono</itemName><imsContentType Sync="TRUE">002</imsContentType><nativeExtBox><westBL Sync="TRUE">-46.629460</westBL><eastBL Sync="TRUE">-37.333865</eastBL><southBL Sync="TRUE">-18.348488</southBL><northBL Sync="TRUE">-8.527264</northBL><exTypeCode Sync="TRUE">1</exTypeCode></nativeExtBox><itemSize Sync="TRUE">12.873</itemSize></itemProps><coordRef><type Sync="TRUE">Geographic</type><geogcsn Sync="TRUE">GCS_SIRGAS_2000</geogcsn><peXml Sync="TRUE">&lt;GeographicCoordinateSystem xsi:type='typens:GeographicCoordinateSystem' xmlns:xsi='http://www.w3.org/2001/XMLSchema-instance' xmlns:xs='http://www.w3.org/2001/XMLSchema' xmlns:typens='http://www.esri.com/schemas/ArcGIS/10.0'&gt;&lt;WKT&gt;GEOGCS[&amp;quot;GCS_SIRGAS_2000&amp;quot;,DATUM[&amp;quot;D_SIRGAS_2000&amp;quot;,SPHEROID[&amp;quot;GRS_1980&amp;quot;,6378137.0,298.257222101]],PRIMEM[&amp;quot;Greenwich&amp;quot;,0.0],UNIT[&amp;quot;Degree&amp;quot;,0.0174532925199433],AUTHORITY[&amp;quot;EPSG&amp;quot;,4674]]&lt;/WKT&gt;&lt;XOrigin&gt;-399.99999999999989&lt;/XOrigin&gt;&lt;YOrigin&gt;-399.99999999999989&lt;/YOrigin&gt;&lt;XYScale&gt;11258999068426.24&lt;/XYScale&gt;&lt;ZOrigin&gt;-100000&lt;/ZOrigin&gt;&lt;ZScale&gt;10000&lt;/ZScale&gt;&lt;MOrigin&gt;-100000&lt;/MOrigin&gt;&lt;MScale&gt;10000&lt;/MScale&gt;&lt;XYTolerance&gt;8.9831528411952117e-009&lt;/XYTolerance&gt;&lt;ZTolerance&gt;0.001&lt;/ZTolerance&gt;&lt;MTolerance&gt;0.001&lt;/MTolerance&gt;&lt;HighPrecision&gt;true&lt;/HighPrecision&gt;&lt;LeftLongitude&gt;-180&lt;/LeftLongitude&gt;&lt;WKID&gt;4674&lt;/WKID&gt;&lt;/GeographicCoordinateSystem&gt;</peXml><csUnits Sync="TRUE">Angular Unit: Degree (0.017453)</csUnits></coordRef></DataProperties><ArcGISFormat>1.0</ArcGISFormat></Esri><idinfo><native Sync="TRUE">Microsoft Windows Vista Version 6.0 (Build 6001) Service Pack 1; ESRI ArcCatalog 9.3.0.1770</native><descript><langdata Sync="TRUE">pt</langdata><abstract>REQUIRED: A brief narrative summary of the data set.</abstract><purpose>REQUIRED: A summary of the intentions with which the data set was developed.</purpose></descript><citation><citeinfo><origin>REQUIRED: The name of an organization or individual that developed the data set.</origin><pubdate>REQUIRED: The date when the data set is published or otherwise made available for release.</pubdate><title Sync="TRUE">LC_sedes_municipais_classificadas</title><ftname Sync="TRUE">LC_sedes_municipais_classificadas</ftname><geoform Sync="TRUE">vector digital data</geoform><onlink Sync="TRUE">\\CARTGEO02\D\CARTGEO_D_WILIAMS\DEMANADAS\INTERNAS\GERN_WILIAMS_D\LIMITES_DSG\MDB\Limites_Municipais_BA.gdb</onlink></citeinfo></citation><timeperd><current>REQUIRED: The basis on which the time period of content information is determined.</current><timeinfo><sngdate><caldate>REQUIRED: The year (and optionally month, or month and day) for which the data set corresponds to the ground.</caldate></sngdate></timeinfo></timeperd><status><progress>REQUIRED: The state of the data set.</progress><update>REQUIRED: The frequency with which changes and additions are made to the data set after the initial data set is completed.</update></status><spdom><bounding><westbc Sync="TRUE">REQUIRED: Western-most coordinate of the limit of coverage expressed in longitude.</westbc><eastbc Sync="TRUE">REQUIRED: Eastern-most coordinate of the limit of coverage expressed in longitude.</eastbc><northbc Sync="TRUE">REQUIRED: Northern-most coordinate of the limit of coverage expressed in latitude.</northbc><southbc Sync="TRUE">REQUIRED: Southern-most coordinate of the limit of coverage expressed in latitude.</southbc></bounding></spdom><keywords><theme><themekt>REQUIRED: Reference to a formally registered thesaurus or a similar authoritative source of theme keywords.</themekt><themekey>REQUIRED: Common-use word or phrase used to describe the subject of the data set.</themekey></theme></keywords><accconst>REQUIRED: Restrictions and legal prerequisites for accessing the data set.</accconst><useconst>REQUIRED: Restrictions and legal prerequisites for using the data set after access is granted.</useconst><natvform Sync="TRUE">File Geodatabase Feature Class</natvform></idinfo><dataIdInfo><envirDesc Sync="TRUE">Microsoft Windows 7 Version 6.1 (Build 7601) Service Pack 1; ESRI ArcGIS 10.0.5.4400</envirDesc><dataLang><languageCode Sync="TRUE" value="por" country="BRA"></languageCode><countryCode value="BRA" Sync="TRUE"></countryCode></dataLang><idCitation><resTitle Sync="TRUE">ATUALIZAÇÃO_DVPA_BA_LEI_12057_Poligono</resTitle><presForm><PresFormCd Sync="TRUE" value="005"></PresFormCd></presForm></idCitation><spatRpType><SpatRepTypCd Sync="TRUE" value="001"></SpatRepTypCd></spatRpType><descKeys><thesaName uuidref="723f6998-058e-11dc-8314-0800200c9a66"></thesaName><keyword Sync="TRUE">002</keyword></descKeys><dataExt><geoEle><GeoBndBox esriExtentType="search"><exTypeCode Sync="TRUE">1</exTypeCode><westBL Sync="TRUE">-46.629460</westBL><eastBL Sync="TRUE">-37.333865</eastBL><northBL Sync="TRUE">-8.527264</northBL><southBL Sync="TRUE">-18.348488</southBL></GeoBndBox></geoEle></dataExt></dataIdInfo><metainfo><langmeta Sync="TRUE">pt</langmeta><metstdn Sync="TRUE">FGDC Content Standards for Digital Geospatial Metadata</metstdn><metstdv Sync="TRUE">FGDC-STD-001-1998</metstdv><mettc Sync="TRUE">local time</mettc><metc><cntinfo><cntorgp><cntper>REQUIRED: The person responsible for the metadata information.</cntper><cntorg>REQUIRED: The organization responsible for the metadata information.</cntorg></cntorgp><cntaddr><addrtype>REQUIRED: The mailing and/or physical address for the organization or individual.</addrtype><city>REQUIRED: The city of the address.</city><state>REQUIRED: The state or province of the address.</state><postal>REQUIRED: The ZIP or other postal code of the address.</postal></cntaddr><cntvoice>REQUIRED: The telephone number by which individuals can speak to the organization or individual.</cntvoice></cntinfo></metc><metd Sync="TRUE">20101005</metd></metainfo><mdLang><languageCode Sync="TRUE" value="por"></languageCode><countryCode value="BRA" Sync="TRUE"></countryCode></mdLang><mdStanName Sync="TRUE">ISO 19115 Geographic Information - Metadata</mdStanName><mdStanVer Sync="TRUE">DIS_ESRI1.0</mdStanVer><mdChar><CharSetCd Sync="TRUE" value="004"></CharSetCd></mdChar><mdHrLv><ScopeCd Sync="TRUE" value="005"></ScopeCd></mdHrLv><mdHrLvName Sync="TRUE">dataset</mdHrLvName><distinfo><resdesc Sync="TRUE">Downloadable Data</resdesc><stdorder><digform><digtinfo><transize Sync="TRUE">0,000</transize><dssize Sync="TRUE">0,000</dssize></digtinfo></digform></stdorder></distinfo><distInfo><distributor><distorTran><onLineSrc><orDesc Sync="TRUE">002</orDesc><linkage Sync="TRUE">file://\\CARTGEO02\D\CARTGEO_D_WILIAMS\DEMANADAS\INTERNAS\GERN_WILIAMS_D\LIMITES_DSG\MDB\Limites_Municipais_BA.gdb</linkage><protocol Sync="TRUE">Local Area Network</protocol></onLineSrc><transSize Sync="TRUE">0,000</transSize></distorTran><distorFormat><formatName Sync="TRUE">File Geodatabase Feature Class</formatName></distorFormat></distributor><distFormat><formatName Sync="TRUE">Shapefile</formatName></distFormat><distTranOps><transSize Sync="TRUE">12.873</transSize></distTranOps></distInfo><spdoinfo><direct Sync="TRUE">Vector</direct><ptvctinf><esriterm><efeatyp Sync="TRUE">Simple</efeatyp><efeageom code="4" Sync="TRUE"></efeageom><esritopo Sync="TRUE">FALSE</esritopo><efeacnt Sync="TRUE">417</efeacnt><spindex Sync="TRUE">FALSE</spindex><linrefer Sync="TRUE">FALSE</linrefer></esriterm></ptvctinf></spdoinfo><spref><horizsys><cordsysn><geogcsn Sync="TRUE">GCS_WGS_1984</geogcsn></cordsysn><geograph><geogunit Sync="TRUE">Decimal degrees</geogunit><latres Sync="TRUE">0.000000</latres><longres Sync="TRUE">0.000000</longres></geograph><geodetic><horizdn Sync="TRUE">D_WGS_1984</horizdn><ellips Sync="TRUE">WGS_1984</ellips><semiaxis Sync="TRUE">6378137.000000</semiaxis><denflat Sync="TRUE">298.257224</denflat></geodetic></horizsys><vertdef><altsys><altenc Sync="TRUE">Explicit elevation coordinate included with horizontal coordinates</altenc><altres Sync="TRUE">0.000100</altres></altsys></vertdef></spref><refSysInfo><RefSystem><refSysID><identCode Sync="TRUE" code="4674" value="4674">GCS_WGS_1984</identCode><idCodeSpace Sync="TRUE">EPSG</idCodeSpace><idVersion Sync="TRUE">7.4.1</idVersion></refSysID></RefSystem></refSysInfo><spatRepInfo><VectSpatRep><geometObjs Name="ATUALIZAÇÃO_DVPA_BA_LEI_12057_Poligono"><geoObjTyp><GeoObjTypCd value="002" Sync="TRUE"></GeoObjTypCd></geoObjTyp><geoObjCnt Sync="TRUE">417</geoObjCnt></geometObjs><topLvl><TopoLevCd value="001" Sync="TRUE"></TopoLevCd></topLvl></VectSpatRep></spatRepInfo><eainfo><detailed Name="ATUALIZAÇÃO_DVPA_BA_LEI_12057_Poligono"><enttyp><enttypl Sync="TRUE">ATUALIZAÇÃO_DVPA_BA_LEI_12057_Poligono</enttypl><enttypt Sync="TRUE">Feature Class</enttypt><enttypc Sync="TRUE">417</enttypc></enttyp><attr><attrlabl Sync="TRUE">FID</attrlabl><attalias Sync="TRUE">FID</attalias><attrtype Sync="TRUE">OID</attrtype><attwidth Sync="TRUE">4</attwidth><atprecis Sync="TRUE">0</atprecis><attscale Sync="TRUE">0</attscale><attrdef Sync="TRUE">Internal feature number.</attrdef><attrdefs Sync="TRUE">ESRI</attrdefs><attrdomv><udom Sync="TRUE">Sequential unique whole numbers that are automatically generated.</udom></attrdomv></attr><attr><attrlabl Sync="TRUE">Shape</attrlabl><attalias Sync="TRUE">Shape</attalias><attrtype Sync="TRUE">Geometry</attrtype><attwidth Sync="TRUE">0</attwidth><atprecis Sync="TRUE">0</atprecis><attscale Sync="TRUE">0</attscale><attrdef Sync="TRUE">Feature geometry.</attrdef><attrdefs Sync="TRUE">ESRI</attrdefs><attrdomv><udom Sync="TRUE">Coordinates defining the features.</udom></attrdomv></attr><attr><attrlabl Sync="TRUE">MUNICIPIO</attrlabl><attalias Sync="TRUE">MUNICIPIO</attalias><attrtype Sync="TRUE">String</attrtype><attwidth Sync="TRUE">100</attwidth><atprecis Sync="TRUE">0</atprecis><attscale Sync="TRUE">0</attscale></attr><attr><attrlabl Sync="TRUE">COD_IBGE</attrlabl><attalias Sync="TRUE">COD_IBGE</attalias><attrtype Sync="TRUE">String</attrtype><attwidth Sync="TRUE">20</attwidth><atprecis Sync="TRUE">0</atprecis><attscale Sync="TRUE">0</attscale></attr><attr><attrlabl Sync="TRUE">Territorio</attrlabl><attalias Sync="TRUE">Territorio</attalias><attrtype Sync="TRUE">String</attrtype><attwidth Sync="TRUE">254</attwidth><atprecis Sync="TRUE">0</atprecis><attscale Sync="TRUE">0</attscale></attr></detailed></eainfo><mdDateSt Sync="TRUE">20130708</mdDateSt></metadata>
