<?xml version="1.0"?>
<!--<!DOCTYPE metadata SYSTEM "http://www.esri.com/metadata/esriprof80.dtd">-->
<metadata xml:lang="pt"><Esri><CreaDate>20210512</CreaDate><CreaTime>10502900</CreaTime><SyncOnce>FALSE</SyncOnce><SyncDate>20140318</SyncDate><SyncTime>17021800</SyncTime><ModDate>20140318</ModDate><ModTime>17021800</ModTime><DataProperties><lineage><Process ToolSource="C:\Arquivos de programas\ArcGIS\ArcToolbox\Toolboxes\Data Management Tools.tbx\Merge" Date="20120105" Time="135435">Merge 'G:\GEOPROCESSAMENTO - CARTOGRAFIA\PROJETOS SIG\CADASTRO DE LOGRADOUROS\EIXOS DE LOGRADOURO\BAIRRO_MANGABEIRA_CORRECAO.shp';'G:\GEOPROCESSAMENTO - CARTOGRAFIA\PROJETOS SIG\CADASTRO DE LOGRADOUROS\EIXOS DE LOGRADOURO\BAIRRO_MUCUMAGRO_CORRECAO.shp';'G:\GEOPROCESSAMENTO - CARTOGRAFIA\PROJETOS SIG\CADASTRO DE LOGRADOUROS\EIXOS DE LOGRADOURO\BAIRRO_PENHA_CORRECAO.shp';'G:\GEOPROCESSAMENTO - CARTOGRAFIA\PROJETOS SIG\CADASTRO DE LOGRADOUROS\EIXOS DE LOGRADOURO\BAIRRO_PLANALTO_DA_BOA_ESPERANCA_CORRECAO.shp';'G:\GEOPROCESSAMENTO - CARTOGRAFIA\PROJETOS SIG\CADASTRO DE LOGRADOUROS\EIXOS DE LOGRADOURO\BAIRRO_PONTA_DO_SEIXAS_CORRECAO.shp';'G:\GEOPROCESSAMENTO - CARTOGRAFIA\PROJETOS SIG\CADASTRO DE LOGRADOUROS\EIXOS DE LOGRADOURO\BAIRRO_PORTAL_DO_SOL_CORRECAO.shp';'G:\GEOPROCESSAMENTO - CARTOGRAFIA\PROJETOS SIG\CADASTRO DE LOGRADOUROS\EIXOS DE LOGRADOURO\BAIRRO_ROGER_CORRECAO.shp';'G:\GEOPROCESSAMENTO - CARTOGRAFIA\PROJETOS SIG\CADASTRO DE LOGRADOUROS\EIXOS DE LOGRADOURO\BAIRRO_SAO_JOSE_CORRECAO.shp';'G:\GEOPROCESSAMENTO - CARTOGRAFIA\PROJETOS SIG\CADASTRO DE LOGRADOUROS\EIXOS DE LOGRADOURO\BAIRRO_TREZE_DE_MAIO_CORRECAO.shp';'G:\GEOPROCESSAMENTO - CARTOGRAFIA\PROJETOS SIG\CADASTRO DE LOGRADOUROS\EIXOS DE LOGRADOURO\BAIRRO_VALENTINA_DE_FIGUEIREDO_CORRECAO.shp';'G:\GEOPROCESSAMENTO - CARTOGRAFIA\PROJETOS SIG\CADASTRO DE LOGRADOUROS\EIXOS DE LOGRADOURO\BAIRRO_VARADOURO_CORRECAO.shp';'G:\GEOPROCESSAMENTO - CARTOGRAFIA\PROJETOS SIG\CADASTRO DE LOGRADOUROS\EIXOS DE LOGRADOURO\lOCALIDADE_BARRA_DE_GRAMAME_CORRECAO.shp';'G:\GEOPROCESSAMENTO - CARTOGRAFIA\PROJETOS SIG\CADASTRO DE LOGRADOUROS\EIXOS DE LOGRADOURO\LOCALIDADE_GRAMAME_CORRECAO.shp';'G:\GEOPROCESSAMENTO - CARTOGRAFIA\PROJETOS SIG\CADASTRO DE LOGRADOUROS\EIXOS DE LOGRADOURO\LOCALIDADE_MUMBABA_CORRECAO.shp';'G:\GEOPROCESSAMENTO - CARTOGRAFIA\PROJETOS SIG\CADASTRO DE LOGRADOUROS\EIXOS DE LOGRADOURO\LOGRADOUROS_ALTIPLANO_CABO_BRANCO.shp';'G:\GEOPROCESSAMENTO - CARTOGRAFIA\PROJETOS SIG\CADASTRO DE LOGRADOUROS\EIXOS DE LOGRADOURO\LOGRADOUROS_PARATIBE.shp' "C:\Documents and Settings\gjsilva\Meus documentos\CORREÇÃO CAMPOS_LOGRADOUROS\MERGE_BAIRROS.shp" "COD_LOGR 'COD_LOGR' true true false 4 Text 0 0 ,First,#,G:\GEOPROCESSAMENTO - CARTOGRAFIA\PROJETOS SIG\CADASTRO DE LOGRADOUROS\EIXOS DE LOGRADOURO\BAIRRO_MANGABEIRA_CORRECAO.shp,COD_LOGR,-1,-1,G:\GEOPROCESSAMENTO - CARTOGRAFIA\PROJETOS SIG\CADASTRO DE LOGRADOUROS\EIXOS DE LOGRADOURO\BAIRRO_MUCUMAGRO_CORRECAO.shp,COD_LOGR,-1,-1,G:\GEOPROCESSAMENTO - CARTOGRAFIA\PROJETOS SIG\CADASTRO DE LOGRADOUROS\EIXOS DE LOGRADOURO\BAIRRO_PENHA_CORRECAO.shp,COD_LOGR,-1,-1,G:\GEOPROCESSAMENTO - CARTOGRAFIA\PROJETOS SIG\CADASTRO DE LOGRADOUROS\EIXOS DE LOGRADOURO\BAIRRO_PLANALTO_DA_BOA_ESPERANCA_CORRECAO.shp,COD_LOGR,-1,-1,G:\GEOPROCESSAMENTO - CARTOGRAFIA\PROJETOS SIG\CADASTRO DE LOGRADOUROS\EIXOS DE LOGRADOURO\BAIRRO_PONTA_DO_SEIXAS_CORRECAO.shp,COD_LOGR,-1,-1,G:\GEOPROCESSAMENTO - CARTOGRAFIA\PROJETOS SIG\CADASTRO DE LOGRADOUROS\EIXOS DE LOGRADOURO\BAIRRO_PORTAL_DO_SOL_CORRECAO.shp,COD_LOGR,-1,-1,G:\GEOPROCESSAMENTO - CARTOGRAFIA\PROJETOS SIG\CADASTRO DE LOGRADOUROS\EIXOS DE LOGRADOURO\BAIRRO_ROGER_CORRECAO.shp,COD_LOGR,-1,-1,G:\GEOPROCESSAMENTO - CARTOGRAFIA\PROJETOS SIG\CADASTRO DE LOGRADOUROS\EIXOS DE LOGRADOURO\BAIRRO_SAO_JOSE_CORRECAO.shp,COD_LOGR,-1,-1,G:\GEOPROCESSAMENTO - CARTOGRAFIA\PROJETOS SIG\CADASTRO DE LOGRADOUROS\EIXOS DE LOGRADOURO\BAIRRO_TREZE_DE_MAIO_CORRECAO.shp,COD_LOGR,-1,-1,G:\GEOPROCESSAMENTO - CARTOGRAFIA\PROJETOS SIG\CADASTRO DE LOGRADOUROS\EIXOS DE LOGRADOURO\BAIRRO_VALENTINA_DE_FIGUEIREDO_CORRECAO.shp,COD_LOGR,-1,-1,G:\GEOPROCESSAMENTO - CARTOGRAFIA\PROJETOS SIG\CADASTRO DE LOGRADOUROS\EIXOS DE LOGRADOURO\BAIRRO_VARADOURO_CORRECAO.shp,COD_LOGR,-1,-1,G:\GEOPROCESSAMENTO - CARTOGRAFIA\PROJETOS SIG\CADASTRO DE LOGRADOUROS\EIXOS DE LOGRADOURO\lOCALIDADE_BARRA_DE_GRAMAME_CORRECAO.shp,COD_LOGR,-1,-1,G:\GEOPROCESSAMENTO - CARTOGRAFIA\PROJETOS SIG\CADASTRO DE LOGRADOUROS\EIXOS DE LOGRADOURO\LOCALIDADE_GRAMAME_CORRECAO.shp,COD_LOGR,-1,-1,G:\GEOPROCESSAMENTO - CARTOGRAFIA\PROJETOS SIG\CADASTRO DE LOGRADOUROS\EIXOS DE LOGRADOURO\LOCALIDADE_MUMBABA_CORRECAO.shp,COD_LOGR,-1,-1,G:\GEOPROCESSAMENTO - CARTOGRAFIA\PROJETOS SIG\CADASTRO DE LOGRADOUROS\EIXOS DE LOGRADOURO\LOGRADOUROS_ALTIPLANO_CABO_BRANCO.shp,COD_LOGR,-1,-1,G:\GEOPROCESSAMENTO - CARTOGRAFIA\PROJETOS SIG\CADASTRO DE LOGRADOUROS\EIXOS DE LOGRADOURO\LOGRADOUROS_PARATIBE.shp,COD_LOGR,-1,-1;TRECHO 'TRECHO' true true false 6 Text 0 0 ,First,#,G:\GEOPROCESSAMENTO - CARTOGRAFIA\PROJETOS SIG\CADASTRO DE LOGRADOUROS\EIXOS DE LOGRADOURO\BAIRRO_MANGABEIRA_CORRECAO.shp,TRECHO,-1,-1,G:\GEOPROCESSAMENTO - CARTOGRAFIA\PROJETOS SIG\CADASTRO DE LOGRADOUROS\EIXOS DE LOGRADOURO\BAIRRO_MUCUMAGRO_CORRECAO.shp,TRECHO,-1,-1,G:\GEOPROCESSAMENTO - CARTOGRAFIA\PROJETOS SIG\CADASTRO DE LOGRADOUROS\EIXOS DE LOGRADOURO\BAIRRO_PENHA_CORRECAO.shp,TRECHO,-1,-1,G:\GEOPROCESSAMENTO - CARTOGRAFIA\PROJETOS SIG\CADASTRO DE LOGRADOUROS\EIXOS DE LOGRADOURO\BAIRRO_PLANALTO_DA_BOA_ESPERANCA_CORRECAO.shp,TRECHO,-1,-1,G:\GEOPROCESSAMENTO - CARTOGRAFIA\PROJETOS SIG\CADASTRO DE LOGRADOUROS\EIXOS DE LOGRADOURO\BAIRRO_PONTA_DO_SEIXAS_CORRECAO.shp,TRECHO,-1,-1,G:\GEOPROCESSAMENTO - CARTOGRAFIA\PROJETOS SIG\CADASTRO DE LOGRADOUROS\EIXOS DE LOGRADOURO\BAIRRO_PORTAL_DO_SOL_CORRECAO.shp,TRECHO,-1,-1,G:\GEOPROCESSAMENTO - CARTOGRAFIA\PROJETOS SIG\CADASTRO DE LOGRADOUROS\EIXOS DE LOGRADOURO\BAIRRO_ROGER_CORRECAO.shp,TRECHO,-1,-1,G:\GEOPROCESSAMENTO - CARTOGRAFIA\PROJETOS SIG\CADASTRO DE LOGRADOUROS\EIXOS DE LOGRADOURO\BAIRRO_SAO_JOSE_CORRECAO.shp,TRECHO,-1,-1,G:\GEOPROCESSAMENTO - CARTOGRAFIA\PROJETOS SIG\CADASTRO DE LOGRADOUROS\EIXOS DE LOGRADOURO\BAIRRO_TREZE_DE_MAIO_CORRECAO.shp,TRECHO,-1,-1,G:\GEOPROCESSAMENTO - CARTOGRAFIA\PROJETOS SIG\CADASTRO DE LOGRADOUROS\EIXOS DE LOGRADOURO\BAIRRO_VALENTINA_DE_FIGUEIREDO_CORRECAO.shp,TRECHO,-1,-1,G:\GEOPROCESSAMENTO - CARTOGRAFIA\PROJETOS SIG\CADASTRO DE LOGRADOUROS\EIXOS DE LOGRADOURO\BAIRRO_VARADOURO_CORRECAO.shp,TRECHO,-1,-1,G:\GEOPROCESSAMENTO - CARTOGRAFIA\PROJETOS SIG\CADASTRO DE LOGRADOUROS\EIXOS DE LOGRADOURO\lOCALIDADE_BARRA_DE_GRAMAME_CORRECAO.shp,TRECHO,-1,-1,G:\GEOPROCESSAMENTO - CARTOGRAFIA\PROJETOS SIG\CADASTRO DE LOGRADOUROS\EIXOS DE LOGRADOURO\LOCALIDADE_GRAMAME_CORRECAO.shp,TRECHO,-1,-1,G:\GEOPROCESSAMENTO - CARTOGRAFIA\PROJETOS SIG\CADASTRO DE LOGRADOUROS\EIXOS DE LOGRADOURO\LOCALIDADE_MUMBABA_CORRECAO.shp,TRECHO,-1,-1,G:\GEOPROCESSAMENTO - CARTOGRAFIA\PROJETOS SIG\CADASTRO DE LOGRADOUROS\EIXOS DE LOGRADOURO\LOGRADOUROS_ALTIPLANO_CABO_BRANCO.shp,TRECHO,-1,-1,G:\GEOPROCESSAMENTO - CARTOGRAFIA\PROJETOS SIG\CADASTRO DE LOGRADOUROS\EIXOS DE LOGRADOURO\LOGRADOUROS_PARATIBE.shp,TRECHO,-1,-1;NOME_LOGR 'NOME_LOGR' true true false 100 Text 0 0 ,First,#,G:\GEOPROCESSAMENTO - CARTOGRAFIA\PROJETOS SIG\CADASTRO DE LOGRADOUROS\EIXOS DE LOGRADOURO\BAIRRO_MANGABEIRA_CORRECAO.shp,NOME_LOGR,-1,-1,G:\GEOPROCESSAMENTO - CARTOGRAFIA\PROJETOS SIG\CADASTRO DE LOGRADOUROS\EIXOS DE LOGRADOURO\BAIRRO_MUCUMAGRO_CORRECAO.shp,NOME_LOGR,-1,-1,G:\GEOPROCESSAMENTO - CARTOGRAFIA\PROJETOS SIG\CADASTRO DE LOGRADOUROS\EIXOS DE LOGRADOURO\BAIRRO_PENHA_CORRECAO.shp,NOME_LOGR,-1,-1,G:\GEOPROCESSAMENTO - CARTOGRAFIA\PROJETOS SIG\CADASTRO DE LOGRADOUROS\EIXOS DE LOGRADOURO\BAIRRO_PLANALTO_DA_BOA_ESPERANCA_CORRECAO.shp,NOME_LOGR,-1,-1,G:\GEOPROCESSAMENTO - CARTOGRAFIA\PROJETOS SIG\CADASTRO DE LOGRADOUROS\EIXOS DE LOGRADOURO\BAIRRO_PONTA_DO_SEIXAS_CORRECAO.shp,NOME_LOGR,-1,-1,G:\GEOPROCESSAMENTO - CARTOGRAFIA\PROJETOS SIG\CADASTRO DE LOGRADOUROS\EIXOS DE LOGRADOURO\BAIRRO_PORTAL_DO_SOL_CORRECAO.shp,NOME_LOGR,-1,-1,G:\GEOPROCESSAMENTO - CARTOGRAFIA\PROJETOS SIG\CADASTRO DE LOGRADOUROS\EIXOS DE LOGRADOURO\BAIRRO_ROGER_CORRECAO.shp,NOME_LOGR,-1,-1,G:\GEOPROCESSAMENTO - CARTOGRAFIA\PROJETOS SIG\CADASTRO DE LOGRADOUROS\EIXOS DE LOGRADOURO\BAIRRO_SAO_JOSE_CORRECAO.shp,NOME_LOGR,-1,-1,G:\GEOPROCESSAMENTO - CARTOGRAFIA\PROJETOS SIG\CADASTRO DE LOGRADOUROS\EIXOS DE LOGRADOURO\BAIRRO_TREZE_DE_MAIO_CORRECAO.shp,NOME_LOGR,-1,-1,G:\GEOPROCESSAMENTO - CARTOGRAFIA\PROJETOS SIG\CADASTRO DE LOGRADOUROS\EIXOS DE LOGRADOURO\BAIRRO_VALENTINA_DE_FIGUEIREDO_CORRECAO.shp,NOME_LOGR,-1,-1,G:\GEOPROCESSAMENTO - CARTOGRAFIA\PROJETOS SIG\CADASTRO DE LOGRADOUROS\EIXOS DE LOGRADOURO\BAIRRO_VARADOURO_CORRECAO.shp,NOME_LOGR,-1,-1,G:\GEOPROCESSAMENTO - CARTOGRAFIA\PROJETOS SIG\CADASTRO DE LOGRADOUROS\EIXOS DE LOGRADOURO\lOCALIDADE_BARRA_DE_GRAMAME_CORRECAO.shp,NOME_LOGR,-1,-1,G:\GEOPROCESSAMENTO - CARTOGRAFIA\PROJETOS SIG\CADASTRO DE LOGRADOUROS\EIXOS DE LOGRADOURO\LOCALIDADE_GRAMAME_CORRECAO.shp,NOME_LOGR,-1,-1,G:\GEOPROCESSAMENTO - CARTOGRAFIA\PROJETOS SIG\CADASTRO DE LOGRADOUROS\EIXOS DE LOGRADOURO\LOCALIDADE_MUMBABA_CORRECAO.shp,NOME_LOGR,-1,-1,G:\GEOPROCESSAMENTO - CARTOGRAFIA\PROJETOS SIG\CADASTRO DE LOGRADOUROS\EIXOS DE LOGRADOURO\LOGRADOUROS_ALTIPLANO_CABO_BRANCO.shp,NOME_LOGR,-1,-1,G:\GEOPROCESSAMENTO - CARTOGRAFIA\PROJETOS SIG\CADASTRO DE LOGRADOUROS\EIXOS DE LOGRADOURO\LOGRADOUROS_PARATIBE.shp,NOME_LOGR,-1,-1;PAVIMENTAC 'PAVIMENTAC' true true false 50 Text 0 0 ,First,#,G:\GEOPROCESSAMENTO - CARTOGRAFIA\PROJETOS SIG\CADASTRO DE LOGRADOUROS\EIXOS DE LOGRADOURO\BAIRRO_MANGABEIRA_CORRECAO.shp,PAVIMENTAC,-1,-1,G:\GEOPROCESSAMENTO - CARTOGRAFIA\PROJETOS SIG\CADASTRO DE LOGRADOUROS\EIXOS DE LOGRADOURO\BAIRRO_MUCUMAGRO_CORRECAO.shp,PAVIMENTAC,-1,-1,G:\GEOPROCESSAMENTO - CARTOGRAFIA\PROJETOS SIG\CADASTRO DE LOGRADOUROS\EIXOS DE LOGRADOURO\BAIRRO_PENHA_CORRECAO.shp,PAVIMENTAC,-1,-1,G:\GEOPROCESSAMENTO - CARTOGRAFIA\PROJETOS SIG\CADASTRO DE LOGRADOUROS\EIXOS DE LOGRADOURO\BAIRRO_PLANALTO_DA_BOA_ESPERANCA_CORRECAO.shp,PAVIMENTAC,-1,-1,G:\GEOPROCESSAMENTO - CARTOGRAFIA\PROJETOS SIG\CADASTRO DE LOGRADOUROS\EIXOS DE LOGRADOURO\BAIRRO_PONTA_DO_SEIXAS_CORRECAO.shp,PAVIMENTAC,-1,-1,G:\GEOPROCESSAMENTO - CARTOGRAFIA\PROJETOS SIG\CADASTRO DE LOGRADOUROS\EIXOS DE LOGRADOURO\BAIRRO_PORTAL_DO_SOL_CORRECAO.shp,PAVIMENTAC,-1,-1,G:\GEOPROCESSAMENTO - CARTOGRAFIA\PROJETOS SIG\CADASTRO DE LOGRADOUROS\EIXOS DE LOGRADOURO\BAIRRO_ROGER_CORRECAO.shp,PAVIMENTAC,-1,-1,G:\GEOPROCESSAMENTO - CARTOGRAFIA\PROJETOS SIG\CADASTRO DE LOGRADOUROS\EIXOS DE LOGRADOURO\BAIRRO_SAO_JOSE_CORRECAO.shp,PAVIMENTAC,-1,-1,G:\GEOPROCESSAMENTO - CARTOGRAFIA\PROJETOS SIG\CADASTRO DE LOGRADOUROS\EIXOS DE LOGRADOURO\BAIRRO_TREZE_DE_MAIO_CORRECAO.shp,PAVIMENTAC,-1,-1,G:\GEOPROCESSAMENTO - CARTOGRAFIA\PROJETOS SIG\CADASTRO DE LOGRADOUROS\EIXOS DE LOGRADOURO\BAIRRO_VALENTINA_DE_FIGUEIREDO_CORRECAO.shp,PAVIMENTAC,-1,-1,G:\GEOPROCESSAMENTO - CARTOGRAFIA\PROJETOS SIG\CADASTRO DE LOGRADOUROS\EIXOS DE LOGRADOURO\BAIRRO_VARADOURO_CORRECAO.shp,PAVIMENTAC,-1,-1,G:\GEOPROCESSAMENTO - CARTOGRAFIA\PROJETOS SIG\CADASTRO DE LOGRADOUROS\EIXOS DE LOGRADOURO\lOCALIDADE_BARRA_DE_GRAMAME_CORRECAO.shp,PAVIMENTAC,-1,-1,G:\GEOPROCESSAMENTO - CARTOGRAFIA\PROJETOS SIG\CADASTRO DE LOGRADOUROS\EIXOS DE LOGRADOURO\LOCALIDADE_GRAMAME_CORRECAO.shp,PAVIMENTAC,-1,-1,G:\GEOPROCESSAMENTO - CARTOGRAFIA\PROJETOS SIG\CADASTRO DE LOGRADOUROS\EIXOS DE LOGRADOURO\LOCALIDADE_MUMBABA_CORRECAO.shp,PAVIMENTAC,-1,-1,G:\GEOPROCESSAMENTO - CARTOGRAFIA\PROJETOS SIG\CADASTRO DE LOGRADOUROS\EIXOS DE LOGRADOURO\LOGRADOUROS_ALTIPLANO_CABO_BRANCO.shp,PAVIMENTAC,-1,-1,G:\GEOPROCESSAMENTO - CARTOGRAFIA\PROJETOS SIG\CADASTRO DE LOGRADOUROS\EIXOS DE LOGRADOURO\LOGRADOUROS_PARATIBE.shp,PAVIMENTAC,-1,-1;PLACA_LOGR 'PLACA_LOGR' true true false 3 Text 0 0 ,First,#,G:\GEOPROCESSAMENTO - CARTOGRAFIA\PROJETOS SIG\CADASTRO DE LOGRADOUROS\EIXOS DE LOGRADOURO\BAIRRO_MANGABEIRA_CORRECAO.shp,PLACA_LOGR,-1,-1,G:\GEOPROCESSAMENTO - CARTOGRAFIA\PROJETOS SIG\CADASTRO DE LOGRADOUROS\EIXOS DE LOGRADOURO\BAIRRO_MUCUMAGRO_CORRECAO.shp,PLACA_LOGR,-1,-1,G:\GEOPROCESSAMENTO - CARTOGRAFIA\PROJETOS SIG\CADASTRO DE LOGRADOUROS\EIXOS DE LOGRADOURO\BAIRRO_PENHA_CORRECAO.shp,PLACA_LOGR,-1,-1,G:\GEOPROCESSAMENTO - CARTOGRAFIA\PROJETOS SIG\CADASTRO DE LOGRADOUROS\EIXOS DE LOGRADOURO\BAIRRO_PLANALTO_DA_BOA_ESPERANCA_CORRECAO.shp,PLACA_LOGR,-1,-1,G:\GEOPROCESSAMENTO - CARTOGRAFIA\PROJETOS SIG\CADASTRO DE LOGRADOUROS\EIXOS DE LOGRADOURO\BAIRRO_PONTA_DO_SEIXAS_CORRECAO.shp,PLACA_LOGR,-1,-1,G:\GEOPROCESSAMENTO - CARTOGRAFIA\PROJETOS SIG\CADASTRO DE LOGRADOUROS\EIXOS DE LOGRADOURO\BAIRRO_PORTAL_DO_SOL_CORRECAO.shp,PLACA_LOGR,-1,-1,G:\GEOPROCESSAMENTO - CARTOGRAFIA\PROJETOS SIG\CADASTRO DE LOGRADOUROS\EIXOS DE LOGRADOURO\BAIRRO_ROGER_CORRECAO.shp,PLACA_LOGR,-1,-1,G:\GEOPROCESSAMENTO - CARTOGRAFIA\PROJETOS SIG\CADASTRO DE LOGRADOUROS\EIXOS DE LOGRADOURO\BAIRRO_SAO_JOSE_CORRECAO.shp,PLACA_LOGR,-1,-1,G:\GEOPROCESSAMENTO - CARTOGRAFIA\PROJETOS SIG\CADASTRO DE LOGRADOUROS\EIXOS DE LOGRADOURO\BAIRRO_TREZE_DE_MAIO_CORRECAO.shp,PLACA_LOGR,-1,-1,G:\GEOPROCESSAMENTO - CARTOGRAFIA\PROJETOS SIG\CADASTRO DE LOGRADOUROS\EIXOS DE LOGRADOURO\BAIRRO_VALENTINA_DE_FIGUEIREDO_CORRECAO.shp,PLACA_LOGR,-1,-1,G:\GEOPROCESSAMENTO - CARTOGRAFIA\PROJETOS SIG\CADASTRO DE LOGRADOUROS\EIXOS DE LOGRADOURO\BAIRRO_VARADOURO_CORRECAO.shp,PLACA_LOGR,-1,-1,G:\GEOPROCESSAMENTO - CARTOGRAFIA\PROJETOS SIG\CADASTRO DE LOGRADOUROS\EIXOS DE LOGRADOURO\lOCALIDADE_BARRA_DE_GRAMAME_CORRECAO.shp,PLACA_LOGR,-1,-1,G:\GEOPROCESSAMENTO - CARTOGRAFIA\PROJETOS SIG\CADASTRO DE LOGRADOUROS\EIXOS DE LOGRADOURO\LOCALIDADE_GRAMAME_CORRECAO.shp,PLACA_LOGR,-1,-1,G:\GEOPROCESSAMENTO - CARTOGRAFIA\PROJETOS SIG\CADASTRO DE LOGRADOUROS\EIXOS DE LOGRADOURO\LOCALIDADE_MUMBABA_CORRECAO.shp,PLACA_LOGR,-1,-1,G:\GEOPROCESSAMENTO - CARTOGRAFIA\PROJETOS SIG\CADASTRO DE LOGRADOUROS\EIXOS DE LOGRADOURO\LOGRADOUROS_ALTIPLANO_CABO_BRANCO.shp,PLACA_LOGR,-1,-1,G:\GEOPROCESSAMENTO - CARTOGRAFIA\PROJETOS SIG\CADASTRO DE LOGRADOUROS\EIXOS DE LOGRADOURO\LOGRADOUROS_PARATIBE.shp,PLACA_LOGR,-1,-1;PLACA_TREC 'PLACA_TREC' true true false 3 Text 0 0 ,First,#,G:\GEOPROCESSAMENTO - CARTOGRAFIA\PROJETOS SIG\CADASTRO DE LOGRADOUROS\EIXOS DE LOGRADOURO\BAIRRO_MANGABEIRA_CORRECAO.shp,PLACA_TREC,-1,-1,G:\GEOPROCESSAMENTO - CARTOGRAFIA\PROJETOS SIG\CADASTRO DE LOGRADOUROS\EIXOS DE LOGRADOURO\BAIRRO_MUCUMAGRO_CORRECAO.shp,PLACA_TREC,-1,-1,G:\GEOPROCESSAMENTO - CARTOGRAFIA\PROJETOS SIG\CADASTRO DE LOGRADOUROS\EIXOS DE LOGRADOURO\BAIRRO_PENHA_CORRECAO.shp,PLACA_TREC,-1,-1,G:\GEOPROCESSAMENTO - CARTOGRAFIA\PROJETOS SIG\CADASTRO DE LOGRADOUROS\EIXOS DE LOGRADOURO\BAIRRO_PLANALTO_DA_BOA_ESPERANCA_CORRECAO.shp,PLACA_TREC,-1,-1,G:\GEOPROCESSAMENTO - CARTOGRAFIA\PROJETOS SIG\CADASTRO DE LOGRADOUROS\EIXOS DE LOGRADOURO\BAIRRO_PONTA_DO_SEIXAS_CORRECAO.shp,PLACA_TREC,-1,-1,G:\GEOPROCESSAMENTO - CARTOGRAFIA\PROJETOS SIG\CADASTRO DE LOGRADOUROS\EIXOS DE LOGRADOURO\BAIRRO_PORTAL_DO_SOL_CORRECAO.shp,PLACA_TREC,-1,-1,G:\GEOPROCESSAMENTO - CARTOGRAFIA\PROJETOS SIG\CADASTRO DE LOGRADOUROS\EIXOS DE LOGRADOURO\BAIRRO_ROGER_CORRECAO.shp,PLACA_TREC,-1,-1,G:\GEOPROCESSAMENTO - CARTOGRAFIA\PROJETOS SIG\CADASTRO DE LOGRADOUROS\EIXOS DE LOGRADOURO\BAIRRO_SAO_JOSE_CORRECAO.shp,PLACA_TREC,-1,-1,G:\GEOPROCESSAMENTO - CARTOGRAFIA\PROJETOS SIG\CADASTRO DE LOGRADOUROS\EIXOS DE LOGRADOURO\BAIRRO_TREZE_DE_MAIO_CORRECAO.shp,PLACA_TREC,-1,-1,G:\GEOPROCESSAMENTO - CARTOGRAFIA\PROJETOS SIG\CADASTRO DE LOGRADOUROS\EIXOS DE LOGRADOURO\BAIRRO_VALENTINA_DE_FIGUEIREDO_CORRECAO.shp,PLACA_TREC,-1,-1,G:\GEOPROCESSAMENTO - CARTOGRAFIA\PROJETOS SIG\CADASTRO DE LOGRADOUROS\EIXOS DE LOGRADOURO\BAIRRO_VARADOURO_CORRECAO.shp,PLACA_TREC,-1,-1,G:\GEOPROCESSAMENTO - CARTOGRAFIA\PROJETOS SIG\CADASTRO DE LOGRADOUROS\EIXOS DE LOGRADOURO\lOCALIDADE_BARRA_DE_GRAMAME_CORRECAO.shp,PLACA_TREC,-1,-1,G:\GEOPROCESSAMENTO - CARTOGRAFIA\PROJETOS SIG\CADASTRO DE LOGRADOUROS\EIXOS DE LOGRADOURO\LOCALIDADE_GRAMAME_CORRECAO.shp,PLACA_TREC,-1,-1,G:\GEOPROCESSAMENTO - CARTOGRAFIA\PROJETOS SIG\CADASTRO DE LOGRADOUROS\EIXOS DE LOGRADOURO\LOCALIDADE_MUMBABA_CORRECAO.shp,PLACA_TREC,-1,-1,G:\GEOPROCESSAMENTO - CARTOGRAFIA\PROJETOS SIG\CADASTRO DE LOGRADOUROS\EIXOS DE LOGRADOURO\LOGRADOUROS_ALTIPLANO_CABO_BRANCO.shp,PLACA_TREC,-1,-1,G:\GEOPROCESSAMENTO - CARTOGRAFIA\PROJETOS SIG\CADASTRO DE LOGRADOUROS\EIXOS DE LOGRADOURO\LOGRADOUROS_PARATIBE.shp,PLACA_TREC,-1,-1;SENT_PREEN 'SENT_PREEN' true true false 1 Text 0 0 ,First,#,G:\GEOPROCESSAMENTO - CARTOGRAFIA\PROJETOS SIG\CADASTRO DE LOGRADOUROS\EIXOS DE LOGRADOURO\BAIRRO_MANGABEIRA_CORRECAO.shp,SENT_PREEN,-1,-1,G:\GEOPROCESSAMENTO - CARTOGRAFIA\PROJETOS SIG\CADASTRO DE LOGRADOUROS\EIXOS DE LOGRADOURO\BAIRRO_MUCUMAGRO_CORRECAO.shp,SENT_PREEN,-1,-1,G:\GEOPROCESSAMENTO - CARTOGRAFIA\PROJETOS SIG\CADASTRO DE LOGRADOUROS\EIXOS DE LOGRADOURO\BAIRRO_PENHA_CORRECAO.shp,SENT_PREEN,-1,-1,G:\GEOPROCESSAMENTO - CARTOGRAFIA\PROJETOS SIG\CADASTRO DE LOGRADOUROS\EIXOS DE LOGRADOURO\BAIRRO_PLANALTO_DA_BOA_ESPERANCA_CORRECAO.shp,SENT_PREEN,-1,-1,G:\GEOPROCESSAMENTO - CARTOGRAFIA\PROJETOS SIG\CADASTRO DE LOGRADOUROS\EIXOS DE LOGRADOURO\BAIRRO_PONTA_DO_SEIXAS_CORRECAO.shp,SENT_PREEN,-1,-1,G:\GEOPROCESSAMENTO - CARTOGRAFIA\PROJETOS SIG\CADASTRO DE LOGRADOUROS\EIXOS DE LOGRADOURO\BAIRRO_PORTAL_DO_SOL_CORRECAO.shp,SENT_PREEN,-1,-1,G:\GEOPROCESSAMENTO - CARTOGRAFIA\PROJETOS SIG\CADASTRO DE LOGRADOUROS\EIXOS DE LOGRADOURO\BAIRRO_ROGER_CORRECAO.shp,SENT_PREEN,-1,-1,G:\GEOPROCESSAMENTO - CARTOGRAFIA\PROJETOS SIG\CADASTRO DE LOGRADOUROS\EIXOS DE LOGRADOURO\BAIRRO_SAO_JOSE_CORRECAO.shp,SENT_PREEN,-1,-1,G:\GEOPROCESSAMENTO - CARTOGRAFIA\PROJETOS SIG\CADASTRO DE LOGRADOUROS\EIXOS DE LOGRADOURO\BAIRRO_TREZE_DE_MAIO_CORRECAO.shp,SENT_PREEN,-1,-1,G:\GEOPROCESSAMENTO - CARTOGRAFIA\PROJETOS SIG\CADASTRO DE LOGRADOUROS\EIXOS DE LOGRADOURO\BAIRRO_VALENTINA_DE_FIGUEIREDO_CORRECAO.shp,SENT_PREEN,-1,-1,G:\GEOPROCESSAMENTO - CARTOGRAFIA\PROJETOS SIG\CADASTRO DE LOGRADOUROS\EIXOS DE LOGRADOURO\BAIRRO_VARADOURO_CORRECAO.shp,SENT_PREEN,-1,-1,G:\GEOPROCESSAMENTO - CARTOGRAFIA\PROJETOS SIG\CADASTRO DE LOGRADOUROS\EIXOS DE LOGRADOURO\lOCALIDADE_BARRA_DE_GRAMAME_CORRECAO.shp,SENT_PREEN,-1,-1,G:\GEOPROCESSAMENTO - CARTOGRAFIA\PROJETOS SIG\CADASTRO DE LOGRADOUROS\EIXOS DE LOGRADOURO\LOCALIDADE_GRAMAME_CORRECAO.shp,SENT_PREEN,-1,-1,G:\GEOPROCESSAMENTO - CARTOGRAFIA\PROJETOS SIG\CADASTRO DE LOGRADOUROS\EIXOS DE LOGRADOURO\LOCALIDADE_MUMBABA_CORRECAO.shp,SENT_PREEN,-1,-1,G:\GEOPROCESSAMENTO - CARTOGRAFIA\PROJETOS SIG\CADASTRO DE LOGRADOUROS\EIXOS DE LOGRADOURO\LOGRADOUROS_ALTIPLANO_CABO_BRANCO.shp,SENT_PREEN,-1,-1,G:\GEOPROCESSAMENTO - CARTOGRAFIA\PROJETOS SIG\CADASTRO DE LOGRADOUROS\EIXOS DE LOGRADOURO\LOGRADOUROS_PARATIBE.shp,SENT_PREEN,-1,-1;BAIRRO_ESQ 'BAIRRO_ESQ' true true false 3 Text 0 0 ,First,#,G:\GEOPROCESSAMENTO - CARTOGRAFIA\PROJETOS SIG\CADASTRO DE LOGRADOUROS\EIXOS DE LOGRADOURO\BAIRRO_MANGABEIRA_CORRECAO.shp,BAIRRO_ESQ,-1,-1,G:\GEOPROCESSAMENTO - CARTOGRAFIA\PROJETOS SIG\CADASTRO DE LOGRADOUROS\EIXOS DE LOGRADOURO\BAIRRO_MUCUMAGRO_CORRECAO.shp,BAIRRO_ESQ,-1,-1,G:\GEOPROCESSAMENTO - CARTOGRAFIA\PROJETOS SIG\CADASTRO DE LOGRADOUROS\EIXOS DE LOGRADOURO\BAIRRO_PENHA_CORRECAO.shp,BAIRRO_ESQ,-1,-1,G:\GEOPROCESSAMENTO - CARTOGRAFIA\PROJETOS SIG\CADASTRO DE LOGRADOUROS\EIXOS DE LOGRADOURO\BAIRRO_PLANALTO_DA_BOA_ESPERANCA_CORRECAO.shp,BAIRRO_ESQ,-1,-1,G:\GEOPROCESSAMENTO - CARTOGRAFIA\PROJETOS SIG\CADASTRO DE LOGRADOUROS\EIXOS DE LOGRADOURO\BAIRRO_PONTA_DO_SEIXAS_CORRECAO.shp,BAIRRO_ESQ,-1,-1,G:\GEOPROCESSAMENTO - CARTOGRAFIA\PROJETOS SIG\CADASTRO DE LOGRADOUROS\EIXOS DE LOGRADOURO\BAIRRO_PORTAL_DO_SOL_CORRECAO.shp,BAIRRO_ESQ,-1,-1,G:\GEOPROCESSAMENTO - CARTOGRAFIA\PROJETOS SIG\CADASTRO DE LOGRADOUROS\EIXOS DE LOGRADOURO\BAIRRO_ROGER_CORRECAO.shp,BAIRRO_ESQ,-1,-1,G:\GEOPROCESSAMENTO - CARTOGRAFIA\PROJETOS SIG\CADASTRO DE LOGRADOUROS\EIXOS DE LOGRADOURO\BAIRRO_SAO_JOSE_CORRECAO.shp,BAIRRO_ESQ,-1,-1,G:\GEOPROCESSAMENTO - CARTOGRAFIA\PROJETOS SIG\CADASTRO DE LOGRADOUROS\EIXOS DE LOGRADOURO\BAIRRO_TREZE_DE_MAIO_CORRECAO.shp,BAIRRO_ESQ,-1,-1,G:\GEOPROCESSAMENTO - CARTOGRAFIA\PROJETOS SIG\CADASTRO DE LOGRADOUROS\EIXOS DE LOGRADOURO\BAIRRO_VALENTINA_DE_FIGUEIREDO_CORRECAO.shp,BAIRRO_ESQ,-1,-1,G:\GEOPROCESSAMENTO - CARTOGRAFIA\PROJETOS SIG\CADASTRO DE LOGRADOUROS\EIXOS DE LOGRADOURO\BAIRRO_VARADOURO_CORRECAO.shp,BAIRRO_ESQ,-1,-1,G:\GEOPROCESSAMENTO - CARTOGRAFIA\PROJETOS SIG\CADASTRO DE LOGRADOUROS\EIXOS DE LOGRADOURO\lOCALIDADE_BARRA_DE_GRAMAME_CORRECAO.shp,BAIRRO_ESQ,-1,-1,G:\GEOPROCESSAMENTO - CARTOGRAFIA\PROJETOS SIG\CADASTRO DE LOGRADOUROS\EIXOS DE LOGRADOURO\LOCALIDADE_GRAMAME_CORRECAO.shp,BAIRRO_ESQ,-1,-1,G:\GEOPROCESSAMENTO - CARTOGRAFIA\PROJETOS SIG\CADASTRO DE LOGRADOUROS\EIXOS DE LOGRADOURO\LOCALIDADE_MUMBABA_CORRECAO.shp,BAIRRO_ESQ,-1,-1,G:\GEOPROCESSAMENTO - CARTOGRAFIA\PROJETOS SIG\CADASTRO DE LOGRADOUROS\EIXOS DE LOGRADOURO\LOGRADOUROS_ALTIPLANO_CABO_BRANCO.shp,BAIRRO_ESQ,-1,-1,G:\GEOPROCESSAMENTO - CARTOGRAFIA\PROJETOS SIG\CADASTRO DE LOGRADOUROS\EIXOS DE LOGRADOURO\LOGRADOUROS_PARATIBE.shp,BAIRRO_ESQ,-1,-1;BAIRRO_DIR 'BAIRRO_DIR' true true false 3 Text 0 0 ,First,#,G:\GEOPROCESSAMENTO - CARTOGRAFIA\PROJETOS SIG\CADASTRO DE LOGRADOUROS\EIXOS DE LOGRADOURO\BAIRRO_MANGABEIRA_CORRECAO.shp,BAIRRO_DIR,-1,-1,G:\GEOPROCESSAMENTO - CARTOGRAFIA\PROJETOS SIG\CADASTRO DE LOGRADOUROS\EIXOS DE LOGRADOURO\BAIRRO_MUCUMAGRO_CORRECAO.shp,BAIRRO_DIR,-1,-1,G:\GEOPROCESSAMENTO - CARTOGRAFIA\PROJETOS SIG\CADASTRO DE LOGRADOUROS\EIXOS DE LOGRADOURO\BAIRRO_PENHA_CORRECAO.shp,BAIRRO_DIR,-1,-1,G:\GEOPROCESSAMENTO - CARTOGRAFIA\PROJETOS SIG\CADASTRO DE LOGRADOUROS\EIXOS DE LOGRADOURO\BAIRRO_PLANALTO_DA_BOA_ESPERANCA_CORRECAO.shp,BAIRRO_DIR,-1,-1,G:\GEOPROCESSAMENTO - CARTOGRAFIA\PROJETOS SIG\CADASTRO DE LOGRADOUROS\EIXOS DE LOGRADOURO\BAIRRO_PONTA_DO_SEIXAS_CORRECAO.shp,BAIRRO_DIR,-1,-1,G:\GEOPROCESSAMENTO - CARTOGRAFIA\PROJETOS SIG\CADASTRO DE LOGRADOUROS\EIXOS DE LOGRADOURO\BAIRRO_PORTAL_DO_SOL_CORRECAO.shp,BAIRRO_DIR,-1,-1,G:\GEOPROCESSAMENTO - CARTOGRAFIA\PROJETOS SIG\CADASTRO DE LOGRADOUROS\EIXOS DE LOGRADOURO\BAIRRO_ROGER_CORRECAO.shp,BAIRRO_DIR,-1,-1,G:\GEOPROCESSAMENTO - CARTOGRAFIA\PROJETOS SIG\CADASTRO DE LOGRADOUROS\EIXOS DE LOGRADOURO\BAIRRO_SAO_JOSE_CORRECAO.shp,BAIRRO_DIR,-1,-1,G:\GEOPROCESSAMENTO - CARTOGRAFIA\PROJETOS SIG\CADASTRO DE LOGRADOUROS\EIXOS DE LOGRADOURO\BAIRRO_TREZE_DE_MAIO_CORRECAO.shp,BAIRRO_DIR,-1,-1,G:\GEOPROCESSAMENTO - CARTOGRAFIA\PROJETOS SIG\CADASTRO DE LOGRADOUROS\EIXOS DE LOGRADOURO\BAIRRO_VALENTINA_DE_FIGUEIREDO_CORRECAO.shp,BAIRRO_DIR,-1,-1,G:\GEOPROCESSAMENTO - CARTOGRAFIA\PROJETOS SIG\CADASTRO DE LOGRADOUROS\EIXOS DE LOGRADOURO\BAIRRO_VARADOURO_CORRECAO.shp,BAIRRO_DIR,-1,-1,G:\GEOPROCESSAMENTO - CARTOGRAFIA\PROJETOS SIG\CADASTRO DE LOGRADOUROS\EIXOS DE LOGRADOURO\lOCALIDADE_BARRA_DE_GRAMAME_CORRECAO.shp,BAIRRO_DIR,-1,-1,G:\GEOPROCESSAMENTO - CARTOGRAFIA\PROJETOS SIG\CADASTRO DE LOGRADOUROS\EIXOS DE LOGRADOURO\LOCALIDADE_GRAMAME_CORRECAO.shp,BAIRRO_DIR,-1,-1,G:\GEOPROCESSAMENTO - CARTOGRAFIA\PROJETOS SIG\CADASTRO DE LOGRADOUROS\EIXOS DE LOGRADOURO\LOCALIDADE_MUMBABA_CORRECAO.shp,BAIRRO_DIR,-1,-1,G:\GEOPROCESSAMENTO - CARTOGRAFIA\PROJETOS SIG\CADASTRO DE LOGRADOUROS\EIXOS DE LOGRADOURO\LOGRADOUROS_ALTIPLANO_CABO_BRANCO.shp,BAIRRO_DIR,-1,-1,G:\GEOPROCESSAMENTO - CARTOGRAFIA\PROJETOS SIG\CADASTRO DE LOGRADOUROS\EIXOS DE LOGRADOURO\LOGRADOUROS_PARATIBE.shp,BAIRRO_DIR,-1,-1;CEP_ESQ 'CEP_ESQ' true true false 8 Text 0 0 ,First,#,G:\GEOPROCESSAMENTO - CARTOGRAFIA\PROJETOS SIG\CADASTRO DE LOGRADOUROS\EIXOS DE LOGRADOURO\BAIRRO_MANGABEIRA_CORRECAO.shp,CEP_ESQ,-1,-1,G:\GEOPROCESSAMENTO - CARTOGRAFIA\PROJETOS SIG\CADASTRO DE LOGRADOUROS\EIXOS DE LOGRADOURO\BAIRRO_MUCUMAGRO_CORRECAO.shp,CEP_ESQ,-1,-1,G:\GEOPROCESSAMENTO - CARTOGRAFIA\PROJETOS SIG\CADASTRO DE LOGRADOUROS\EIXOS DE LOGRADOURO\BAIRRO_PENHA_CORRECAO.shp,CEP_ESQ,-1,-1,G:\GEOPROCESSAMENTO - CARTOGRAFIA\PROJETOS SIG\CADASTRO DE LOGRADOUROS\EIXOS DE LOGRADOURO\BAIRRO_PLANALTO_DA_BOA_ESPERANCA_CORRECAO.shp,CEP_ESQ,-1,-1,G:\GEOPROCESSAMENTO - CARTOGRAFIA\PROJETOS SIG\CADASTRO DE LOGRADOUROS\EIXOS DE LOGRADOURO\BAIRRO_PONTA_DO_SEIXAS_CORRECAO.shp,CEP_ESQ,-1,-1,G:\GEOPROCESSAMENTO - CARTOGRAFIA\PROJETOS SIG\CADASTRO DE LOGRADOUROS\EIXOS DE LOGRADOURO\BAIRRO_PORTAL_DO_SOL_CORRECAO.shp,CEP_ESQ,-1,-1,G:\GEOPROCESSAMENTO - CARTOGRAFIA\PROJETOS SIG\CADASTRO DE LOGRADOUROS\EIXOS DE LOGRADOURO\BAIRRO_ROGER_CORRECAO.shp,CEP_ESQ,-1,-1,G:\GEOPROCESSAMENTO - CARTOGRAFIA\PROJETOS SIG\CADASTRO DE LOGRADOUROS\EIXOS DE LOGRADOURO\BAIRRO_SAO_JOSE_CORRECAO.shp,CEP_ESQ,-1,-1,G:\GEOPROCESSAMENTO - CARTOGRAFIA\PROJETOS SIG\CADASTRO DE LOGRADOUROS\EIXOS DE LOGRADOURO\BAIRRO_TREZE_DE_MAIO_CORRECAO.shp,CEP_ESQ,-1,-1,G:\GEOPROCESSAMENTO - CARTOGRAFIA\PROJETOS SIG\CADASTRO DE LOGRADOUROS\EIXOS DE LOGRADOURO\BAIRRO_VALENTINA_DE_FIGUEIREDO_CORRECAO.shp,CEP_ESQ,-1,-1,G:\GEOPROCESSAMENTO - CARTOGRAFIA\PROJETOS SIG\CADASTRO DE LOGRADOUROS\EIXOS DE LOGRADOURO\BAIRRO_VARADOURO_CORRECAO.shp,CEP_ESQ,-1,-1,G:\GEOPROCESSAMENTO - CARTOGRAFIA\PROJETOS SIG\CADASTRO DE LOGRADOUROS\EIXOS DE LOGRADOURO\lOCALIDADE_BARRA_DE_GRAMAME_CORRECAO.shp,CEP_ESQ,-1,-1,G:\GEOPROCESSAMENTO - CARTOGRAFIA\PROJETOS SIG\CADASTRO DE LOGRADOUROS\EIXOS DE LOGRADOURO\LOCALIDADE_GRAMAME_CORRECAO.shp,CEP_ESQ,-1,-1,G:\GEOPROCESSAMENTO - CARTOGRAFIA\PROJETOS SIG\CADASTRO DE LOGRADOUROS\EIXOS DE LOGRADOURO\LOCALIDADE_MUMBABA_CORRECAO.shp,CEP_ESQ,-1,-1,G:\GEOPROCESSAMENTO - CARTOGRAFIA\PROJETOS SIG\CADASTRO DE LOGRADOUROS\EIXOS DE LOGRADOURO\LOGRADOUROS_ALTIPLANO_CABO_BRANCO.shp,CEP_ESQ,-1,-1,G:\GEOPROCESSAMENTO - CARTOGRAFIA\PROJETOS SIG\CADASTRO DE LOGRADOUROS\EIXOS DE LOGRADOURO\LOGRADOUROS_PARATIBE.shp,CEP_ESQ,-1,-1;CEP_DIR 'CEP_DIR' true true false 8 Text 0 0 ,First,#,G:\GEOPROCESSAMENTO - CARTOGRAFIA\PROJETOS SIG\CADASTRO DE LOGRADOUROS\EIXOS DE LOGRADOURO\BAIRRO_MANGABEIRA_CORRECAO.shp,CEP_DIR,-1,-1,G:\GEOPROCESSAMENTO - CARTOGRAFIA\PROJETOS SIG\CADASTRO DE LOGRADOUROS\EIXOS DE LOGRADOURO\BAIRRO_MUCUMAGRO_CORRECAO.shp,CEP_DIR,-1,-1,G:\GEOPROCESSAMENTO - CARTOGRAFIA\PROJETOS SIG\CADASTRO DE LOGRADOUROS\EIXOS DE LOGRADOURO\BAIRRO_PENHA_CORRECAO.shp,CEP_DIR,-1,-1,G:\GEOPROCESSAMENTO - CARTOGRAFIA\PROJETOS SIG\CADASTRO DE LOGRADOUROS\EIXOS DE LOGRADOURO\BAIRRO_PLANALTO_DA_BOA_ESPERANCA_CORRECAO.shp,CEP_DIR,-1,-1,G:\GEOPROCESSAMENTO - CARTOGRAFIA\PROJETOS SIG\CADASTRO DE LOGRADOUROS\EIXOS DE LOGRADOURO\BAIRRO_PONTA_DO_SEIXAS_CORRECAO.shp,CEP_DIR,-1,-1,G:\GEOPROCESSAMENTO - CARTOGRAFIA\PROJETOS SIG\CADASTRO DE LOGRADOUROS\EIXOS DE LOGRADOURO\BAIRRO_PORTAL_DO_SOL_CORRECAO.shp,CEP_DIR,-1,-1,G:\GEOPROCESSAMENTO - CARTOGRAFIA\PROJETOS SIG\CADASTRO DE LOGRADOUROS\EIXOS DE LOGRADOURO\BAIRRO_ROGER_CORRECAO.shp,CEP_DIR,-1,-1,G:\GEOPROCESSAMENTO - CARTOGRAFIA\PROJETOS SIG\CADASTRO DE LOGRADOUROS\EIXOS DE LOGRADOURO\BAIRRO_SAO_JOSE_CORRECAO.shp,CEP_DIR,-1,-1,G:\GEOPROCESSAMENTO - CARTOGRAFIA\PROJETOS SIG\CADASTRO DE LOGRADOUROS\EIXOS DE LOGRADOURO\BAIRRO_TREZE_DE_MAIO_CORRECAO.shp,CEP_DIR,-1,-1,G:\GEOPROCESSAMENTO - CARTOGRAFIA\PROJETOS SIG\CADASTRO DE LOGRADOUROS\EIXOS DE LOGRADOURO\BAIRRO_VALENTINA_DE_FIGUEIREDO_CORRECAO.shp,CEP_DIR,-1,-1,G:\GEOPROCESSAMENTO - CARTOGRAFIA\PROJETOS SIG\CADASTRO DE LOGRADOUROS\EIXOS DE LOGRADOURO\BAIRRO_VARADOURO_CORRECAO.shp,CEP_DIR,-1,-1,G:\GEOPROCESSAMENTO - CARTOGRAFIA\PROJETOS SIG\CADASTRO DE LOGRADOUROS\EIXOS DE LOGRADOURO\lOCALIDADE_BARRA_DE_GRAMAME_CORRECAO.shp,CEP_DIR,-1,-1,G:\GEOPROCESSAMENTO - CARTOGRAFIA\PROJETOS SIG\CADASTRO DE LOGRADOUROS\EIXOS DE LOGRADOURO\LOCALIDADE_GRAMAME_CORRECAO.shp,CEP_DIR,-1,-1,G:\GEOPROCESSAMENTO - CARTOGRAFIA\PROJETOS SIG\CADASTRO DE LOGRADOUROS\EIXOS DE LOGRADOURO\LOCALIDADE_MUMBABA_CORRECAO.shp,CEP_DIR,-1,-1,G:\GEOPROCESSAMENTO - CARTOGRAFIA\PROJETOS SIG\CADASTRO DE LOGRADOUROS\EIXOS DE LOGRADOURO\LOGRADOUROS_ALTIPLANO_CABO_BRANCO.shp,CEP_DIR,-1,-1,G:\GEOPROCESSAMENTO - CARTOGRAFIA\PROJETOS SIG\CADASTRO DE LOGRADOUROS\EIXOS DE LOGRADOURO\LOGRADOUROS_PARATIBE.shp,CEP_DIR,-1,-1;FACE_ESQ 'FACE_ESQ' true true false 6 Text 0 0 ,First,#,G:\GEOPROCESSAMENTO - CARTOGRAFIA\PROJETOS SIG\CADASTRO DE LOGRADOUROS\EIXOS DE LOGRADOURO\BAIRRO_MANGABEIRA_CORRECAO.shp,FACE_ESQ,-1,-1,G:\GEOPROCESSAMENTO - CARTOGRAFIA\PROJETOS SIG\CADASTRO DE LOGRADOUROS\EIXOS DE LOGRADOURO\BAIRRO_MUCUMAGRO_CORRECAO.shp,FACE_ESQ,-1,-1,G:\GEOPROCESSAMENTO - CARTOGRAFIA\PROJETOS SIG\CADASTRO DE LOGRADOUROS\EIXOS DE LOGRADOURO\BAIRRO_PENHA_CORRECAO.shp,FACE_ESQ,-1,-1,G:\GEOPROCESSAMENTO - CARTOGRAFIA\PROJETOS SIG\CADASTRO DE LOGRADOUROS\EIXOS DE LOGRADOURO\BAIRRO_PLANALTO_DA_BOA_ESPERANCA_CORRECAO.shp,FACE_ESQ,-1,-1,G:\GEOPROCESSAMENTO - CARTOGRAFIA\PROJETOS SIG\CADASTRO DE LOGRADOUROS\EIXOS DE LOGRADOURO\BAIRRO_PONTA_DO_SEIXAS_CORRECAO.shp,FACE_ESQ,-1,-1,G:\GEOPROCESSAMENTO - CARTOGRAFIA\PROJETOS SIG\CADASTRO DE LOGRADOUROS\EIXOS DE LOGRADOURO\BAIRRO_PORTAL_DO_SOL_CORRECAO.shp,FACE_ESQ,-1,-1,G:\GEOPROCESSAMENTO - CARTOGRAFIA\PROJETOS SIG\CADASTRO DE LOGRADOUROS\EIXOS DE LOGRADOURO\BAIRRO_ROGER_CORRECAO.shp,FACE_ESQ,-1,-1,G:\GEOPROCESSAMENTO - CARTOGRAFIA\PROJETOS SIG\CADASTRO DE LOGRADOUROS\EIXOS DE LOGRADOURO\BAIRRO_SAO_JOSE_CORRECAO.shp,FACE_ESQ,-1,-1,G:\GEOPROCESSAMENTO - CARTOGRAFIA\PROJETOS SIG\CADASTRO DE LOGRADOUROS\EIXOS DE LOGRADOURO\BAIRRO_TREZE_DE_MAIO_CORRECAO.shp,FACE_ESQ,-1,-1,G:\GEOPROCESSAMENTO - CARTOGRAFIA\PROJETOS SIG\CADASTRO DE LOGRADOUROS\EIXOS DE LOGRADOURO\BAIRRO_VALENTINA_DE_FIGUEIREDO_CORRECAO.shp,FACE_ESQ,-1,-1,G:\GEOPROCESSAMENTO - CARTOGRAFIA\PROJETOS SIG\CADASTRO DE LOGRADOUROS\EIXOS DE LOGRADOURO\BAIRRO_VARADOURO_CORRECAO.shp,FACE_ESQ,-1,-1,G:\GEOPROCESSAMENTO - CARTOGRAFIA\PROJETOS SIG\CADASTRO DE LOGRADOUROS\EIXOS DE LOGRADOURO\lOCALIDADE_BARRA_DE_GRAMAME_CORRECAO.shp,FACE_ESQ,-1,-1,G:\GEOPROCESSAMENTO - CARTOGRAFIA\PROJETOS SIG\CADASTRO DE LOGRADOUROS\EIXOS DE LOGRADOURO\LOCALIDADE_GRAMAME_CORRECAO.shp,FACE_ESQ,-1,-1,G:\GEOPROCESSAMENTO - CARTOGRAFIA\PROJETOS SIG\CADASTRO DE LOGRADOUROS\EIXOS DE LOGRADOURO\LOCALIDADE_MUMBABA_CORRECAO.shp,FACE_ESQ,-1,-1,G:\GEOPROCESSAMENTO - CARTOGRAFIA\PROJETOS SIG\CADASTRO DE LOGRADOUROS\EIXOS DE LOGRADOURO\LOGRADOUROS_PARATIBE.shp,FACE_ESQ,-1,-1;FACE_DIR 'FACE_DIR' true true false 6 Text 0 0 ,First,#,G:\GEOPROCESSAMENTO - CARTOGRAFIA\PROJETOS SIG\CADASTRO DE LOGRADOUROS\EIXOS DE LOGRADOURO\BAIRRO_MANGABEIRA_CORRECAO.shp,FACE_DIR,-1,-1,G:\GEOPROCESSAMENTO - CARTOGRAFIA\PROJETOS SIG\CADASTRO DE LOGRADOUROS\EIXOS DE LOGRADOURO\BAIRRO_MUCUMAGRO_CORRECAO.shp,FACE_DIR,-1,-1,G:\GEOPROCESSAMENTO - CARTOGRAFIA\PROJETOS SIG\CADASTRO DE LOGRADOUROS\EIXOS DE LOGRADOURO\BAIRRO_PENHA_CORRECAO.shp,FACE_DIR,-1,-1,G:\GEOPROCESSAMENTO - CARTOGRAFIA\PROJETOS SIG\CADASTRO DE LOGRADOUROS\EIXOS DE LOGRADOURO\BAIRRO_PLANALTO_DA_BOA_ESPERANCA_CORRECAO.shp,FACE_DIR,-1,-1,G:\GEOPROCESSAMENTO - CARTOGRAFIA\PROJETOS SIG\CADASTRO DE LOGRADOUROS\EIXOS DE LOGRADOURO\BAIRRO_PONTA_DO_SEIXAS_CORRECAO.shp,FACE_DIR,-1,-1,G:\GEOPROCESSAMENTO - CARTOGRAFIA\PROJETOS SIG\CADASTRO DE LOGRADOUROS\EIXOS DE LOGRADOURO\BAIRRO_PORTAL_DO_SOL_CORRECAO.shp,FACE_DIR,-1,-1,G:\GEOPROCESSAMENTO - CARTOGRAFIA\PROJETOS SIG\CADASTRO DE LOGRADOUROS\EIXOS DE LOGRADOURO\BAIRRO_ROGER_CORRECAO.shp,FACE_DIR,-1,-1,G:\GEOPROCESSAMENTO - CARTOGRAFIA\PROJETOS SIG\CADASTRO DE LOGRADOUROS\EIXOS DE LOGRADOURO\BAIRRO_SAO_JOSE_CORRECAO.shp,FACE_DIR,-1,-1,G:\GEOPROCESSAMENTO - CARTOGRAFIA\PROJETOS SIG\CADASTRO DE LOGRADOUROS\EIXOS DE LOGRADOURO\BAIRRO_TREZE_DE_MAIO_CORRECAO.shp,FACE_DIR,-1,-1,G:\GEOPROCESSAMENTO - CARTOGRAFIA\PROJETOS SIG\CADASTRO DE LOGRADOUROS\EIXOS DE LOGRADOURO\BAIRRO_VALENTINA_DE_FIGUEIREDO_CORRECAO.shp,FACE_DIR,-1,-1,G:\GEOPROCESSAMENTO - CARTOGRAFIA\PROJETOS SIG\CADASTRO DE LOGRADOUROS\EIXOS DE LOGRADOURO\BAIRRO_VARADOURO_CORRECAO.shp,FACE_DIR,-1,-1,G:\GEOPROCESSAMENTO - CARTOGRAFIA\PROJETOS SIG\CADASTRO DE LOGRADOUROS\EIXOS DE LOGRADOURO\lOCALIDADE_BARRA_DE_GRAMAME_CORRECAO.shp,FACE_DIR,-1,-1,G:\GEOPROCESSAMENTO - CARTOGRAFIA\PROJETOS SIG\CADASTRO DE LOGRADOUROS\EIXOS DE LOGRADOURO\LOCALIDADE_GRAMAME_CORRECAO.shp,FACE_DIR,-1,-1,G:\GEOPROCESSAMENTO - CARTOGRAFIA\PROJETOS SIG\CADASTRO DE LOGRADOUROS\EIXOS DE LOGRADOURO\LOCALIDADE_MUMBABA_CORRECAO.shp,FACE_DIR,-1,-1,G:\GEOPROCESSAMENTO - CARTOGRAFIA\PROJETOS SIG\CADASTRO DE LOGRADOUROS\EIXOS DE LOGRADOURO\LOGRADOUROS_PARATIBE.shp,FACE_DIR,-1,-1;NO_INICIO 'NO_INICIO' true true false 4 Short 0 4 ,First,#,G:\GEOPROCESSAMENTO - CARTOGRAFIA\PROJETOS SIG\CADASTRO DE LOGRADOUROS\EIXOS DE LOGRADOURO\BAIRRO_MANGABEIRA_CORRECAO.shp,NO_INICIO,-1,-1,G:\GEOPROCESSAMENTO - CARTOGRAFIA\PROJETOS SIG\CADASTRO DE LOGRADOUROS\EIXOS DE LOGRADOURO\BAIRRO_MUCUMAGRO_CORRECAO.shp,NO_INICIO,-1,-1,G:\GEOPROCESSAMENTO - CARTOGRAFIA\PROJETOS SIG\CADASTRO DE LOGRADOUROS\EIXOS DE LOGRADOURO\BAIRRO_PENHA_CORRECAO.shp,NO_INICIO,-1,-1,G:\GEOPROCESSAMENTO - CARTOGRAFIA\PROJETOS SIG\CADASTRO DE LOGRADOUROS\EIXOS DE LOGRADOURO\BAIRRO_PLANALTO_DA_BOA_ESPERANCA_CORRECAO.shp,NO_INICIO,-1,-1,G:\GEOPROCESSAMENTO - CARTOGRAFIA\PROJETOS SIG\CADASTRO DE LOGRADOUROS\EIXOS DE LOGRADOURO\BAIRRO_PONTA_DO_SEIXAS_CORRECAO.shp,NO_INICIO,-1,-1,G:\GEOPROCESSAMENTO - CARTOGRAFIA\PROJETOS SIG\CADASTRO DE LOGRADOUROS\EIXOS DE LOGRADOURO\BAIRRO_PORTAL_DO_SOL_CORRECAO.shp,NO_INICIO,-1,-1,G:\GEOPROCESSAMENTO - CARTOGRAFIA\PROJETOS SIG\CADASTRO DE LOGRADOUROS\EIXOS DE LOGRADOURO\BAIRRO_ROGER_CORRECAO.shp,NO_INICIO,-1,-1,G:\GEOPROCESSAMENTO - CARTOGRAFIA\PROJETOS SIG\CADASTRO DE LOGRADOUROS\EIXOS DE LOGRADOURO\BAIRRO_SAO_JOSE_CORRECAO.shp,NO_INICIO,-1,-1,G:\GEOPROCESSAMENTO - CARTOGRAFIA\PROJETOS SIG\CADASTRO DE LOGRADOUROS\EIXOS DE LOGRADOURO\BAIRRO_TREZE_DE_MAIO_CORRECAO.shp,NO_INICIO,-1,-1,G:\GEOPROCESSAMENTO - CARTOGRAFIA\PROJETOS SIG\CADASTRO DE LOGRADOUROS\EIXOS DE LOGRADOURO\BAIRRO_VALENTINA_DE_FIGUEIREDO_CORRECAO.shp,NO_INICIO,-1,-1,G:\GEOPROCESSAMENTO - CARTOGRAFIA\PROJETOS SIG\CADASTRO DE LOGRADOUROS\EIXOS DE LOGRADOURO\BAIRRO_VARADOURO_CORRECAO.shp,NO_INICIO,-1,-1,G:\GEOPROCESSAMENTO - CARTOGRAFIA\PROJETOS SIG\CADASTRO DE LOGRADOUROS\EIXOS DE LOGRADOURO\lOCALIDADE_BARRA_DE_GRAMAME_CORRECAO.shp,NO_INICIO,-1,-1,G:\GEOPROCESSAMENTO - CARTOGRAFIA\PROJETOS SIG\CADASTRO DE LOGRADOUROS\EIXOS DE LOGRADOURO\LOCALIDADE_GRAMAME_CORRECAO.shp,NO_INICIO,-1,-1,G:\GEOPROCESSAMENTO - CARTOGRAFIA\PROJETOS SIG\CADASTRO DE LOGRADOUROS\EIXOS DE LOGRADOURO\LOCALIDADE_MUMBABA_CORRECAO.shp,NO_INICIO,-1,-1,G:\GEOPROCESSAMENTO - CARTOGRAFIA\PROJETOS SIG\CADASTRO DE LOGRADOUROS\EIXOS DE LOGRADOURO\LOGRADOUROS_ALTIPLANO_CABO_BRANCO.shp,NO_INICIO,-1,-1,G:\GEOPROCESSAMENTO - CARTOGRAFIA\PROJETOS SIG\CADASTRO DE LOGRADOUROS\EIXOS DE LOGRADOURO\LOGRADOUROS_PARATIBE.shp,NO_INICIO,-1,-1;NO_FIM 'NO_FIM' true true false 4 Short 0 4 ,First,#,G:\GEOPROCESSAMENTO - CARTOGRAFIA\PROJETOS SIG\CADASTRO DE LOGRADOUROS\EIXOS DE LOGRADOURO\BAIRRO_MANGABEIRA_CORRECAO.shp,NO_FIM,-1,-1,G:\GEOPROCESSAMENTO - CARTOGRAFIA\PROJETOS SIG\CADASTRO DE LOGRADOUROS\EIXOS DE LOGRADOURO\BAIRRO_MUCUMAGRO_CORRECAO.shp,NO_FIM,-1,-1,G:\GEOPROCESSAMENTO - CARTOGRAFIA\PROJETOS SIG\CADASTRO DE LOGRADOUROS\EIXOS DE LOGRADOURO\BAIRRO_PENHA_CORRECAO.shp,NO_FIM,-1,-1,G:\GEOPROCESSAMENTO - CARTOGRAFIA\PROJETOS SIG\CADASTRO DE LOGRADOUROS\EIXOS DE LOGRADOURO\BAIRRO_PLANALTO_DA_BOA_ESPERANCA_CORRECAO.shp,NO_FIM,-1,-1,G:\GEOPROCESSAMENTO - CARTOGRAFIA\PROJETOS SIG\CADASTRO DE LOGRADOUROS\EIXOS DE LOGRADOURO\BAIRRO_PONTA_DO_SEIXAS_CORRECAO.shp,NO_FIM,-1,-1,G:\GEOPROCESSAMENTO - CARTOGRAFIA\PROJETOS SIG\CADASTRO DE LOGRADOUROS\EIXOS DE LOGRADOURO\BAIRRO_PORTAL_DO_SOL_CORRECAO.shp,NO_FIM,-1,-1,G:\GEOPROCESSAMENTO - CARTOGRAFIA\PROJETOS SIG\CADASTRO DE LOGRADOUROS\EIXOS DE LOGRADOURO\BAIRRO_ROGER_CORRECAO.shp,NO_FIM,-1,-1,G:\GEOPROCESSAMENTO - CARTOGRAFIA\PROJETOS SIG\CADASTRO DE LOGRADOUROS\EIXOS DE LOGRADOURO\BAIRRO_SAO_JOSE_CORRECAO.shp,NO_FIM,-1,-1,G:\GEOPROCESSAMENTO - CARTOGRAFIA\PROJETOS SIG\CADASTRO DE LOGRADOUROS\EIXOS DE LOGRADOURO\BAIRRO_TREZE_DE_MAIO_CORRECAO.shp,NO_FIM,-1,-1,G:\GEOPROCESSAMENTO - CARTOGRAFIA\PROJETOS SIG\CADASTRO DE LOGRADOUROS\EIXOS DE LOGRADOURO\BAIRRO_VALENTINA_DE_FIGUEIREDO_CORRECAO.shp,NO_FIM,-1,-1,G:\GEOPROCESSAMENTO - CARTOGRAFIA\PROJETOS SIG\CADASTRO DE LOGRADOUROS\EIXOS DE LOGRADOURO\BAIRRO_VARADOURO_CORRECAO.shp,NO_FIM,-1,-1,G:\GEOPROCESSAMENTO - CARTOGRAFIA\PROJETOS SIG\CADASTRO DE LOGRADOUROS\EIXOS DE LOGRADOURO\lOCALIDADE_BARRA_DE_GRAMAME_CORRECAO.shp,NO_FIM,-1,-1,G:\GEOPROCESSAMENTO - CARTOGRAFIA\PROJETOS SIG\CADASTRO DE LOGRADOUROS\EIXOS DE LOGRADOURO\LOCALIDADE_GRAMAME_CORRECAO.shp,NO_FIM,-1,-1,G:\GEOPROCESSAMENTO - CARTOGRAFIA\PROJETOS SIG\CADASTRO DE LOGRADOUROS\EIXOS DE LOGRADOURO\LOCALIDADE_MUMBABA_CORRECAO.shp,NO_FIM,-1,-1,G:\GEOPROCESSAMENTO - CARTOGRAFIA\PROJETOS SIG\CADASTRO DE LOGRADOUROS\EIXOS DE LOGRADOURO\LOGRADOUROS_ALTIPLANO_CABO_BRANCO.shp,NO_FIM,-1,-1,G:\GEOPROCESSAMENTO - CARTOGRAFIA\PROJETOS SIG\CADASTRO DE LOGRADOUROS\EIXOS DE LOGRADOURO\LOGRADOUROS_PARATIBE.shp,NO_FIM,-1,-1;INICIO_ESQ 'INICIO_ESQ' true true false 4 Short 0 4 ,First,#,G:\GEOPROCESSAMENTO - CARTOGRAFIA\PROJETOS SIG\CADASTRO DE LOGRADOUROS\EIXOS DE LOGRADOURO\BAIRRO_MANGABEIRA_CORRECAO.shp,INICIO_ESQ,-1,-1,G:\GEOPROCESSAMENTO - CARTOGRAFIA\PROJETOS SIG\CADASTRO DE LOGRADOUROS\EIXOS DE LOGRADOURO\BAIRRO_MUCUMAGRO_CORRECAO.shp,INICIO_ESQ,-1,-1,G:\GEOPROCESSAMENTO - CARTOGRAFIA\PROJETOS SIG\CADASTRO DE LOGRADOUROS\EIXOS DE LOGRADOURO\BAIRRO_PENHA_CORRECAO.shp,INICIO_ESQ,-1,-1,G:\GEOPROCESSAMENTO - CARTOGRAFIA\PROJETOS SIG\CADASTRO DE LOGRADOUROS\EIXOS DE LOGRADOURO\BAIRRO_PLANALTO_DA_BOA_ESPERANCA_CORRECAO.shp,INICIO_ESQ,-1,-1,G:\GEOPROCESSAMENTO - CARTOGRAFIA\PROJETOS SIG\CADASTRO DE LOGRADOUROS\EIXOS DE LOGRADOURO\BAIRRO_PONTA_DO_SEIXAS_CORRECAO.shp,INICIO_ESQ,-1,-1,G:\GEOPROCESSAMENTO - CARTOGRAFIA\PROJETOS SIG\CADASTRO DE LOGRADOUROS\EIXOS DE LOGRADOURO\BAIRRO_PORTAL_DO_SOL_CORRECAO.shp,INICIO_ESQ,-1,-1,G:\GEOPROCESSAMENTO - CARTOGRAFIA\PROJETOS SIG\CADASTRO DE LOGRADOUROS\EIXOS DE LOGRADOURO\BAIRRO_ROGER_CORRECAO.shp,INICIO_ESQ,-1,-1,G:\GEOPROCESSAMENTO - CARTOGRAFIA\PROJETOS SIG\CADASTRO DE LOGRADOUROS\EIXOS DE LOGRADOURO\BAIRRO_SAO_JOSE_CORRECAO.shp,INICIO_ESQ,-1,-1,G:\GEOPROCESSAMENTO - CARTOGRAFIA\PROJETOS SIG\CADASTRO DE LOGRADOUROS\EIXOS DE LOGRADOURO\BAIRRO_TREZE_DE_MAIO_CORRECAO.shp,INICIO_ESQ,-1,-1,G:\GEOPROCESSAMENTO - CARTOGRAFIA\PROJETOS SIG\CADASTRO DE LOGRADOUROS\EIXOS DE LOGRADOURO\BAIRRO_VALENTINA_DE_FIGUEIREDO_CORRECAO.shp,INICIO_ESQ,-1,-1,G:\GEOPROCESSAMENTO - CARTOGRAFIA\PROJETOS SIG\CADASTRO DE LOGRADOUROS\EIXOS DE LOGRADOURO\BAIRRO_VARADOURO_CORRECAO.shp,INICIO_ESQ,-1,-1,G:\GEOPROCESSAMENTO - CARTOGRAFIA\PROJETOS SIG\CADASTRO DE LOGRADOUROS\EIXOS DE LOGRADOURO\lOCALIDADE_BARRA_DE_GRAMAME_CORRECAO.shp,INICIO_ESQ,-1,-1,G:\GEOPROCESSAMENTO - CARTOGRAFIA\PROJETOS SIG\CADASTRO DE LOGRADOUROS\EIXOS DE LOGRADOURO\LOCALIDADE_GRAMAME_CORRECAO.shp,INICIO_ESQ,-1,-1,G:\GEOPROCESSAMENTO - CARTOGRAFIA\PROJETOS SIG\CADASTRO DE LOGRADOUROS\EIXOS DE LOGRADOURO\LOCALIDADE_MUMBABA_CORRECAO.shp,INICIO_ESQ,-1,-1,G:\GEOPROCESSAMENTO - CARTOGRAFIA\PROJETOS SIG\CADASTRO DE LOGRADOUROS\EIXOS DE LOGRADOURO\LOGRADOUROS_ALTIPLANO_CABO_BRANCO.shp,INICIO_ESQ,-1,-1,G:\GEOPROCESSAMENTO - CARTOGRAFIA\PROJETOS SIG\CADASTRO DE LOGRADOUROS\EIXOS DE LOGRADOURO\LOGRADOUROS_PARATIBE.shp,INICIO_ESQ,-1,-1;INICIO_DIR 'INICIO_DIR' true true false 4 Short 0 4 ,First,#,G:\GEOPROCESSAMENTO - CARTOGRAFIA\PROJETOS SIG\CADASTRO DE LOGRADOUROS\EIXOS DE LOGRADOURO\BAIRRO_MANGABEIRA_CORRECAO.shp,INICIO_DIR,-1,-1,G:\GEOPROCESSAMENTO - CARTOGRAFIA\PROJETOS SIG\CADASTRO DE LOGRADOUROS\EIXOS DE LOGRADOURO\BAIRRO_MUCUMAGRO_CORRECAO.shp,INICIO_DIR,-1,-1,G:\GEOPROCESSAMENTO - CARTOGRAFIA\PROJETOS SIG\CADASTRO DE LOGRADOUROS\EIXOS DE LOGRADOURO\BAIRRO_PENHA_CORRECAO.shp,INICIO_DIR,-1,-1,G:\GEOPROCESSAMENTO - CARTOGRAFIA\PROJETOS SIG\CADASTRO DE LOGRADOUROS\EIXOS DE LOGRADOURO\BAIRRO_PLANALTO_DA_BOA_ESPERANCA_CORRECAO.shp,INICIO_DIR,-1,-1,G:\GEOPROCESSAMENTO - CARTOGRAFIA\PROJETOS SIG\CADASTRO DE LOGRADOUROS\EIXOS DE LOGRADOURO\BAIRRO_PONTA_DO_SEIXAS_CORRECAO.shp,INICIO_DIR,-1,-1,G:\GEOPROCESSAMENTO - CARTOGRAFIA\PROJETOS SIG\CADASTRO DE LOGRADOUROS\EIXOS DE LOGRADOURO\BAIRRO_PORTAL_DO_SOL_CORRECAO.shp,INICIO_DIR,-1,-1,G:\GEOPROCESSAMENTO - CARTOGRAFIA\PROJETOS SIG\CADASTRO DE LOGRADOUROS\EIXOS DE LOGRADOURO\BAIRRO_ROGER_CORRECAO.shp,INICIO_DIR,-1,-1,G:\GEOPROCESSAMENTO - CARTOGRAFIA\PROJETOS SIG\CADASTRO DE LOGRADOUROS\EIXOS DE LOGRADOURO\BAIRRO_SAO_JOSE_CORRECAO.shp,INICIO_DIR,-1,-1,G:\GEOPROCESSAMENTO - CARTOGRAFIA\PROJETOS SIG\CADASTRO DE LOGRADOUROS\EIXOS DE LOGRADOURO\BAIRRO_TREZE_DE_MAIO_CORRECAO.shp,INICIO_DIR,-1,-1,G:\GEOPROCESSAMENTO - CARTOGRAFIA\PROJETOS SIG\CADASTRO DE LOGRADOUROS\EIXOS DE LOGRADOURO\BAIRRO_VALENTINA_DE_FIGUEIREDO_CORRECAO.shp,INICIO_DIR,-1,-1,G:\GEOPROCESSAMENTO - CARTOGRAFIA\PROJETOS SIG\CADASTRO DE LOGRADOUROS\EIXOS DE LOGRADOURO\BAIRRO_VARADOURO_CORRECAO.shp,INICIO_DIR,-1,-1,G:\GEOPROCESSAMENTO - CARTOGRAFIA\PROJETOS SIG\CADASTRO DE LOGRADOUROS\EIXOS DE LOGRADOURO\lOCALIDADE_BARRA_DE_GRAMAME_CORRECAO.shp,INICIO_DIR,-1,-1,G:\GEOPROCESSAMENTO - CARTOGRAFIA\PROJETOS SIG\CADASTRO DE LOGRADOUROS\EIXOS DE LOGRADOURO\LOCALIDADE_GRAMAME_CORRECAO.shp,INICIO_DIR,-1,-1,G:\GEOPROCESSAMENTO - CARTOGRAFIA\PROJETOS SIG\CADASTRO DE LOGRADOUROS\EIXOS DE LOGRADOURO\LOCALIDADE_MUMBABA_CORRECAO.shp,INICIO_DIR,-1,-1,G:\GEOPROCESSAMENTO - CARTOGRAFIA\PROJETOS SIG\CADASTRO DE LOGRADOUROS\EIXOS DE LOGRADOURO\LOGRADOUROS_ALTIPLANO_CABO_BRANCO.shp,INICIO_DIR,-1,-1,G:\GEOPROCESSAMENTO - CARTOGRAFIA\PROJETOS SIG\CADASTRO DE LOGRADOUROS\EIXOS DE LOGRADOURO\LOGRADOUROS_PARATIBE.shp,INICIO_DIR,-1,-1;FIM_ESQ 'FIM_ESQ' true true false 4 Short 0 4 ,First,#,G:\GEOPROCESSAMENTO - CARTOGRAFIA\PROJETOS SIG\CADASTRO DE LOGRADOUROS\EIXOS DE LOGRADOURO\BAIRRO_MANGABEIRA_CORRECAO.shp,FIM_ESQ,-1,-1,G:\GEOPROCESSAMENTO - CARTOGRAFIA\PROJETOS SIG\CADASTRO DE LOGRADOUROS\EIXOS DE LOGRADOURO\BAIRRO_MUCUMAGRO_CORRECAO.shp,FIM_ESQ,-1,-1,G:\GEOPROCESSAMENTO - CARTOGRAFIA\PROJETOS SIG\CADASTRO DE LOGRADOUROS\EIXOS DE LOGRADOURO\BAIRRO_PENHA_CORRECAO.shp,FIM_ESQ,-1,-1,G:\GEOPROCESSAMENTO - CARTOGRAFIA\PROJETOS SIG\CADASTRO DE LOGRADOUROS\EIXOS DE LOGRADOURO\BAIRRO_PLANALTO_DA_BOA_ESPERANCA_CORRECAO.shp,FIM_ESQ,-1,-1,G:\GEOPROCESSAMENTO - CARTOGRAFIA\PROJETOS SIG\CADASTRO DE LOGRADOUROS\EIXOS DE LOGRADOURO\BAIRRO_PONTA_DO_SEIXAS_CORRECAO.shp,FIM_ESQ,-1,-1,G:\GEOPROCESSAMENTO - CARTOGRAFIA\PROJETOS SIG\CADASTRO DE LOGRADOUROS\EIXOS DE LOGRADOURO\BAIRRO_PORTAL_DO_SOL_CORRECAO.shp,FIM_ESQ,-1,-1,G:\GEOPROCESSAMENTO - CARTOGRAFIA\PROJETOS SIG\CADASTRO DE LOGRADOUROS\EIXOS DE LOGRADOURO\BAIRRO_ROGER_CORRECAO.shp,FIM_ESQ,-1,-1,G:\GEOPROCESSAMENTO - CARTOGRAFIA\PROJETOS SIG\CADASTRO DE LOGRADOUROS\EIXOS DE LOGRADOURO\BAIRRO_SAO_JOSE_CORRECAO.shp,FIM_ESQ,-1,-1,G:\GEOPROCESSAMENTO - CARTOGRAFIA\PROJETOS SIG\CADASTRO DE LOGRADOUROS\EIXOS DE LOGRADOURO\BAIRRO_TREZE_DE_MAIO_CORRECAO.shp,FIM_ESQ,-1,-1,G:\GEOPROCESSAMENTO - CARTOGRAFIA\PROJETOS SIG\CADASTRO DE LOGRADOUROS\EIXOS DE LOGRADOURO\BAIRRO_VALENTINA_DE_FIGUEIREDO_CORRECAO.shp,FIM_ESQ,-1,-1,G:\GEOPROCESSAMENTO - CARTOGRAFIA\PROJETOS SIG\CADASTRO DE LOGRADOUROS\EIXOS DE LOGRADOURO\BAIRRO_VARADOURO_CORRECAO.shp,FIM_ESQ,-1,-1,G:\GEOPROCESSAMENTO - CARTOGRAFIA\PROJETOS SIG\CADASTRO DE LOGRADOUROS\EIXOS DE LOGRADOURO\lOCALIDADE_BARRA_DE_GRAMAME_CORRECAO.shp,FIM_ESQ,-1,-1,G:\GEOPROCESSAMENTO - CARTOGRAFIA\PROJETOS SIG\CADASTRO DE LOGRADOUROS\EIXOS DE LOGRADOURO\LOCALIDADE_GRAMAME_CORRECAO.shp,FIM_ESQ,-1,-1,G:\GEOPROCESSAMENTO - CARTOGRAFIA\PROJETOS SIG\CADASTRO DE LOGRADOUROS\EIXOS DE LOGRADOURO\LOCALIDADE_MUMBABA_CORRECAO.shp,FIM_ESQ,-1,-1,G:\GEOPROCESSAMENTO - CARTOGRAFIA\PROJETOS SIG\CADASTRO DE LOGRADOUROS\EIXOS DE LOGRADOURO\LOGRADOUROS_ALTIPLANO_CABO_BRANCO.shp,FIM_ESQ,-1,-1,G:\GEOPROCESSAMENTO - CARTOGRAFIA\PROJETOS SIG\CADASTRO DE LOGRADOUROS\EIXOS DE LOGRADOURO\LOGRADOUROS_PARATIBE.shp,FIM_ESQ,-1,-1;FIM_DIR 'FIM_DIR' true true false 4 Short 0 4 ,First,#,G:\GEOPROCESSAMENTO - CARTOGRAFIA\PROJETOS SIG\CADASTRO DE LOGRADOUROS\EIXOS DE LOGRADOURO\BAIRRO_MANGABEIRA_CORRECAO.shp,FIM_DIR,-1,-1,G:\GEOPROCESSAMENTO - CARTOGRAFIA\PROJETOS SIG\CADASTRO DE LOGRADOUROS\EIXOS DE LOGRADOURO\BAIRRO_MUCUMAGRO_CORRECAO.shp,FIM_DIR,-1,-1,G:\GEOPROCESSAMENTO - CARTOGRAFIA\PROJETOS SIG\CADASTRO DE LOGRADOUROS\EIXOS DE LOGRADOURO\BAIRRO_PENHA_CORRECAO.shp,FIM_DIR,-1,-1,G:\GEOPROCESSAMENTO - CARTOGRAFIA\PROJETOS SIG\CADASTRO DE LOGRADOUROS\EIXOS DE LOGRADOURO\BAIRRO_PLANALTO_DA_BOA_ESPERANCA_CORRECAO.shp,FIM_DIR,-1,-1,G:\GEOPROCESSAMENTO - CARTOGRAFIA\PROJETOS SIG\CADASTRO DE LOGRADOUROS\EIXOS DE LOGRADOURO\BAIRRO_PONTA_DO_SEIXAS_CORRECAO.shp,FIM_DIR,-1,-1,G:\GEOPROCESSAMENTO - CARTOGRAFIA\PROJETOS SIG\CADASTRO DE LOGRADOUROS\EIXOS DE LOGRADOURO\BAIRRO_PORTAL_DO_SOL_CORRECAO.shp,FIM_DIR,-1,-1,G:\GEOPROCESSAMENTO - CARTOGRAFIA\PROJETOS SIG\CADASTRO DE LOGRADOUROS\EIXOS DE LOGRADOURO\BAIRRO_ROGER_CORRECAO.shp,FIM_DIR,-1,-1,G:\GEOPROCESSAMENTO - CARTOGRAFIA\PROJETOS SIG\CADASTRO DE LOGRADOUROS\EIXOS DE LOGRADOURO\BAIRRO_SAO_JOSE_CORRECAO.shp,FIM_DIR,-1,-1,G:\GEOPROCESSAMENTO - CARTOGRAFIA\PROJETOS SIG\CADASTRO DE LOGRADOUROS\EIXOS DE LOGRADOURO\BAIRRO_TREZE_DE_MAIO_CORRECAO.shp,FIM_DIR,-1,-1,G:\GEOPROCESSAMENTO - CARTOGRAFIA\PROJETOS SIG\CADASTRO DE LOGRADOUROS\EIXOS DE LOGRADOURO\BAIRRO_VALENTINA_DE_FIGUEIREDO_CORRECAO.shp,FIM_DIR,-1,-1,G:\GEOPROCESSAMENTO - CARTOGRAFIA\PROJETOS SIG\CADASTRO DE LOGRADOUROS\EIXOS DE LOGRADOURO\BAIRRO_VARADOURO_CORRECAO.shp,FIM_DIR,-1,-1,G:\GEOPROCESSAMENTO - CARTOGRAFIA\PROJETOS SIG\CADASTRO DE LOGRADOUROS\EIXOS DE LOGRADOURO\lOCALIDADE_BARRA_DE_GRAMAME_CORRECAO.shp,FIM_DIR,-1,-1,G:\GEOPROCESSAMENTO - CARTOGRAFIA\PROJETOS SIG\CADASTRO DE LOGRADOUROS\EIXOS DE LOGRADOURO\LOCALIDADE_GRAMAME_CORRECAO.shp,FIM_DIR,-1,-1,G:\GEOPROCESSAMENTO - CARTOGRAFIA\PROJETOS SIG\CADASTRO DE LOGRADOUROS\EIXOS DE LOGRADOURO\LOCALIDADE_MUMBABA_CORRECAO.shp,FIM_DIR,-1,-1,G:\GEOPROCESSAMENTO - CARTOGRAFIA\PROJETOS SIG\CADASTRO DE LOGRADOUROS\EIXOS DE LOGRADOURO\LOGRADOUROS_ALTIPLANO_CABO_BRANCO.shp,FIM_DIR,-1,-1,G:\GEOPROCESSAMENTO - CARTOGRAFIA\PROJETOS SIG\CADASTRO DE LOGRADOUROS\EIXOS DE LOGRADOURO\LOGRADOUROS_PARATIBE.shp,FIM_DIR,-1,-1;FIM_TRECHO 'FIM_TRECHO' true true false 3 Text 0 0 ,First,#,G:\GEOPROCESSAMENTO - CARTOGRAFIA\PROJETOS SIG\CADASTRO DE LOGRADOUROS\EIXOS DE LOGRADOURO\BAIRRO_MANGABEIRA_CORRECAO.shp,FIM_TRECHO,-1,-1,G:\GEOPROCESSAMENTO - CARTOGRAFIA\PROJETOS SIG\CADASTRO DE LOGRADOUROS\EIXOS DE LOGRADOURO\BAIRRO_MUCUMAGRO_CORRECAO.shp,FIM_TRECHO,-1,-1,G:\GEOPROCESSAMENTO - CARTOGRAFIA\PROJETOS SIG\CADASTRO DE LOGRADOUROS\EIXOS DE LOGRADOURO\BAIRRO_PENHA_CORRECAO.shp,FIM_TRECHO,-1,-1,G:\GEOPROCESSAMENTO - CARTOGRAFIA\PROJETOS SIG\CADASTRO DE LOGRADOUROS\EIXOS DE LOGRADOURO\BAIRRO_PLANALTO_DA_BOA_ESPERANCA_CORRECAO.shp,FIM_TRECHO,-1,-1,G:\GEOPROCESSAMENTO - CARTOGRAFIA\PROJETOS SIG\CADASTRO DE LOGRADOUROS\EIXOS DE LOGRADOURO\BAIRRO_PONTA_DO_SEIXAS_CORRECAO.shp,FIM_TRECHO,-1,-1,G:\GEOPROCESSAMENTO - CARTOGRAFIA\PROJETOS SIG\CADASTRO DE LOGRADOUROS\EIXOS DE LOGRADOURO\BAIRRO_PORTAL_DO_SOL_CORRECAO.shp,FIM_TRECHO,-1,-1,G:\GEOPROCESSAMENTO - CARTOGRAFIA\PROJETOS SIG\CADASTRO DE LOGRADOUROS\EIXOS DE LOGRADOURO\BAIRRO_ROGER_CORRECAO.shp,FIM_TRECHO,-1,-1,G:\GEOPROCESSAMENTO - CARTOGRAFIA\PROJETOS SIG\CADASTRO DE LOGRADOUROS\EIXOS DE LOGRADOURO\BAIRRO_SAO_JOSE_CORRECAO.shp,FIM_TRECHO,-1,-1,G:\GEOPROCESSAMENTO - CARTOGRAFIA\PROJETOS SIG\CADASTRO DE LOGRADOUROS\EIXOS DE LOGRADOURO\BAIRRO_TREZE_DE_MAIO_CORRECAO.shp,FIM_TRECHO,-1,-1,G:\GEOPROCESSAMENTO - CARTOGRAFIA\PROJETOS SIG\CADASTRO DE LOGRADOUROS\EIXOS DE LOGRADOURO\BAIRRO_VALENTINA_DE_FIGUEIREDO_CORRECAO.shp,FIM_TRECHO,-1,-1,G:\GEOPROCESSAMENTO - CARTOGRAFIA\PROJETOS SIG\CADASTRO DE LOGRADOUROS\EIXOS DE LOGRADOURO\BAIRRO_VARADOURO_CORRECAO.shp,FIM_TRECHO,-1,-1,G:\GEOPROCESSAMENTO - CARTOGRAFIA\PROJETOS SIG\CADASTRO DE LOGRADOUROS\EIXOS DE LOGRADOURO\lOCALIDADE_BARRA_DE_GRAMAME_CORRECAO.shp,FIM_TRECHO,-1,-1,G:\GEOPROCESSAMENTO - CARTOGRAFIA\PROJETOS SIG\CADASTRO DE LOGRADOUROS\EIXOS DE LOGRADOURO\LOCALIDADE_GRAMAME_CORRECAO.shp,FIM_TRECHO,-1,-1,G:\GEOPROCESSAMENTO - CARTOGRAFIA\PROJETOS SIG\CADASTRO DE LOGRADOUROS\EIXOS DE LOGRADOURO\LOCALIDADE_MUMBABA_CORRECAO.shp,FIM_TRECHO,-1,-1,G:\GEOPROCESSAMENTO - CARTOGRAFIA\PROJETOS SIG\CADASTRO DE LOGRADOUROS\EIXOS DE LOGRADOURO\LOGRADOUROS_ALTIPLANO_CABO_BRANCO.shp,FIM_TRECHO,-1,-1,G:\GEOPROCESSAMENTO - CARTOGRAFIA\PROJETOS SIG\CADASTRO DE LOGRADOUROS\EIXOS DE LOGRADOURO\LOGRADOUROS_PARATIBE.shp,FIM_TRECHO,-1,-1;ONEWAY 'ONEWAY' true true false 2 Text 0 0 ,First,#,G:\GEOPROCESSAMENTO - CARTOGRAFIA\PROJETOS SIG\CADASTRO DE LOGRADOUROS\EIXOS DE LOGRADOURO\BAIRRO_MANGABEIRA_CORRECAO.shp,ONEWAY,-1,-1,G:\GEOPROCESSAMENTO - CARTOGRAFIA\PROJETOS SIG\CADASTRO DE LOGRADOUROS\EIXOS DE LOGRADOURO\BAIRRO_MUCUMAGRO_CORRECAO.shp,ONEWAY,-1,-1,G:\GEOPROCESSAMENTO - CARTOGRAFIA\PROJETOS SIG\CADASTRO DE LOGRADOUROS\EIXOS DE LOGRADOURO\BAIRRO_PENHA_CORRECAO.shp,ONEWAY,-1,-1,G:\GEOPROCESSAMENTO - CARTOGRAFIA\PROJETOS SIG\CADASTRO DE LOGRADOUROS\EIXOS DE LOGRADOURO\BAIRRO_PLANALTO_DA_BOA_ESPERANCA_CORRECAO.shp,ONEWAY,-1,-1,G:\GEOPROCESSAMENTO - CARTOGRAFIA\PROJETOS SIG\CADASTRO DE LOGRADOUROS\EIXOS DE LOGRADOURO\BAIRRO_PONTA_DO_SEIXAS_CORRECAO.shp,ONEWAY,-1,-1,G:\GEOPROCESSAMENTO - CARTOGRAFIA\PROJETOS SIG\CADASTRO DE LOGRADOUROS\EIXOS DE LOGRADOURO\BAIRRO_PORTAL_DO_SOL_CORRECAO.shp,ONEWAY,-1,-1,G:\GEOPROCESSAMENTO - CARTOGRAFIA\PROJETOS SIG\CADASTRO DE LOGRADOUROS\EIXOS DE LOGRADOURO\BAIRRO_ROGER_CORRECAO.shp,ONEWAY,-1,-1,G:\GEOPROCESSAMENTO - CARTOGRAFIA\PROJETOS SIG\CADASTRO DE LOGRADOUROS\EIXOS DE LOGRADOURO\BAIRRO_SAO_JOSE_CORRECAO.shp,ONEWAY,-1,-1,G:\GEOPROCESSAMENTO - CARTOGRAFIA\PROJETOS SIG\CADASTRO DE LOGRADOUROS\EIXOS DE LOGRADOURO\BAIRRO_TREZE_DE_MAIO_CORRECAO.shp,ONEWAY,-1,-1,G:\GEOPROCESSAMENTO - CARTOGRAFIA\PROJETOS SIG\CADASTRO DE LOGRADOUROS\EIXOS DE LOGRADOURO\BAIRRO_VALENTINA_DE_FIGUEIREDO_CORRECAO.shp,ONEWAY,-1,-1,G:\GEOPROCESSAMENTO - CARTOGRAFIA\PROJETOS SIG\CADASTRO DE LOGRADOUROS\EIXOS DE LOGRADOURO\BAIRRO_VARADOURO_CORRECAO.shp,ONEWAY,-1,-1,G:\GEOPROCESSAMENTO - CARTOGRAFIA\PROJETOS SIG\CADASTRO DE LOGRADOUROS\EIXOS DE LOGRADOURO\lOCALIDADE_BARRA_DE_GRAMAME_CORRECAO.shp,ONEWAY,-1,-1,G:\GEOPROCESSAMENTO - CARTOGRAFIA\PROJETOS SIG\CADASTRO DE LOGRADOUROS\EIXOS DE LOGRADOURO\LOCALIDADE_GRAMAME_CORRECAO.shp,ONEWAY,-1,-1,G:\GEOPROCESSAMENTO - CARTOGRAFIA\PROJETOS SIG\CADASTRO DE LOGRADOUROS\EIXOS DE LOGRADOURO\LOCALIDADE_MUMBABA_CORRECAO.shp,ONEWAY,-1,-1,G:\GEOPROCESSAMENTO - CARTOGRAFIA\PROJETOS SIG\CADASTRO DE LOGRADOUROS\EIXOS DE LOGRADOURO\LOGRADOUROS_ALTIPLANO_CABO_BRANCO.shp,ONEWAY,-1,-1,G:\GEOPROCESSAMENTO - CARTOGRAFIA\PROJETOS SIG\CADASTRO DE LOGRADOUROS\EIXOS DE LOGRADOURO\LOGRADOUROS_PARATIBE.shp,ONEWAY,-1,-1"</Process><Process ToolSource="C:\Arquivos de programas\ArcGIS\ArcToolbox\Toolboxes\Data Management Tools.tbx\Merge" Date="20120105" Time="143854">Merge PARTE_3;PARTE_1;PARTE_2 "G:\GEOPROCESSAMENTO - CARTOGRAFIA\PROJETOS SIG\CADASTRO DE LOGRADOUROS\TEMPORARIO\LOGRADOUROS_TRECHOS.shp" "COD_LOGR 'COD_LOGR' true true false 4 Text 0 0 ,First,#,PARTE_3,COD_LOGR,-1,-1,PARTE_1,COD_LOGR,-1,-1,PARTE_2,COD_LOGR,-1,-1;TRECHO 'TRECHO' true true false 6 Text 0 0 ,First,#,PARTE_3,TRECHO,-1,-1,PARTE_1,TRECHO,-1,-1,PARTE_2,TRECHO,-1,-1;NOME_LOGR 'NOME_LOGR' true true false 100 Text 0 0 ,First,#,PARTE_3,NOME_LOGR,-1,-1,PARTE_1,NOME_LOGR,-1,-1,PARTE_2,NOME_LOGR,-1,-1;PAVIMENTAC 'PAVIMENTAC' true true false 50 Text 0 0 ,First,#,PARTE_3,PAVIMENTAC,-1,-1,PARTE_1,PAVIMENTAC,-1,-1,PARTE_2,PAVIMENTAC,-1,-1;PLACA_LOGR 'PLACA_LOGR' true true false 3 Text 0 0 ,First,#,PARTE_3,PLACA_LOGR,-1,-1,PARTE_1,PLACA_LOGR,-1,-1,PARTE_2,PLACA_LOGR,-1,-1;PLACA_TREC 'PLACA_TREC' true true false 3 Text 0 0 ,First,#,PARTE_3,PLACA_TREC,-1,-1,PARTE_1,PLACA_TREC,-1,-1,PARTE_2,PLACA_TREC,-1,-1;SENT_PREEN 'SENT_PREEN' true true false 1 Text 0 0 ,First,#,PARTE_3,SENT_PREEN,-1,-1,PARTE_1,SENT_PREEN,-1,-1,PARTE_2,SENT_PREEN,-1,-1;BAIRRO_ESQ 'BAIRRO_ESQ' true true false 3 Text 0 0 ,First,#,PARTE_3,BAIRRO_ESQ,-1,-1,PARTE_1,BAIRRO_ESQ,-1,-1,PARTE_2,BAIRRO_ESQ,-1,-1;BAIRRO_DIR 'BAIRRO_DIR' true true false 3 Text 0 0 ,First,#,PARTE_3,BAIRRO_DIR,-1,-1,PARTE_1,BAIRRO_DIR,-1,-1,PARTE_2,BAIRRO_DIR,-1,-1;CEP_ESQ 'CEP_ESQ' true true false 8 Text 0 0 ,First,#,PARTE_3,CEP_ESQ,-1,-1,PARTE_1,CEP_ESQ,-1,-1,PARTE_2,CEP_ESQ,-1,-1;CEP_DIR 'CEP_DIR' true true false 8 Text 0 0 ,First,#,PARTE_3,CEP_DIR,-1,-1,PARTE_1,CEP_DIR,-1,-1,PARTE_2,CEP_DIR,-1,-1;FACE_ESQ 'FACE_ESQ' true true false 6 Text 0 0 ,First,#,PARTE_3,FACE_ESQ,-1,-1,PARTE_1,FACE_ESQ,-1,-1,PARTE_2,FACE_ESQ,-1,-1;FACE_DIR 'FACE_DIR' true true false 6 Text 0 0 ,First,#,PARTE_3,FACE_DIR,-1,-1,PARTE_1,FACE_DIR,-1,-1,PARTE_2,FACE_DIR,-1,-1;NO_INICIO 'NO_INICIO' true true false 4 Short 0 4 ,First,#,PARTE_3,NO_INICIO,-1,-1,PARTE_1,NO_INICIO,-1,-1,PARTE_2,NO_INICIO,-1,-1;NO_FIM 'NO_FIM' true true false 4 Short 0 4 ,First,#,PARTE_3,NO_FIM,-1,-1,PARTE_1,NO_FIM,-1,-1,PARTE_2,NO_FIM,-1,-1;INICIO_ESQ 'INICIO_ESQ' true true false 4 Short 0 4 ,First,#,PARTE_3,INICIO_ESQ,-1,-1,PARTE_1,INICIO_ESQ,-1,-1,PARTE_2,INICIO_ESQ,-1,-1;INICIO_DIR 'INICIO_DIR' true true false 4 Short 0 4 ,First,#,PARTE_3,INICIO_DIR,-1,-1,PARTE_1,INICIO_DIR,-1,-1,PARTE_2,INICIO_DIR,-1,-1;FIM_ESQ 'FIM_ESQ' true true false 4 Short 0 4 ,First,#,PARTE_3,FIM_ESQ,-1,-1,PARTE_1,FIM_ESQ,-1,-1,PARTE_2,FIM_ESQ,-1,-1;FIM_DIR 'FIM_DIR' true true false 4 Short 0 4 ,First,#,PARTE_3,FIM_DIR,-1,-1,PARTE_1,FIM_DIR,-1,-1,PARTE_2,FIM_DIR,-1,-1;FIM_TRECHO 'FIM_TRECHO' true true false 3 Text 0 0 ,First,#,PARTE_3,FIM_TRECHO,-1,-1,PARTE_1,FIM_TRECHO,-1,-1,PARTE_2,FIM_TRECHO,-1,-1;ONEWAY 'ONEWAY' true true false 2 Text 0 0 ,First,#,PARTE_3,ONEWAY,-1,-1,PARTE_1,ONEWAY,-1,-1,PARTE_2,ONEWAY,-1,-1"</Process><Process ToolSource="C:\Arquivos de programas\ArcGIS\ArcToolbox\Toolboxes\Data Management Tools.tbx\CopyFeatures" Date="20120105" Time="145822">CopyFeatures "G:\GEOPROCESSAMENTO - CARTOGRAFIA\PROJETOS SIG\CADASTRO DE LOGRADOUROS\TEMPORARIO\LOGRADOUROS_TRECHOS.shp" "G:\GEOPROCESSAMENTO - CARTOGRAFIA\PROJETOS SIG\CADASTRO DE LOGRADOUROS\TEMPORARIO\logradouros.gdb\LOGRADOUROS_TRECHOS" # 0 0 0</Process><Process ToolSource="C:\Arquivos de programas\ArcGIS\ArcToolbox\Toolboxes\Conversion Tools.tbx\FeatureClassToFeatureClass" Date="20120409" Time="152731">FeatureClassToFeatureClass "C:\Documents and Settings\ecardoso\Meus documentos\TEMPORARIO\C.shp" "G:\GEOPROCESSAMENTO - CARTOGRAFIA\PROJETOS SIG\CADASTRO DE LOGRADOUROS\EIXO_DE_LOGRADOURO\logradouros.gdb" LOGRADOUROS_TRECHOS # "OBJECTID 'OBJECTID' true true false 9 Long 0 9 ,First,#,C:\Documents and Settings\ecardoso\Meus documentos\TEMPORARIO\C.shp,OBJECTID,-1,-1;COD_LOGR 'COD_LOGR' true true false 4 Text 0 0 ,First,#,C:\Documents and Settings\ecardoso\Meus documentos\TEMPORARIO\C.shp,COD_LOGR,-1,-1;TRECHO 'TRECHO' true true false 6 Text 0 0 ,First,#,C:\Documents and Settings\ecardoso\Meus documentos\TEMPORARIO\C.shp,TRECHO,-1,-1;NOME_LOGR 'NOME_LOGR' true true false 100 Text 0 0 ,First,#,C:\Documents and Settings\ecardoso\Meus documentos\TEMPORARIO\C.shp,NOME_LOGR,-1,-1;PAVIMENTAC 'PAVIMENTAC' true true false 50 Text 0 0 ,First,#,C:\Documents and Settings\ecardoso\Meus documentos\TEMPORARIO\C.shp,PAVIMENTAC,-1,-1;PLACA_LOGR 'PLACA_LOGR' true true false 3 Text 0 0 ,First,#,C:\Documents and Settings\ecardoso\Meus documentos\TEMPORARIO\C.shp,PLACA_LOGR,-1,-1;PLACA_TREC 'PLACA_TREC' true true false 3 Text 0 0 ,First,#,C:\Documents and Settings\ecardoso\Meus documentos\TEMPORARIO\C.shp,PLACA_TREC,-1,-1;SENT_PREEN 'SENT_PREEN' true true false 1 Text 0 0 ,First,#,C:\Documents and Settings\ecardoso\Meus documentos\TEMPORARIO\C.shp,SENT_PREEN,-1,-1;BAIRRO_ESQ 'BAIRRO_ESQ' true true false 3 Text 0 0 ,First,#,C:\Documents and Settings\ecardoso\Meus documentos\TEMPORARIO\C.shp,BAIRRO_ESQ,-1,-1;BAIRRO_DIR 'BAIRRO_DIR' true true false 3 Text 0 0 ,First,#,C:\Documents and Settings\ecardoso\Meus documentos\TEMPORARIO\C.shp,BAIRRO_DIR,-1,-1;CEP_ESQ 'CEP_ESQ' true true false 8 Text 0 0 ,First,#,C:\Documents and Settings\ecardoso\Meus documentos\TEMPORARIO\C.shp,CEP_ESQ,-1,-1;CEP_DIR 'CEP_DIR' true true false 8 Text 0 0 ,First,#,C:\Documents and Settings\ecardoso\Meus documentos\TEMPORARIO\C.shp,CEP_DIR,-1,-1;FACE_ESQ 'FACE_ESQ' true true false 6 Text 0 0 ,First,#,C:\Documents and Settings\ecardoso\Meus documentos\TEMPORARIO\C.shp,FACE_ESQ,-1,-1;FACE_DIR 'FACE_DIR' true true false 6 Text 0 0 ,First,#,C:\Documents and Settings\ecardoso\Meus documentos\TEMPORARIO\C.shp,FACE_DIR,-1,-1;NO_INICIO 'NO_INICIO' true true false 4 Short 0 4 ,First,#,C:\Documents and Settings\ecardoso\Meus documentos\TEMPORARIO\C.shp,NO_INICIO,-1,-1;NO_FIM 'NO_FIM' true true false 4 Short 0 4 ,First,#,C:\Documents and Settings\ecardoso\Meus documentos\TEMPORARIO\C.shp,NO_FIM,-1,-1;INICIO_ESQ 'INICIO_ESQ' true true false 4 Short 0 4 ,First,#,C:\Documents and Settings\ecardoso\Meus documentos\TEMPORARIO\C.shp,INICIO_ESQ,-1,-1;INICIO_DIR 'INICIO_DIR' true true false 4 Short 0 4 ,First,#,C:\Documents and Settings\ecardoso\Meus documentos\TEMPORARIO\C.shp,INICIO_DIR,-1,-1;FIM_ESQ 'FIM_ESQ' true true false 4 Short 0 4 ,First,#,C:\Documents and Settings\ecardoso\Meus documentos\TEMPORARIO\C.shp,FIM_ESQ,-1,-1;FIM_DIR 'FIM_DIR' true true false 4 Short 0 4 ,First,#,C:\Documents and Settings\ecardoso\Meus documentos\TEMPORARIO\C.shp,FIM_DIR,-1,-1;FIM_TRECHO 'FIM_TRECHO' true true false 3 Text 0 0 ,First,#,C:\Documents and Settings\ecardoso\Meus documentos\TEMPORARIO\C.shp,FIM_TRECHO,-1,-1;ONEWAY 'ONEWAY' true true false 2 Text 0 0 ,First,#,C:\Documents and Settings\ecardoso\Meus documentos\TEMPORARIO\C.shp,ONEWAY,-1,-1;ESTADO 'ESTADO' true true false 50 Text 0 0 ,First,#,C:\Documents and Settings\ecardoso\Meus documentos\TEMPORARIO\C.shp,ESTADO,-1,-1;Shape_Leng 'Shape_Leng' true true false 19 Double 0 0 ,First,#,C:\Documents and Settings\ecardoso\Meus documentos\TEMPORARIO\C.shp,Shape_Leng,-1,-1" # "G:\GEOPROCESSAMENTO - CARTOGRAFIA\PROJETOS SIG\CADASTRO DE LOGRADOUROS\EIXO_DE_LOGRADOURO\logradouros.gdb\LOGRADOUROS_TRECHOS"</Process><Process ToolSource="C:\Arquivos de programas\ArcGIS\ArcToolbox\Toolboxes\Conversion Tools.tbx\FeatureClassToFeatureClass" Date="20120507" Time="162648">FeatureClassToFeatureClass "G:\GEOPROCESSAMENTO - CARTOGRAFIA\EQUIPE TÉCNICA\Eini\PAVIMENTACAO\LOGRADOUROS-TRECHOS-ATUALIZADO.shp" "G:\GEOPROCESSAMENTO - CARTOGRAFIA\PROJETOS SIG\CADASTRO DE LOGRADOUROS\EIXO_DE_LOGRADOURO\logradouros.gdb" LOGRADOUROS_TRECHOS # "OBJECTID_1 'OBJECTID_1' true true false 9 Long 0 9 ,First,#,G:\GEOPROCESSAMENTO - CARTOGRAFIA\EQUIPE TÉCNICA\Eini\PAVIMENTACAO\LOGRADOUROS-TRECHOS-ATUALIZADO.shp,OBJECTID_1,-1,-1;OBJECTID 'OBJECTID' true true false 9 Long 0 9 ,First,#,G:\GEOPROCESSAMENTO - CARTOGRAFIA\EQUIPE TÉCNICA\Eini\PAVIMENTACAO\LOGRADOUROS-TRECHOS-ATUALIZADO.shp,OBJECTID,-1,-1;COD_LOGR 'COD_LOGR' true true false 4 Text 0 0 ,First,#,G:\GEOPROCESSAMENTO - CARTOGRAFIA\EQUIPE TÉCNICA\Eini\PAVIMENTACAO\LOGRADOUROS-TRECHOS-ATUALIZADO.shp,COD_LOGR,-1,-1;TRECHO 'TRECHO' true true false 6 Text 0 0 ,First,#,G:\GEOPROCESSAMENTO - CARTOGRAFIA\EQUIPE TÉCNICA\Eini\PAVIMENTACAO\LOGRADOUROS-TRECHOS-ATUALIZADO.shp,TRECHO,-1,-1;NOME_LOGR 'NOME_LOGR' true true false 100 Text 0 0 ,First,#,G:\GEOPROCESSAMENTO - CARTOGRAFIA\EQUIPE TÉCNICA\Eini\PAVIMENTACAO\LOGRADOUROS-TRECHOS-ATUALIZADO.shp,NOME_LOGR,-1,-1;PAVIMENTAC 'PAVIMENTAC' true true false 50 Text 0 0 ,First,#,G:\GEOPROCESSAMENTO - CARTOGRAFIA\EQUIPE TÉCNICA\Eini\PAVIMENTACAO\LOGRADOUROS-TRECHOS-ATUALIZADO.shp,PAVIMENTAC,-1,-1;PLACA_LOGR 'PLACA_LOGR' true true false 3 Text 0 0 ,First,#,G:\GEOPROCESSAMENTO - CARTOGRAFIA\EQUIPE TÉCNICA\Eini\PAVIMENTACAO\LOGRADOUROS-TRECHOS-ATUALIZADO.shp,PLACA_LOGR,-1,-1;PLACA_TREC 'PLACA_TREC' true true false 3 Text 0 0 ,First,#,G:\GEOPROCESSAMENTO - CARTOGRAFIA\EQUIPE TÉCNICA\Eini\PAVIMENTACAO\LOGRADOUROS-TRECHOS-ATUALIZADO.shp,PLACA_TREC,-1,-1;SENT_PREEN 'SENT_PREEN' true true false 1 Text 0 0 ,First,#,G:\GEOPROCESSAMENTO - CARTOGRAFIA\EQUIPE TÉCNICA\Eini\PAVIMENTACAO\LOGRADOUROS-TRECHOS-ATUALIZADO.shp,SENT_PREEN,-1,-1;BAIRRO_ESQ 'BAIRRO_ESQ' true true false 3 Text 0 0 ,First,#,G:\GEOPROCESSAMENTO - CARTOGRAFIA\EQUIPE TÉCNICA\Eini\PAVIMENTACAO\LOGRADOUROS-TRECHOS-ATUALIZADO.shp,BAIRRO_ESQ,-1,-1;BAIRRO_DIR 'BAIRRO_DIR' true true false 3 Text 0 0 ,First,#,G:\GEOPROCESSAMENTO - CARTOGRAFIA\EQUIPE TÉCNICA\Eini\PAVIMENTACAO\LOGRADOUROS-TRECHOS-ATUALIZADO.shp,BAIRRO_DIR,-1,-1;CEP_ESQ 'CEP_ESQ' true true false 8 Text 0 0 ,First,#,G:\GEOPROCESSAMENTO - CARTOGRAFIA\EQUIPE TÉCNICA\Eini\PAVIMENTACAO\LOGRADOUROS-TRECHOS-ATUALIZADO.shp,CEP_ESQ,-1,-1;CEP_DIR 'CEP_DIR' true true false 8 Text 0 0 ,First,#,G:\GEOPROCESSAMENTO - CARTOGRAFIA\EQUIPE TÉCNICA\Eini\PAVIMENTACAO\LOGRADOUROS-TRECHOS-ATUALIZADO.shp,CEP_DIR,-1,-1;FACE_ESQ 'FACE_ESQ' true true false 6 Text 0 0 ,First,#,G:\GEOPROCESSAMENTO - CARTOGRAFIA\EQUIPE TÉCNICA\Eini\PAVIMENTACAO\LOGRADOUROS-TRECHOS-ATUALIZADO.shp,FACE_ESQ,-1,-1;FACE_DIR 'FACE_DIR' true true false 6 Text 0 0 ,First,#,G:\GEOPROCESSAMENTO - CARTOGRAFIA\EQUIPE TÉCNICA\Eini\PAVIMENTACAO\LOGRADOUROS-TRECHOS-ATUALIZADO.shp,FACE_DIR,-1,-1;NO_INICIO 'NO_INICIO' true true false 4 Short 0 4 ,First,#,G:\GEOPROCESSAMENTO - CARTOGRAFIA\EQUIPE TÉCNICA\Eini\PAVIMENTACAO\LOGRADOUROS-TRECHOS-ATUALIZADO.shp,NO_INICIO,-1,-1;NO_FIM 'NO_FIM' true true false 4 Short 0 4 ,First,#,G:\GEOPROCESSAMENTO - CARTOGRAFIA\EQUIPE TÉCNICA\Eini\PAVIMENTACAO\LOGRADOUROS-TRECHOS-ATUALIZADO.shp,NO_FIM,-1,-1;INICIO_ESQ 'INICIO_ESQ' true true false 4 Short 0 4 ,First,#,G:\GEOPROCESSAMENTO - CARTOGRAFIA\EQUIPE TÉCNICA\Eini\PAVIMENTACAO\LOGRADOUROS-TRECHOS-ATUALIZADO.shp,INICIO_ESQ,-1,-1;INICIO_DIR 'INICIO_DIR' true true false 4 Short 0 4 ,First,#,G:\GEOPROCESSAMENTO - CARTOGRAFIA\EQUIPE TÉCNICA\Eini\PAVIMENTACAO\LOGRADOUROS-TRECHOS-ATUALIZADO.shp,INICIO_DIR,-1,-1;FIM_ESQ 'FIM_ESQ' true true false 4 Short 0 4 ,First,#,G:\GEOPROCESSAMENTO - CARTOGRAFIA\EQUIPE TÉCNICA\Eini\PAVIMENTACAO\LOGRADOUROS-TRECHOS-ATUALIZADO.shp,FIM_ESQ,-1,-1;FIM_DIR 'FIM_DIR' true true false 4 Short 0 4 ,First,#,G:\GEOPROCESSAMENTO - CARTOGRAFIA\EQUIPE TÉCNICA\Eini\PAVIMENTACAO\LOGRADOUROS-TRECHOS-ATUALIZADO.shp,FIM_DIR,-1,-1;FIM_TRECHO 'FIM_TRECHO' true true false 3 Text 0 0 ,First,#,G:\GEOPROCESSAMENTO - CARTOGRAFIA\EQUIPE TÉCNICA\Eini\PAVIMENTACAO\LOGRADOUROS-TRECHOS-ATUALIZADO.shp,FIM_TRECHO,-1,-1;ONEWAY 'ONEWAY' true true false 2 Text 0 0 ,First,#,G:\GEOPROCESSAMENTO - CARTOGRAFIA\EQUIPE TÉCNICA\Eini\PAVIMENTACAO\LOGRADOUROS-TRECHOS-ATUALIZADO.shp,ONEWAY,-1,-1;ESTADO 'ESTADO' true true false 50 Text 0 0 ,First,#,G:\GEOPROCESSAMENTO - CARTOGRAFIA\EQUIPE TÉCNICA\Eini\PAVIMENTACAO\LOGRADOUROS-TRECHOS-ATUALIZADO.shp,ESTADO,-1,-1;Shape_Leng 'Shape_Leng' true true false 19 Double 0 0 ,First,#,G:\GEOPROCESSAMENTO - CARTOGRAFIA\EQUIPE TÉCNICA\Eini\PAVIMENTACAO\LOGRADOUROS-TRECHOS-ATUALIZADO.shp,Shape_Leng,-1,-1;Shape_Le_1 'Shape_Le_1' true true false 19 Double 0 0 ,First,#,G:\GEOPROCESSAMENTO - CARTOGRAFIA\EQUIPE TÉCNICA\Eini\PAVIMENTACAO\LOGRADOUROS-TRECHOS-ATUALIZADO.shp,Shape_Le_1,-1,-1" # "G:\GEOPROCESSAMENTO - CARTOGRAFIA\PROJETOS SIG\CADASTRO DE LOGRADOUROS\EIXO_DE_LOGRADOURO\logradouros.gdb\LOGRADOUROS_TRECHOS"</Process><Process ToolSource="C:\Arquivos de programas\ArcGIS\ArcToolbox\Toolboxes\Data Management Tools.tbx\CopyFeatures" Date="20120521" Time="102315">CopyFeatures "G:\GEOPROCESSAMENTO - CARTOGRAFIA\PROJETOS SIG\CADASTRO DE LOGRADOUROS\EIXO_DE_LOGRADOURO\logradouros.gdb\LOGRADOUROS_TRECHOS" "C:\Documents and Settings\gjsilva\Desktop\geodabase\LOGRADOUROS_TRECHOS.shp" # 0 0 0</Process><Process ToolSource="C:\Arquivos de programas\ArcGIS\ArcToolbox\Toolboxes\Data Management Tools.tbx\CopyFeatures" Date="20120524" Time="132022">CopyFeatures "C:\Documents and Settings\gjsilva\Desktop\geodabase\LOGRADOUROS_TRECHOS.shp" "G:\GEOPROCESSAMENTO - CARTOGRAFIA\PROJETOS SIG\CADASTRO DE LOGRADOUROS\EIXO_DE_LOGRADOURO\logradouros.gdb\LOGRADOUROS_TRECHOS" # 0 0 0</Process><Process ToolSource="C:\Arquivos de programas\ArcGIS\ArcToolbox\Toolboxes\Data Management Tools.tbx\CopyFeatures" Date="20120528" Time="134021">CopyFeatures "C:\Documents and Settings\gjsilva\Meus documentos\LOGRADOUROS_TRECHOS_GEODATA\LOGRADOUROS_TRECHOS.shp" "G:\GEOPROCESSAMENTO - CARTOGRAFIA\PROJETOS SIG\CADASTRO DE LOGRADOUROS\EIXO_DE_LOGRADOURO\logradouros.gdb\LOGRADOUROS_TRECHOS" # 0 0 0</Process><Process ToolSource="C:\Arquivos de programas\ArcGIS\ArcToolbox\Toolboxes\Conversion Tools.tbx\FeatureClassToFeatureClass" Date="20120807" Time="135547">FeatureClassToFeatureClass "G:\GEOPROCESSAMENTO - CARTOGRAFIA\PROJETOS SIG\CADASTRO DE LOGRADOUROS\EIXO_DE_LOGRADOURO\LOGRADOUROS.shp" "G:\GEOPROCESSAMENTO - CARTOGRAFIA\PROJETOS SIG\CADASTRO DE LOGRADOUROS\EIXO_DE_LOGRADOURO\LOGRADOUROS.gdb" LOGRADOUROS_TRECHOS # "COD_LOGR 'COD_LOGR' true true false 4 Text 0 0 ,First,#,G:\GEOPROCESSAMENTO - CARTOGRAFIA\PROJETOS SIG\CADASTRO DE LOGRADOUROS\EIXO_DE_LOGRADOURO\LOGRADOUROS.shp,COD_LOGR,-1,-1;TRECHO 'TRECHO' true true false 6 Text 0 0 ,First,#,G:\GEOPROCESSAMENTO - CARTOGRAFIA\PROJETOS SIG\CADASTRO DE LOGRADOUROS\EIXO_DE_LOGRADOURO\LOGRADOUROS.shp,TRECHO,-1,-1;NOME_LOGR 'NOME_LOGR' true true false 100 Text 0 0 ,First,#,G:\GEOPROCESSAMENTO - CARTOGRAFIA\PROJETOS SIG\CADASTRO DE LOGRADOUROS\EIXO_DE_LOGRADOURO\LOGRADOUROS.shp,NOME_LOGR,-1,-1;PAVIMENTAC 'PAVIMENTAC' true true false 50 Text 0 0 ,First,#,G:\GEOPROCESSAMENTO - CARTOGRAFIA\PROJETOS SIG\CADASTRO DE LOGRADOUROS\EIXO_DE_LOGRADOURO\LOGRADOUROS.shp,PAVIMENTAC,-1,-1;PLACA_LOGR 'PLACA_LOGR' true true false 3 Text 0 0 ,First,#,G:\GEOPROCESSAMENTO - CARTOGRAFIA\PROJETOS SIG\CADASTRO DE LOGRADOUROS\EIXO_DE_LOGRADOURO\LOGRADOUROS.shp,PLACA_LOGR,-1,-1;PLACA_TREC 'PLACA_TREC' true true false 3 Text 0 0 ,First,#,G:\GEOPROCESSAMENTO - CARTOGRAFIA\PROJETOS SIG\CADASTRO DE LOGRADOUROS\EIXO_DE_LOGRADOURO\LOGRADOUROS.shp,PLACA_TREC,-1,-1;SENT_PREEN 'SENT_PREEN' true true false 1 Text 0 0 ,First,#,G:\GEOPROCESSAMENTO - CARTOGRAFIA\PROJETOS SIG\CADASTRO DE LOGRADOUROS\EIXO_DE_LOGRADOURO\LOGRADOUROS.shp,SENT_PREEN,-1,-1;BAIRRO_ESQ 'BAIRRO_ESQ' true true false 3 Text 0 0 ,First,#,G:\GEOPROCESSAMENTO - CARTOGRAFIA\PROJETOS SIG\CADASTRO DE LOGRADOUROS\EIXO_DE_LOGRADOURO\LOGRADOUROS.shp,BAIRRO_ESQ,-1,-1;BAIRRO_DIR 'BAIRRO_DIR' true true false 3 Text 0 0 ,First,#,G:\GEOPROCESSAMENTO - CARTOGRAFIA\PROJETOS SIG\CADASTRO DE LOGRADOUROS\EIXO_DE_LOGRADOURO\LOGRADOUROS.shp,BAIRRO_DIR,-1,-1;CEP_ESQ 'CEP_ESQ' true true false 8 Text 0 0 ,First,#,G:\GEOPROCESSAMENTO - CARTOGRAFIA\PROJETOS SIG\CADASTRO DE LOGRADOUROS\EIXO_DE_LOGRADOURO\LOGRADOUROS.shp,CEP_ESQ,-1,-1;CEP_DIR 'CEP_DIR' true true false 8 Text 0 0 ,First,#,G:\GEOPROCESSAMENTO - CARTOGRAFIA\PROJETOS SIG\CADASTRO DE LOGRADOUROS\EIXO_DE_LOGRADOURO\LOGRADOUROS.shp,CEP_DIR,-1,-1;FACE_ESQ 'FACE_ESQ' true true false 6 Text 0 0 ,First,#,G:\GEOPROCESSAMENTO - CARTOGRAFIA\PROJETOS SIG\CADASTRO DE LOGRADOUROS\EIXO_DE_LOGRADOURO\LOGRADOUROS.shp,FACE_ESQ,-1,-1;FACE_DIR 'FACE_DIR' true true false 6 Text 0 0 ,First,#,G:\GEOPROCESSAMENTO - CARTOGRAFIA\PROJETOS SIG\CADASTRO DE LOGRADOUROS\EIXO_DE_LOGRADOURO\LOGRADOUROS.shp,FACE_DIR,-1,-1;NO_INICIO 'NO_INICIO' true true false 4 Short 0 4 ,First,#,G:\GEOPROCESSAMENTO - CARTOGRAFIA\PROJETOS SIG\CADASTRO DE LOGRADOUROS\EIXO_DE_LOGRADOURO\LOGRADOUROS.shp,NO_INICIO,-1,-1;NO_FIM 'NO_FIM' true true false 4 Short 0 4 ,First,#,G:\GEOPROCESSAMENTO - CARTOGRAFIA\PROJETOS SIG\CADASTRO DE LOGRADOUROS\EIXO_DE_LOGRADOURO\LOGRADOUROS.shp,NO_FIM,-1,-1;INICIO_ESQ 'INICIO_ESQ' true true false 4 Short 0 4 ,First,#,G:\GEOPROCESSAMENTO - CARTOGRAFIA\PROJETOS SIG\CADASTRO DE LOGRADOUROS\EIXO_DE_LOGRADOURO\LOGRADOUROS.shp,INICIO_ESQ,-1,-1;INICIO_DIR 'INICIO_DIR' true true false 4 Short 0 4 ,First,#,G:\GEOPROCESSAMENTO - CARTOGRAFIA\PROJETOS SIG\CADASTRO DE LOGRADOUROS\EIXO_DE_LOGRADOURO\LOGRADOUROS.shp,INICIO_DIR,-1,-1;FIM_ESQ 'FIM_ESQ' true true false 4 Short 0 4 ,First,#,G:\GEOPROCESSAMENTO - CARTOGRAFIA\PROJETOS SIG\CADASTRO DE LOGRADOUROS\EIXO_DE_LOGRADOURO\LOGRADOUROS.shp,FIM_ESQ,-1,-1;FIM_DIR 'FIM_DIR' true true false 4 Short 0 4 ,First,#,G:\GEOPROCESSAMENTO - CARTOGRAFIA\PROJETOS SIG\CADASTRO DE LOGRADOUROS\EIXO_DE_LOGRADOURO\LOGRADOUROS.shp,FIM_DIR,-1,-1;FIM_TRECHO 'FIM_TRECHO' true true false 3 Text 0 0 ,First,#,G:\GEOPROCESSAMENTO - CARTOGRAFIA\PROJETOS SIG\CADASTRO DE LOGRADOUROS\EIXO_DE_LOGRADOURO\LOGRADOUROS.shp,FIM_TRECHO,-1,-1;ONEWAY 'ONEWAY' true true false 2 Text 0 0 ,First,#,G:\GEOPROCESSAMENTO - CARTOGRAFIA\PROJETOS SIG\CADASTRO DE LOGRADOUROS\EIXO_DE_LOGRADOURO\LOGRADOUROS.shp,ONEWAY,-1,-1;ESTADO 'ESTADO' true true false 50 Text 0 0 ,First,#,G:\GEOPROCESSAMENTO - CARTOGRAFIA\PROJETOS SIG\CADASTRO DE LOGRADOUROS\EIXO_DE_LOGRADOURO\LOGRADOUROS.shp,ESTADO,-1,-1" # "G:\GEOPROCESSAMENTO - CARTOGRAFIA\PROJETOS SIG\CADASTRO DE LOGRADOUROS\EIXO_DE_LOGRADOURO\LOGRADOUROS.gdb\LOGRADOUROS_TRECHOS"</Process><Process ToolSource="C:\Arquivos de programas\ArcGIS\ArcToolbox\Toolboxes\Data Management Tools.tbx\CopyFeatures" Date="20120905" Time="165809">CopyFeatures "G:\GEOPROCESSAMENTO - CARTOGRAFIA\EQUIPE TÉCNICA\Eini\EIXO_LOGRADOURO\EIXO_LOGRADOURO.shp" "G:\GEOPROCESSAMENTO - CARTOGRAFIA\PROJETOS SIG\CADASTRO DE LOGRADOUROS\EIXO_DE_LOGRADOURO\LOGRADOUROS.gdb\EIXO_LOGRADOURO" # 0 0 0</Process><Process ToolSource="C:\Arquivos de programas\ArcGIS\ArcToolbox\Toolboxes\Data Management Tools.tbx\CopyFeatures" Date="20120914" Time="094610">CopyFeatures "C:\Documents and Settings\ecardoso\Meus documentos\Downloads\LOGRADOUROS SEM NOME\LOGRADOUROS SEM NOME\LOGRADOUROS_TRECHOS.shp" "G:\GEOPROCESSAMENTO - CARTOGRAFIA\PROJETOS SIG\CADASTRO DE LOGRADOUROS\EIXO_DE_LOGRADOURO\LOGRADOUROS.gdb\LOGRADOUROS_TRECHOS_1" # 0 0 0</Process><Process ToolSource="C:\Arquivos de programas\ArcGIS\ArcToolbox\Toolboxes\Data Management Tools.tbx\DeleteField" Date="20130415" Time="122200">DeleteField "G:\GEOPROCESSAMENTO - CARTOGRAFIA\PROJETOS SIG\CADASTRO DE LOGRADOUROS\EIXO_DE_LOGRADOURO\LOGRADOUROS.gdb\LOGRADOUROS_ATIVO" OBJECTID_1;PLACA_LOGR;PLACA_TREC;SENT_PREEN;BAIRRO_ESQ;BAIRRO_DIR;CEP_ESQ;CEP_DIR;FACE_ESQ;FACE_DIR;NO_INICIO;NO_FIM;INICIO_ESQ;INICIO_DIR;FIM_ESQ;FIM_DIR;FIM_TRECHO;ONEWAY;ESTADO "G:\GEOPROCESSAMENTO - CARTOGRAFIA\PROJETOS SIG\CADASTRO DE LOGRADOUROS\EIXO_DE_LOGRADOURO\LOGRADOUROS.gdb\LOGRADOUROS_ATIVO"</Process><Process ToolSource="C:\Arquivos de programas\ArcGIS\ArcToolbox\Toolboxes\Data Management Tools.tbx\CompressFileGeodatabaseData" Date="20130809" Time="142318">CompressFileGeodatabaseData "G:\GEOPROCESSAMENTO - CARTOGRAFIA\BASE SIG\BASE SHAPES\LOGRADOUROS\LOGRADOUROS.gdb\LOGRADOUROS_ATIVO" "G:\GEOPROCESSAMENTO - CARTOGRAFIA\BASE SIG\BASE SHAPES\LOGRADOUROS\LOGRADOUROS.gdb\LOGRADOUROS_ATIVO"</Process><Process ToolSource="C:\Arquivos de programas\ArcGIS\ArcToolbox\Toolboxes\Data Management Tools.tbx\UncompressFileGeodatabaseData" Date="20130823" Time="143253">UncompressFileGeodatabaseData "G:\GEOPROCESSAMENTO - CARTOGRAFIA\BASE SIG\BASE SHAPES\LOGRADOUROS\LOGRADOUROS.gdb\LOGRADOUROS_ATIVO" # "G:\GEOPROCESSAMENTO - CARTOGRAFIA\BASE SIG\BASE SHAPES\LOGRADOUROS\LOGRADOUROS.gdb\LOGRADOUROS_ATIVO"</Process><Process ToolSource="C:\Arquivos de programas\ArcGIS\ArcToolbox\Toolboxes\Data Management Tools.tbx\CompressFileGeodatabaseData" Date="20130823" Time="143353">CompressFileGeodatabaseData "G:\GEOPROCESSAMENTO - CARTOGRAFIA\BASE SIG\BASE SHAPES\LOGRADOUROS\LOGRADOUROS.gdb\LOGRADOUROS_ATIVO" "G:\GEOPROCESSAMENTO - CARTOGRAFIA\BASE SIG\BASE SHAPES\LOGRADOUROS\LOGRADOUROS.gdb\LOGRADOUROS_ATIVO"</Process><Process ToolSource="C:\Arquivos de programas\ArcGIS\ArcToolbox\Toolboxes\Data Management Tools.tbx\CopyFeatures" Date="20130826" Time="132102">CopyFeatures "G:\GEOPROCESSAMENTO - CARTOGRAFIA\BASE SIG\BASE SHAPES\LOGRADOUROS\LOGRADOUROS.gdb\LOGRADOUROS_ATIVO" "G:\GEOPROCESSAMENTO - CARTOGRAFIA\BASE SIG\EQUIPE TÉCNICA\Mayara\TEMP\GEODATABASE_LOG_BASE_SIG\LOGRADOUROS_ATIVO.shp" # 0 0 0</Process><Process ToolSource="C:\Arquivos de programas\ArcGIS\ArcToolbox\Toolboxes\Conversion Tools.tbx\CreateCADXData" Date="20130830" Time="132145">CreateCADXData LOGRADOUROS_ATIVO NOME_LOGR ArcGIS ADE LOGRADOUROS_ATIVO</Process><Process ToolSource="C:\Arquivos de programas\ArcGIS\ArcToolbox\Toolboxes\Conversion Tools.tbx\CreateCADXData" Date="20130830" Time="133834">CreateCADXData LOGRADOUROS_ATIVO NOME_LOGR ArcGIS ADE LOGRADOUROS_ATIVO</Process><Process ToolSource="C:\Arquivos de programas\ArcGIS\ArcToolbox\Toolboxes\Conversion Tools.tbx\SetCADAlias" Date="20130830" Time="140056">SetCADAlias LOGRADOUROS_ATIVO "OBJECTID OBJECTID VISIBLE NONE;COD_LOGR COD_LOGR VISIBLE NONE;TRECHO TRECHO VISIBLE NONE;NOME_LOGR NOME_LOGR VISIBLE NONE;PAVIMENTAC PAVIMENTAC VISIBLE NONE;Shape_Leng Shape_Leng VISIBLE NONE;PROJETO_LE PROJETO_LE VISIBLE NONE;DATA_PROJE DATA_PROJE VISIBLE NONE;Shape_Le_1 Shape_Le_1 VISIBLE NONE;XDList XDList VISIBLE NONE" LOGRADOUROS_ATIVO</Process><Process ToolSource="c:\program files (x86)\arcgis\desktop10.4\ArcToolbox\Toolboxes\Data Management Tools.tbx\CalculateField" Date="20171122" Time="114156">CalculateField LOGRADOUROS_ATIVO COD_LOGR "4500" VB #</Process><Process ToolSource="c:\program files (x86)\arcgis\desktop10.4\ArcToolbox\Toolboxes\Data Management Tools.tbx\CalculateField" Date="20171218" Time="101137">CalculateField LOGRADOUROS_ATIVO NOME_LOGR "RUA OLIVIA MARTINS DE ALMEIDA GUERRA" VB #</Process><Process ToolSource="c:\program files (x86)\arcgis\desktop10.4\ArcToolbox\Toolboxes\Data Management Tools.tbx\CalculateField" Date="20180108" Time="123050">CalculateField LOGRADOUROS_ATIVO NOME_LOGR "VIA EXPRESSA AIRTON SENNA DA SILVA" VB #</Process><Process ToolSource="c:\program files (x86)\arcgis\desktop10.4\ArcToolbox\Toolboxes\Data Management Tools.tbx\CalculateField" Date="20180112" Time="104712">CalculateField LOGRADOUROS_ATIVO NOME_LOGR "RUA CARNEIRO CAMPOS" VB #</Process><Process ToolSource="c:\program files (x86)\arcgis\desktop10.4\ArcToolbox\Toolboxes\Data Management Tools.tbx\CalculateField" Date="20180126" Time="124439">CalculateField LOGRADOUROS_ATIVO NOME_LOGR "RUA SEVERINO ENNES DE ATHAYDE" VB #</Process><Process ToolSource="c:\program files (x86)\arcgis\desktop10.4\ArcToolbox\Toolboxes\Data Management Tools.tbx\CalculateField" Date="20180126" Time="125956">CalculateField LOGRADOUROS\LOGRADOUROS_ATIVO NOME_LOGR "RUA FERNANDO TORRES" VB #</Process><Process ToolSource="c:\program files (x86)\arcgis\desktop10.4\ArcToolbox\Toolboxes\Data Management Tools.tbx\CalculateField" Date="20180306" Time="124427">CalculateField LOGRADOUROS_ATIVO NOME_LOGR "AV GAL AURELIO DE LYRA TAVARES" VB #</Process><Process ToolSource="c:\program files (x86)\arcgis\desktop10.4\ArcToolbox\Toolboxes\Data Management Tools.tbx\CalculateField" Date="20180306" Time="124503">CalculateField LOGRADOUROS_ATIVO NOME_LOGR "RUA GAL AURELIO DE LYRA TAVARES" VB #</Process><Process ToolSource="c:\program files (x86)\arcgis\desktop10.4\ArcToolbox\Toolboxes\Data Management Tools.tbx\CalculateField" Date="20180326" Time="114821">CalculateField LOGRADOUROS_ATIVO NOME_LOGR "RUA PROF LUZIA SIMÕES BARTOLINI" VB #</Process></lineage></DataProperties><ArcGISFormat>1.0</ArcGISFormat></Esri><idinfo><native Sync="TRUE">Microsoft Windows XP Version 5.1 (Build 2600) Service Pack 3; ESRI ArcCatalog 9.3.0.1770</native><descript><langdata Sync="TRUE">pt</langdata><abstract>REQUIRED: A brief narrative summary of the data set.</abstract><purpose>REQUIRED: A summary of the intentions with which the data set was developed.</purpose></descript><citation><citeinfo><origin>REQUIRED: The name of an organization or individual that developed the data set.</origin><pubdate>REQUIRED: The date when the data set is published or otherwise made available for release.</pubdate><title Sync="TRUE">LOGRADOUROS_ATIVO</title><ftname Sync="TRUE">LOGRADOUROS_ATIVO</ftname><geoform Sync="TRUE">vector digital data</geoform><onlink Sync="TRUE">\\10.96.0.14\seplangeo\GEOPROCESSAMENTO - CARTOGRAFIA\PROJETOS SIG\CADASTRO DE LOGRADOUROS\EIXO_DE_LOGRADOURO\LOGRADOUROS\LOGRADOUROS_ATIVO</onlink></citeinfo></citation><timeperd><current>REQUIRED: The basis on which the time period of content information is determined.</current><timeinfo><sngdate><caldate>REQUIRED: The year (and optionally month, or month and day) for which the data set corresponds to the ground.</caldate></sngdate></timeinfo></timeperd><status><progress>REQUIRED: The state of the data set.</progress><update>REQUIRED: The frequency with which changes and additions are made to the data set after the initial data set is completed.</update></status><spdom><bounding><westbc Sync="TRUE">-34.941148</westbc><eastbc Sync="TRUE">-34.792889</eastbc><northbc Sync="TRUE">-7.055351</northbc><southbc Sync="TRUE">-7.235505</southbc></bounding><lboundng><leftbc Sync="TRUE">285666.497100</leftbc><rightbc Sync="TRUE">301964.927700</rightbc><bottombc Sync="TRUE">9199823.459800</bottombc><topbc Sync="TRUE">9219683.635400</topbc></lboundng></spdom><keywords><theme><themekt>REQUIRED: Reference to a formally registered thesaurus or a similar authoritative source of theme keywords.</themekt><themekey>REQUIRED: Common-use word or phrase used to describe the subject of the data set.</themekey></theme></keywords><accconst>REQUIRED: Restrictions and legal prerequisites for accessing the data set.</accconst><useconst>REQUIRED: Restrictions and legal prerequisites for using the data set after access is granted.</useconst><natvform Sync="TRUE">Shapefile</natvform></idinfo><dataIdInfo><envirDesc Sync="TRUE">Microsoft Windows XP Version 5.1 (Build 2600) Service Pack 3; ESRI ArcCatalog 9.3.0.1770</envirDesc><dataLang><languageCode Sync="TRUE" value="pt"></languageCode></dataLang><idCitation><resTitle Sync="TRUE">LOGRADOUROS_ATIVO</resTitle><presForm><PresFormCd Sync="TRUE" value="005"></PresFormCd></presForm></idCitation><spatRpType><SpatRepTypCd Sync="TRUE" value="001"></SpatRepTypCd></spatRpType><dataExt><geoEle><GeoBndBox esriExtentType="native"><westBL Sync="TRUE">285666.4971</westBL><eastBL Sync="TRUE">301964.9277</eastBL><northBL Sync="TRUE">9219683.6354</northBL><southBL Sync="TRUE">9199823.4598</southBL><exTypeCode Sync="TRUE">1</exTypeCode></GeoBndBox></geoEle></dataExt><geoBox esriExtentType="decdegrees"><westBL Sync="TRUE">-34.941148</westBL><eastBL Sync="TRUE">-34.792889</eastBL><northBL Sync="TRUE">-7.055351</northBL><southBL Sync="TRUE">-7.235505</southBL><exTypeCode Sync="TRUE">1</exTypeCode></geoBox></dataIdInfo><metainfo><langmeta Sync="TRUE">pt</langmeta><metstdn Sync="TRUE">FGDC Content Standards for Digital Geospatial Metadata</metstdn><metstdv Sync="TRUE">FGDC-STD-001-1998</metstdv><mettc Sync="TRUE">local time</mettc><metc><cntinfo><cntorgp><cntper>REQUIRED: The person responsible for the metadata information.</cntper><cntorg>REQUIRED: The organization responsible for the metadata information.</cntorg></cntorgp><cntaddr><addrtype>REQUIRED: The mailing and/or physical address for the organization or individual.</addrtype><city>REQUIRED: The city of the address.</city><state>REQUIRED: The state or province of the address.</state><postal>REQUIRED: The ZIP or other postal code of the address.</postal></cntaddr><cntvoice>REQUIRED: The telephone number by which individuals can speak to the organization or individual.</cntvoice></cntinfo></metc><metd Sync="TRUE">20140318</metd><metextns><onlink Sync="TRUE">http://www.esri.com/metadata/esriprof80.html</onlink><metprof Sync="TRUE">ESRI Metadata Profile</metprof></metextns></metainfo><mdLang><languageCode Sync="TRUE" value="pt"></languageCode></mdLang><mdStanName Sync="TRUE">ISO 19115 Geographic Information - Metadata</mdStanName><mdStanVer Sync="TRUE">DIS_ESRI1.0</mdStanVer><mdChar><CharSetCd Sync="TRUE" value="004"></CharSetCd></mdChar><mdHrLv><ScopeCd Sync="TRUE" value="005"></ScopeCd></mdHrLv><mdHrLvName Sync="TRUE">dataset</mdHrLvName><distinfo><resdesc Sync="TRUE">Downloadable Data</resdesc><stdorder><digform><digtinfo><transize Sync="TRUE">2.071</transize><dssize Sync="TRUE">2.071</dssize></digtinfo></digform></stdorder></distinfo><distInfo><distributor><distorTran><onLineSrc><orDesc Sync="TRUE">002</orDesc><linkage Sync="TRUE">file://\\10.96.0.14\seplangeo\GEOPROCESSAMENTO - CARTOGRAFIA\PROJETOS SIG\CADASTRO DE LOGRADOUROS\EIXO_DE_LOGRADOURO\LOGRADOUROS\LOGRADOUROS_ATIVO</linkage><protocol Sync="TRUE">Local Area Network</protocol></onLineSrc><transSize Sync="TRUE">2.071</transSize></distorTran><distorFormat><formatName Sync="TRUE">Shapefile</formatName></distorFormat></distributor></distInfo><spdoinfo><direct Sync="TRUE">Vector</direct><ptvctinf><esriterm Name="LOGRADOUROS_ATIVO"><efeatyp Sync="TRUE">Simple</efeatyp><efeageom Sync="TRUE">Polyline</efeageom><esritopo Sync="TRUE">FALSE</esritopo><efeacnt Sync="TRUE">21788</efeacnt><spindex Sync="TRUE">FALSE</spindex><linrefer Sync="TRUE">FALSE</linrefer></esriterm><sdtsterm Name="LOGRADOUROS_ATIVO"><sdtstype Sync="TRUE">String</sdtstype><ptvctcnt Sync="TRUE">21788</ptvctcnt></sdtsterm></ptvctinf></spdoinfo><spref><horizsys><cordsysn><geogcsn Sync="TRUE">GCS_South_American_1969</geogcsn><projcsn Sync="TRUE">SAD_1969_UTM_Zone_25S</projcsn></cordsysn><planar><planci><plance Sync="TRUE">coordinate pair</plance><plandu Sync="TRUE">meters</plandu><coordrep><absres Sync="TRUE">0.000000</absres><ordres Sync="TRUE">0.000000</ordres></coordrep></planci><mapproj><mapprojn Sync="TRUE">Transverse Mercator</mapprojn><transmer><sfctrmer Sync="TRUE">0.999600</sfctrmer><longcm Sync="TRUE">-33.000000</longcm><latprjo Sync="TRUE">0.000000</latprjo><feast Sync="TRUE">500000.000000</feast><fnorth Sync="TRUE">10000000.000000</fnorth></transmer></mapproj></planar><geodetic><horizdn Sync="TRUE">D_South_American_1969</horizdn><ellips Sync="TRUE">GRS_1967_Truncated</ellips><semiaxis Sync="TRUE">6378160.000000</semiaxis><denflat Sync="TRUE">298.250000</denflat></geodetic></horizsys></spref><refSysInfo><RefSystem><refSysID><identCode Sync="TRUE">SAD_1969_UTM_Zone_25S</identCode></refSysID></RefSystem></refSysInfo><spatRepInfo><VectSpatRep><topLvl><TopoLevCd Sync="TRUE" value="001"></TopoLevCd></topLvl><geometObjs Name="LOGRADOUROS_ATIVO"><geoObjTyp><GeoObjTypCd Sync="TRUE" value="001"></GeoObjTypCd></geoObjTyp><geoObjCnt Sync="TRUE">21788</geoObjCnt></geometObjs></VectSpatRep></spatRepInfo><eainfo><detailed Name="LOGRADOUROS_ATIVO"><enttyp><enttypl Sync="TRUE">LOGRADOUROS_ATIVO</enttypl><enttypt Sync="TRUE">Feature Class</enttypt><enttypc Sync="TRUE">21788</enttypc></enttyp><attr><attrlabl Sync="TRUE">FID</attrlabl><attalias Sync="TRUE">FID</attalias><attrtype Sync="TRUE">OID</attrtype><attwidth Sync="TRUE">4</attwidth><atprecis Sync="TRUE">0</atprecis><attscale Sync="TRUE">0</attscale><attrdef Sync="TRUE">Internal feature number.</attrdef><attrdefs Sync="TRUE">ESRI</attrdefs><attrdomv><udom Sync="TRUE">Sequential unique whole numbers that are automatically generated.</udom></attrdomv></attr><attr><attrlabl Sync="TRUE">OBJECTID</attrlabl><attalias Sync="TRUE">OBJECTID</attalias><attrtype Sync="TRUE">Number</attrtype><attwidth Sync="TRUE">9</attwidth><attrdef Sync="TRUE">Internal feature number.</attrdef><attrdefs Sync="TRUE">ESRI</attrdefs><attrdomv><udom Sync="TRUE">Sequential unique whole numbers that are automatically generated.</udom></attrdomv></attr><attr><attrlabl Sync="TRUE">Shape</attrlabl><attalias Sync="TRUE">Shape</attalias><attrtype Sync="TRUE">Geometry</attrtype><attwidth Sync="TRUE">0</attwidth><atprecis Sync="TRUE">0</atprecis><attscale Sync="TRUE">0</attscale><attrdef Sync="TRUE">Feature geometry.</attrdef><attrdefs Sync="TRUE">ESRI</attrdefs><attrdomv><udom Sync="TRUE">Coordinates defining the features.</udom></attrdomv></attr><attr><attrlabl Sync="TRUE">COD_LOGR</attrlabl><attalias Sync="TRUE">COD_LOGR</attalias><attrtype Sync="TRUE">String</attrtype><attwidth Sync="TRUE">4</attwidth></attr><attr><attrlabl Sync="TRUE">NOME_LOGR</attrlabl><attalias Sync="TRUE">NOME_LOGR</attalias><attrtype Sync="TRUE">String</attrtype><attwidth Sync="TRUE">100</attwidth></attr><attr><attrlabl Sync="TRUE">TRECHO</attrlabl><attalias Sync="TRUE">TRECHO</attalias><attrtype Sync="TRUE">String</attrtype><attwidth Sync="TRUE">6</attwidth></attr><attr><attrlabl Sync="TRUE">PAVIMENTAC</attrlabl><attalias Sync="TRUE">PAVIMENTAC</attalias><attrtype Sync="TRUE">String</attrtype><attwidth Sync="TRUE">50</attwidth></attr><attr><attrlabl Sync="TRUE">Shape_Leng</attrlabl><attalias Sync="TRUE">Shape_Leng</attalias><attrtype Sync="TRUE">Float</attrtype><attwidth Sync="TRUE">19</attwidth><atnumdec Sync="TRUE">11</atnumdec></attr><attr><attrlabl Sync="TRUE">PROJETO_LE</attrlabl><attalias Sync="TRUE">PROJETO_LE</attalias><attrtype Sync="TRUE">String</attrtype><attwidth Sync="TRUE">254</attwidth></attr><attr><attrlabl Sync="TRUE">DATA_PROJE</attrlabl><attalias Sync="TRUE">DATA_PROJE</attalias><attrtype Sync="TRUE">String</attrtype><attwidth Sync="TRUE">8</attwidth></attr><attr><attrlabl Sync="TRUE">Shape_Le_1</attrlabl><attalias Sync="TRUE">Shape_Le_1</attalias><attrtype Sync="TRUE">Float</attrtype><attwidth Sync="TRUE">19</attwidth><atnumdec Sync="TRUE">11</atnumdec></attr></detailed></eainfo><mdDateSt Sync="TRUE">20140318</mdDateSt><dataqual><lineage><procstep><procdesc Sync="TRUE">Dataset copied.</procdesc><srcused Sync="TRUE"></srcused><procdate Sync="TRUE">20100127</procdate><proctime Sync="TRUE">08533800</proctime></procstep><procstep><procdesc Sync="TRUE">Dataset copied.</procdesc><srcused Sync="TRUE"></srcused><procdate Sync="TRUE">20100127</procdate><proctime Sync="TRUE">11474000</proctime></procstep><procstep><procdesc Sync="TRUE">O conjunto de dados foi copiado.</procdesc><srcused Sync="TRUE"></srcused><procdate Sync="TRUE">20100226</procdate><proctime Sync="TRUE">13123200</proctime></procstep><procstep><procdesc Sync="TRUE">O conjunto de dados foi copiado.</procdesc><srcused Sync="TRUE"></srcused><procdate Sync="TRUE">20100302</procdate><proctime Sync="TRUE">08483900</proctime></procstep><procstep><procdesc Sync="TRUE">O conjunto de dados foi copiado.</procdesc><srcused Sync="TRUE"></srcused><procdate Sync="TRUE">20100316</procdate><proctime Sync="TRUE">16123500</proctime></procstep><procstep><procdesc Sync="TRUE">Dataset copied.</procdesc><srcused Sync="TRUE"></srcused><procdate Sync="TRUE">20100528</procdate><proctime Sync="TRUE">09462500</proctime></procstep><procstep><procdesc Sync="TRUE">Dataset copied.</procdesc><srcused Sync="TRUE">\\srv009pmjp\seplangeo\GEOPROCESSAMENTO - CARTOGRAFIA\PROJETOS SIG\CADASTRO DE LOGRADOUROS\EIXO_DE_LOGRADOURO\logradouros.gdb</srcused><procdate Sync="TRUE">20120223</procdate><proctime Sync="TRUE">16032500</proctime></procstep><procstep><procdesc Sync="TRUE">Dataset copied.</procdesc><srcused Sync="TRUE">\\EST030SEPLAN\C\Documents and Settings\gjsilva\Meus documentos\LOGRADOUROS_GLAUCIENE\Eixo_logradouros.gdb</srcused><procdate Sync="TRUE">20120223</procdate><proctime Sync="TRUE">17240300</proctime></procstep><procstep><procdesc Sync="TRUE">Dataset copied.</procdesc><srcused Sync="TRUE">\\10.96.0.14\seplangeo\GEOPROCESSAMENTO - CARTOGRAFIA\PROJETOS SIG\CADASTRO DE LOGRADOUROS\EIXO_DE_LOGRADOURO\logradouros.gdb</srcused><procdate Sync="TRUE">20120402</procdate><proctime Sync="TRUE">15530500</proctime></procstep><procstep><procdesc Sync="TRUE">Dataset copied.</procdesc><srcused Sync="TRUE">\\EST39SEPLAN\C$\Documents and Settings\ecardoso\Meus documentos\logradouros.gdb</srcused><procdate Sync="TRUE">20120402</procdate><proctime Sync="TRUE">17251600</proctime></procstep><procstep><procdesc Sync="TRUE">Dataset copied.</procdesc><srcused Sync="TRUE">\\10.96.0.14\seplangeo\GEOPROCESSAMENTO - CARTOGRAFIA\PROJETOS SIG\CADASTRO DE LOGRADOUROS\EIXO_DE_LOGRADOURO\logradouros.gdb</srcused><procdate Sync="TRUE">20120409</procdate><proctime Sync="TRUE">13070500</proctime></procstep><procstep><procdesc Sync="TRUE">Dataset copied.</procdesc><srcused Sync="TRUE">\\srv009pmjp\seplangeo\GEOPROCESSAMENTO - CARTOGRAFIA\PROJETOS SIG\CADASTRO DE LOGRADOUROS\EIXO_DE_LOGRADOURO\logradouros.gdb</srcused><procdate Sync="TRUE">20120424</procdate><proctime Sync="TRUE">11172500</proctime></procstep><procstep><procdesc Sync="TRUE">Dataset copied.</procdesc><srcused Sync="TRUE">\\10.96.0.14\seplangeo\GEOPROCESSAMENTO - CARTOGRAFIA\PROJETOS SIG\CADASTRO DE LOGRADOUROS\EIXO_DE_LOGRADOURO\logradouros.gdb</srcused><procdate Sync="TRUE">20120525</procdate><proctime Sync="TRUE">14101400</proctime></procstep><procstep><procdesc Sync="TRUE">Dataset copied.</procdesc><srcused Sync="TRUE"></srcused><procdate Sync="TRUE">20120525</procdate><proctime Sync="TRUE">15522800</proctime></procstep><procstep><procdesc Sync="TRUE">Dataset copied.</procdesc><srcused Sync="TRUE">\\10.96.0.14\seplangeo\GEOPROCESSAMENTO - CARTOGRAFIA\PROJETOS SIG\CADASTRO DE LOGRADOUROS\EIXO_DE_LOGRADOURO\logradouros.gdb</srcused><procdate Sync="TRUE">20120807</procdate><proctime Sync="TRUE">12014800</proctime></procstep><procstep><procdesc Sync="TRUE">Dataset copied.</procdesc><srcused Sync="TRUE">\\EST097SEPLAN\C\Documents and Settings\gjsilva\Meus documentos\MAPAS DE APOIO\LOGRADOUROS\LOGRADOUROS.gdb</srcused><procdate Sync="TRUE">20120810</procdate><proctime Sync="TRUE">13451200</proctime></procstep><procstep><procdesc Sync="TRUE">Dataset copied.</procdesc><srcused Sync="TRUE"></srcused><procdate Sync="TRUE">20120810</procdate><proctime Sync="TRUE">16203300</proctime></procstep><procstep><procdesc Sync="TRUE">Dataset copied.</procdesc><srcused Sync="TRUE"></srcused><procdate Sync="TRUE">20120810</procdate><proctime Sync="TRUE">17461600</proctime></procstep><procstep><procdesc Sync="TRUE">Dataset copied.</procdesc><srcused Sync="TRUE"></srcused><procdate Sync="TRUE">20120813</procdate><proctime Sync="TRUE">17063000</proctime></procstep><procstep><procdesc Sync="TRUE">Dataset copied.</procdesc><srcused Sync="TRUE"></srcused><procdate Sync="TRUE">20120813</procdate><proctime Sync="TRUE">18241300</proctime></procstep><procstep><procdesc Sync="TRUE">Dataset copied.</procdesc><srcused Sync="TRUE"></srcused><procdate Sync="TRUE">20120814</procdate><proctime Sync="TRUE">14084100</proctime></procstep><procstep><procdesc Sync="TRUE">Dataset copied.</procdesc><srcused Sync="TRUE"></srcused><procdate Sync="TRUE">20120822</procdate><proctime Sync="TRUE">12473400</proctime></procstep><procstep><procdesc Sync="TRUE">Dataset copied.</procdesc><srcused Sync="TRUE"></srcused><procdate Sync="TRUE">20120822</procdate><proctime Sync="TRUE">17363800</proctime></procstep><procstep><procdesc Sync="TRUE">Dataset copied.</procdesc><srcused Sync="TRUE"></srcused><procdate Sync="TRUE">20120828</procdate><proctime Sync="TRUE">13070900</proctime></procstep><procstep><procdesc Sync="TRUE">Dataset copied.</procdesc><srcused Sync="TRUE"></srcused><procdate Sync="TRUE">20120831</procdate><proctime Sync="TRUE">10162600</proctime></procstep><procstep><procdesc Sync="TRUE">Dataset copied.</procdesc><srcused Sync="TRUE">\\10.96.0.14\seplangeo\GEOPROCESSAMENTO - CARTOGRAFIA\PROJETOS SIG\CADASTRO DE LOGRADOUROS\EIXO_DE_LOGRADOURO\LOGRADOUROS.gdb</srcused><procdate Sync="TRUE">20120910</procdate><proctime Sync="TRUE">16131600</proctime></procstep><procstep><procdesc Sync="TRUE">Dataset copied.</procdesc><srcused Sync="TRUE">\\srv009pmjp\seplangeo\GEOPROCESSAMENTO - CARTOGRAFIA\PROJETOS SIG\CADASTRO DE LOGRADOUROS\EIXO_DE_LOGRADOURO\LOGRADOUROS.gdb</srcused><procdate Sync="TRUE">20130415</procdate><proctime Sync="TRUE">12135000</proctime></procstep><procstep><procdesc Sync="TRUE">Dataset copied.</procdesc><srcused Sync="TRUE">\\10.96.0.14\seplangeo\GEOPROCESSAMENTO - CARTOGRAFIA\PROJETOS SIG\CADASTRO DE LOGRADOUROS\EIXO_DE_LOGRADOURO\LOGRADOUROS.gdb</srcused><procdate Sync="TRUE">20130417</procdate><proctime Sync="TRUE">14411800</proctime></procstep><procstep><procdesc Sync="TRUE">Dataset copied.</procdesc><srcused Sync="TRUE">\\EST097SEPLAN\C$\Documents and Settings\ecardoso\Meus documentos\LOGRADOUROS.gdb</srcused><procdate Sync="TRUE">20130418</procdate><proctime Sync="TRUE">14152900</proctime></procstep><procstep><procdesc Sync="TRUE">Dataset copied.</procdesc><srcused Sync="TRUE">\\10.96.0.14\seplangeo\GEOPROCESSAMENTO - CARTOGRAFIA\PROJETOS SIG\CADASTRO DE LOGRADOUROS\EIXO_DE_LOGRADOURO\LOGRADOUROS.gdb</srcused><procdate Sync="TRUE">20130419</procdate><proctime Sync="TRUE">12111500</proctime></procstep><procstep><procdesc Sync="TRUE">Dataset copied.</procdesc><srcused Sync="TRUE">\\EST097SEPLAN\C$\Documents and Settings\ecardoso\Meus documentos\LOGRADOUROS.gdb</srcused><procdate Sync="TRUE">20130419</procdate><proctime Sync="TRUE">17383500</proctime></procstep><procstep><procdesc Sync="TRUE">Dataset copied.</procdesc><srcused Sync="TRUE">\\10.96.0.14\seplangeo\GEOPROCESSAMENTO - CARTOGRAFIA\PROJETOS SIG\CADASTRO DE LOGRADOUROS\EIXO_DE_LOGRADOURO\LOGRADOUROS.gdb</srcused><procdate Sync="TRUE">20130422</procdate><proctime Sync="TRUE">12141900</proctime></procstep><procstep><procdesc Sync="TRUE">Dataset copied.</procdesc><srcused Sync="TRUE">\\EST097SEPLAN\C$\Documents and Settings\ecardoso\Meus documentos\LOGRADOUROS.gdb</srcused><procdate Sync="TRUE">20130423</procdate><proctime Sync="TRUE">17495800</proctime></procstep><procstep><procdesc Sync="TRUE">Dataset copied.</procdesc><srcused Sync="TRUE">\\10.96.0.14\seplangeo\GEOPROCESSAMENTO - CARTOGRAFIA\PROJETOS SIG\CADASTRO DE LOGRADOUROS\EIXO_DE_LOGRADOURO\LOGRADOUROS.gdb</srcused><procdate Sync="TRUE">20130424</procdate><proctime Sync="TRUE">13111900</proctime></procstep><procstep><procdesc Sync="TRUE">Dataset copied.</procdesc><srcused Sync="TRUE">\\EST097SEPLAN\C$\Documents and Settings\ecardoso\Meus documentos\LOGRADOUROS.gdb</srcused><procdate Sync="TRUE">20130424</procdate><proctime Sync="TRUE">17435400</proctime></procstep><procstep><procdesc Sync="TRUE">Dataset copied.</procdesc><srcused Sync="TRUE">\\10.96.0.14\seplangeo\GEOPROCESSAMENTO - CARTOGRAFIA\PROJETOS SIG\CADASTRO DE LOGRADOUROS\EIXO_DE_LOGRADOURO\LOGRADOUROS.gdb</srcused><procdate Sync="TRUE">20130425</procdate><proctime Sync="TRUE">12060000</proctime></procstep><procstep><procdesc Sync="TRUE">Dataset copied.</procdesc><srcused Sync="TRUE">\\EST097SEPLAN\C$\Documents and Settings\ecardoso\Meus documentos\LOGRADOUROS.gdb</srcused><procdate Sync="TRUE">20130527</procdate><proctime Sync="TRUE">18053000</proctime></procstep><procstep><procdesc Sync="TRUE">Dataset copied.</procdesc><srcused Sync="TRUE">\\srv009pmjp\seplangeo\GEOPROCESSAMENTO - CARTOGRAFIA\PROJETOS SIG\CADASTRO DE LOGRADOUROS\EIXO_DE_LOGRADOURO\LOGRADOUROS.gdb</srcused><procdate Sync="TRUE">20130809</procdate><proctime Sync="TRUE">14180800</proctime></procstep><procstep><procdesc Sync="TRUE">Dataset copied.</procdesc><srcused Sync="TRUE"></srcused><procdate Sync="TRUE">20130830</procdate><proctime Sync="TRUE">16264400</proctime></procstep><procstep><procdesc Sync="TRUE">Dataset copied.</procdesc><srcused Sync="TRUE">G:\GEOPROCESSAMENTO - CARTOGRAFIA\PROJETOS SIG\CADASTRO DE LOGRADOUROS\EIXO_DE_LOGRADOURO\LOGRADOUROS\LOGRADOUROS_ATIVO</srcused><procdate Sync="TRUE">20140311</procdate><proctime Sync="TRUE">13401900</proctime></procstep><procstep><procdesc Sync="TRUE">Dataset copied.</procdesc><srcused Sync="TRUE">C:\Documents and Settings\mapontes\Meus documentos\SHAPES_TEMP_LOGR\LOGRADOUROS_ATIVO</srcused><procdate Sync="TRUE">20140318</procdate><proctime Sync="TRUE">17015900</proctime></procstep><procstep><procdesc Sync="TRUE">Dataset copied.</procdesc><srcused Sync="TRUE">G:\GEOPROCESSAMENTO - CARTOGRAFIA\PROJETOS SIG\CADASTRO DE LOGRADOUROS\EIXO_DE_LOGRADOURO\LOGRADOUROS\LOGRADOUROS_ATIVO</srcused><procdate Sync="TRUE">20140416</procdate><proctime Sync="TRUE">14141400</proctime></procstep><procstep><procdesc Sync="TRUE">Dataset copied.</procdesc><srcused Sync="TRUE">C:\Documents and Settings\mapontes\Meus documentos\SHAPES_TEMP_LOGR\LOGRADOUROS_ATIVO</srcused><procdate Sync="TRUE">20140416</procdate><proctime Sync="TRUE">15000000</proctime></procstep><procstep><procdesc Sync="TRUE">Dataset copied.</procdesc><srcused Sync="TRUE">G:\GEOPROCESSAMENTO - CARTOGRAFIA\PROJETOS SIG\CADASTRO DE LOGRADOUROS\EIXO_DE_LOGRADOURO\LOGRADOUROS\LOGRADOUROS_ATIVO</srcused><procdate Sync="TRUE">20140423</procdate><proctime Sync="TRUE">15325200</proctime></procstep><procstep><procdesc Sync="TRUE">Dataset copied.</procdesc><srcused Sync="TRUE">C:\Documents and Settings\mapontes\Meus documentos\SHAPES_TEMP_LOGR\LOGRADOUROS_ATIVO</srcused><procdate Sync="TRUE">20140423</procdate><proctime Sync="TRUE">16514700</proctime></procstep><procstep><procdesc Sync="TRUE">Dataset copied.</procdesc><srcused Sync="TRUE">G:\GEOPROCESSAMENTO - CARTOGRAFIA\PROJETOS SIG\CADASTRO DE LOGRADOUROS\EIXO_DE_LOGRADOURO\LOGRADOUROS\LOGRADOUROS_ATIVO</srcused><procdate Sync="TRUE">20140528</procdate><proctime Sync="TRUE">16495700</proctime></procstep><procstep><procdesc Sync="TRUE">Dataset copied.</procdesc><srcused Sync="TRUE">C:\Documents and Settings\mapontes\Meus documentos\SHAPES_TEMP_LOGR\LOGRADOUROS_ATIVO</srcused><procdate Sync="TRUE">20140605</procdate><proctime Sync="TRUE">17074800</proctime></procstep><procstep><procdesc Sync="TRUE">Dataset copied.</procdesc><srcused Sync="TRUE">G:\GEOPROCESSAMENTO - CARTOGRAFIA\PROJETOS SIG\CADASTRO DE LOGRADOUROS\EIXO_DE_LOGRADOURO\LOGRADOUROS\LOGRADOUROS_ATIVO</srcused><procdate Sync="TRUE">20140613</procdate><proctime Sync="TRUE">15010700</proctime></procstep><procstep><procdesc Sync="TRUE">Dataset copied.</procdesc><srcused Sync="TRUE">C:\MAYARA\MARGE\LOGRADOUROS_ATIVO</srcused><procdate Sync="TRUE">20140616</procdate><proctime Sync="TRUE">14283000</proctime></procstep><procstep><procdesc Sync="TRUE">Dataset copied.</procdesc><srcused Sync="TRUE">G:\GEOPROCESSAMENTO - CARTOGRAFIA\PROJETOS SIG\CADASTRO DE LOGRADOUROS\EIXO_DE_LOGRADOURO\LOGRADOUROS\LOGRADOUROS_ATIVO</srcused><procdate Sync="TRUE">20140730</procdate><proctime Sync="TRUE">14095400</proctime></procstep><procstep><procdesc Sync="TRUE">Dataset copied.</procdesc><srcused Sync="TRUE">C:\SHAPES_TEMP_LOGR\LOGRADOUROS_ATIVO</srcused><procdate Sync="TRUE">20140801</procdate><proctime Sync="TRUE">16034300</proctime></procstep><procstep><procdesc Sync="TRUE">Dataset copied.</procdesc><srcused Sync="TRUE">G:\GEOPROCESSAMENTO - CARTOGRAFIA\PROJETOS SIG\CADASTRO DE LOGRADOUROS\EIXO_DE_LOGRADOURO\LOGRADOUROS\LOGRADOUROS_ATIVO</srcused><procdate Sync="TRUE">20140912</procdate><proctime Sync="TRUE">16341300</proctime></procstep><procstep><procdesc Sync="TRUE">Dataset copied.</procdesc><srcused Sync="TRUE">C:\SHAPES_TEMP_LOGR\LOGRADOUROS_ATIVO</srcused><procdate Sync="TRUE">20140915</procdate><proctime Sync="TRUE">13541300</proctime></procstep></lineage></dataqual></metadata>
